[
  {
    "timestamp_utc": "2024-05-28T18:59:41.239Z",
    "context_time": 1716922781239,
    "message_displayed_hero_type": "dynamicFreeHero",
    "message_market": "in-en"
  },
  {
    "timestamp_utc": "2024-05-28T18:59:29.700Z",
    "context_time": 1716922769700,
    "message_displayed_hero_type": "dynamicFreeHero",
    "message_market": "in-en"
  },
  {
    "timestamp_utc": "2024-04-18T06:05:26.066Z",
    "context_time": 1713420326066,
    "message_displayed_hero_type": "dynamicFreeHero",
    "message_market": "in-en"
  },
  {
    "timestamp_utc": "2024-06-04T23:21:50.377Z",
    "context_time": 1717543310377,
    "message_displayed_hero_type": "dynamicFreeHero",
    "message_market": "in-en"
  },
  {
    "timestamp_utc": "2024-04-20T08:55:29.101Z",
    "context_time": 1713603329101,
    "message_displayed_hero_type": "dynamicFreeHero",
    "message_market": "in-en"
  },
  {
    "timestamp_utc": "2024-06-04T23:20:16.305Z",
    "context_time": 1717543216305,
    "message_displayed_hero_type": "dynamicFreeHero",
    "message_market": "in-en"
  },
  {
    "timestamp_utc": "2024-03-21T19:08:55.278Z",
    "context_time": 1711048135278,
    "message_displayed_hero_type": "dynamicFreeHero",
    "message_market": "in-en"
  }
]