[
  {
    "timestamp_utc": "2024-04-20T08:55:28.091Z",
    "context_application_version": "1.0.0.1",
    "context_conn_country": "IN",
    "context_receiver_service_timestamp": 1713603331532,
    "context_time": 1713603328091,
    "context_user_agent": "Mozilla/5.0 (Windows NT 10.0; Win64; x64) AppleWebKit/537.36 (KHTML, like Gecko) Chrome/124.0.0.0 Safari/537.36",
    "message_action": "sam-promotion-widget|account_hero_view",
    "message_button_url": null,
    "message_country": "in-en",
    "message_locale": "en"
  },
  {
    "timestamp_utc": "2024-05-28T18:59:30.245Z",
    "context_application_version": "1.0.0.1",
    "context_conn_country": "IN",
    "context_receiver_service_timestamp": 1716922771301,
    "context_time": 1716922770245,
    "context_user_agent": "Mozilla/5.0 (Windows NT 10.0; Win64; x64) AppleWebKit/537.36 (KHTML, like Gecko) Chrome/125.0.0.0 Safari/537.36",
    "message_action": "sam-shortcut-widget|account_hero_view",
    "message_button_url": null,
    "message_country": "in-en",
    "message_locale": "en"
  },
  {
    "timestamp_utc": "2024-04-18T06:05:26.992Z",
    "context_application_version": "1.0.0.1",
    "context_conn_country": "IN",
    "context_receiver_service_timestamp": 1713420328555,
    "context_time": 1713420326992,
    "context_user_agent": "Mozilla/5.0 (Windows NT 10.0; Win64; x64) AppleWebKit/537.36 (KHTML, like Gecko) Chrome/124.0.0.0 Safari/537.36",
    "message_action": "sam-promotion-widget|account_hero_view",
    "message_button_url": null,
    "message_country": "in-en",
    "message_locale": "en"
  },
  {
    "timestamp_utc": "2024-04-18T06:05:26.341Z",
    "context_application_version": "1.0.0.1",
    "context_conn_country": "IN",
    "context_receiver_service_timestamp": 1713420328095,
    "context_time": 1713420326341,
    "context_user_agent": "Mozilla/5.0 (Windows NT 10.0; Win64; x64) AppleWebKit/537.36 (KHTML, like Gecko) Chrome/124.0.0.0 Safari/537.36",
    "message_action": "sam-promotion-widget|account_hero_view",
    "message_button_url": null,
    "message_country": "in-en",
    "message_locale": "en"
  },
  {
    "timestamp_utc": "2024-06-04T23:20:16.682Z",
    "context_application_version": "1.0.0.1",
    "context_conn_country": "IN",
    "context_receiver_service_timestamp": 1717543217421,
    "context_time": 1717543216682,
    "context_user_agent": "Mozilla/5.0 (Windows NT 10.0; Win64; x64) AppleWebKit/537.36 (KHTML, like Gecko) Chrome/125.0.0.0 Safari/537.36",
    "message_action": "sam-shortcut-widget|account_hero_view",
    "message_button_url": null,
    "message_country": "in-en",
    "message_locale": "en"
  },
  {
    "timestamp_utc": "2024-06-04T23:21:50.309Z",
    "context_application_version": "1.0.0.1",
    "context_conn_country": "IN",
    "context_receiver_service_timestamp": 1717543311021,
    "context_time": 1717543310309,
    "context_user_agent": "Mozilla/5.0 (Windows NT 10.0; Win64; x64) AppleWebKit/537.36 (KHTML, like Gecko) Chrome/125.0.0.0 Safari/537.36",
    "message_action": "sam-shortcut-widget|account_hero_view",
    "message_button_url": null,
    "message_country": "in-en",
    "message_locale": "en"
  },
  {
    "timestamp_utc": "2024-05-28T18:59:30.409Z",
    "context_application_version": "1.0.0.1",
    "context_conn_country": "IN",
    "context_receiver_service_timestamp": 1716922771301,
    "context_time": 1716922770409,
    "context_user_agent": "Mozilla/5.0 (Windows NT 10.0; Win64; x64) AppleWebKit/537.36 (KHTML, like Gecko) Chrome/125.0.0.0 Safari/537.36",
    "message_action": "sam-shortcut-widget|account_hero_view",
    "message_button_url": null,
    "message_country": "in-en",
    "message_locale": "en"
  },
  {
    "timestamp_utc": "2024-06-04T23:20:16.847Z",
    "context_application_version": "1.0.0.1",
    "context_conn_country": "IN",
    "context_receiver_service_timestamp": 1717543217421,
    "context_time": 1717543216847,
    "context_user_agent": "Mozilla/5.0 (Windows NT 10.0; Win64; x64) AppleWebKit/537.36 (KHTML, like Gecko) Chrome/125.0.0.0 Safari/537.36",
    "message_action": "sam-shortcut-widget|account_hero_view",
    "message_button_url": null,
    "message_country": "in-en",
    "message_locale": "en"
  },
  {
    "timestamp_utc": "2024-06-04T23:21:50.280Z",
    "context_application_version": "1.0.0.1",
    "context_conn_country": "IN",
    "context_receiver_service_timestamp": 1717543311021,
    "context_time": 1717543310280,
    "context_user_agent": "Mozilla/5.0 (Windows NT 10.0; Win64; x64) AppleWebKit/537.36 (KHTML, like Gecko) Chrome/125.0.0.0 Safari/537.36",
    "message_action": "sam-shortcut-widget|account_hero_view",
    "message_button_url": null,
    "message_country": "in-en",
    "message_locale": "en"
  },
  {
    "timestamp_utc": "2024-04-20T08:55:29.029Z",
    "context_application_version": "1.0.0.1",
    "context_conn_country": "IN",
    "context_receiver_service_timestamp": 1713603332137,
    "context_time": 1713603329029,
    "context_user_agent": "Mozilla/5.0 (Windows NT 10.0; Win64; x64) AppleWebKit/537.36 (KHTML, like Gecko) Chrome/124.0.0.0 Safari/537.36",
    "message_action": "sam-promotion-widget|account_hero_view",
    "message_button_url": null,
    "message_country": "in-en",
    "message_locale": "en"
  },
  {
    "timestamp_utc": "2024-05-28T18:59:40.959Z",
    "context_application_version": "1.0.0.1",
    "context_conn_country": "IN",
    "context_receiver_service_timestamp": 1716922781777,
    "context_time": 1716922780959,
    "context_user_agent": "Mozilla/5.0 (Windows NT 10.0; Win64; x64) AppleWebKit/537.36 (KHTML, like Gecko) Chrome/125.0.0.0 Safari/537.36",
    "message_action": "sam-shortcut-widget|account_hero_view",
    "message_button_url": null,
    "message_country": "in-en",
    "message_locale": "en"
  },
  {
    "timestamp_utc": "2024-05-28T18:59:41.128Z",
    "context_application_version": "1.0.0.1",
    "context_conn_country": "IN",
    "context_receiver_service_timestamp": 1716922781988,
    "context_time": 1716922781128,
    "context_user_agent": "Mozilla/5.0 (Windows NT 10.0; Win64; x64) AppleWebKit/537.36 (KHTML, like Gecko) Chrome/125.0.0.0 Safari/537.36",
    "message_action": "sam-shortcut-widget|account_hero_view",
    "message_button_url": null,
    "message_country": "in-en",
    "message_locale": "en"
  },
  {
    "timestamp_utc": "2024-03-21T19:08:58.140Z",
    "context_application_version": "1.0.0.1",
    "context_conn_country": "IN",
    "context_receiver_service_timestamp": 1711048140530,
    "context_time": 1711048138140,
    "context_user_agent": "Mozilla/5.0 (Windows NT 10.0; Win64; x64) AppleWebKit/537.36 (KHTML, like Gecko) Chrome/123.0.0.0 Safari/537.36",
    "message_action": "sam-promotion-widget|account_hero_view",
    "message_button_url": null,
    "message_country": "in-en",
    "message_locale": "en"
  },
  {
    "timestamp_utc": "2024-03-21T19:08:58.711Z",
    "context_application_version": "1.0.0.1",
    "context_conn_country": "IN",
    "context_receiver_service_timestamp": 1711048140530,
    "context_time": 1711048138711,
    "context_user_agent": "Mozilla/5.0 (Windows NT 10.0; Win64; x64) AppleWebKit/537.36 (KHTML, like Gecko) Chrome/123.0.0.0 Safari/537.36",
    "message_action": "sam-promotion-widget|account_hero_view",
    "message_button_url": null,
    "message_country": "in-en",
    "message_locale": "en"
  }
]