[
  {
    "message_ip_address": null,
    "message_message": null,
    "timestamp_utc": "2024-02-28T16:32:46.570Z",
    "context_time": 1709137966570,
    "message_action": "RESET_PASSWORD",
    "message_issuer_type": "SYSTEM",
    "message_reason": "UNKNOWN_REASON",
    "message_status": "SUCCESSFUL",
    "message_timestamp": "2024-02-28T16:32:46.541Z"
  },
  {
    "message_ip_address": null,
    "message_message": null,
    "timestamp_utc": "2024-02-28T16:32:46.202Z",
    "context_time": 1709137966202,
    "message_action": "RESET_PASSWORD",
    "message_issuer_type": "SYSTEM",
    "message_reason": "UNKNOWN_REASON",
    "message_status": "REQUESTED",
    "message_timestamp": "2024-02-28T16:32:46.171Z"
  }
]