[
  {
    "timestamp_utc": "2024-04-06T13:55:53.707Z",
    "context_time": 1712411753707,
    "message_client_platform": null,
    "message_item_uri": "spotify:track:3iFYJMrRS0fLrwDNVbqNF0",
    "message_item_uri_kind": "track",
    "message_playlist_uri": "spotify:playlist:6vOijrXAoPEGwAvuK131a1"
  },
  {
    "timestamp_utc": "2024-03-12T20:52:59.884Z",
    "context_time": 1710276779884,
    "message_client_platform": 6,
    "message_item_uri": "spotify:track:2qxmye6gAegTMjLKEBoR3d",
    "message_item_uri_kind": "track",
    "message_playlist_uri": "spotify:playlist:0mcYYK6fR9F1JMFUpJy61z"
  },
  {
    "timestamp_utc": "2024-04-06T13:55:53.707Z",
    "context_time": 1712411753707,
    "message_client_platform": null,
    "message_item_uri": "spotify:track:3uhqySLMGF2dV5UVHvjpPP",
    "message_item_uri_kind": "track",
    "message_playlist_uri": "spotify:playlist:6vOijrXAoPEGwAvuK131a1"
  },
  {
    "timestamp_utc": "2024-04-06T13:55:53.707Z",
    "context_time": 1712411753707,
    "message_client_platform": null,
    "message_item_uri": "spotify:track:6CYtjAHaY3lznJRMJCCPTC",
    "message_item_uri_kind": "track",
    "message_playlist_uri": "spotify:playlist:6vOijrXAoPEGwAvuK131a1"
  },
  {
    "timestamp_utc": "2024-03-12T20:53:10.740Z",
    "context_time": 1710276790740,
    "message_client_platform": 6,
    "message_item_uri": "spotify:track:6Qn5zhYkTa37e91HC1D7lb",
    "message_item_uri_kind": "track",
    "message_playlist_uri": "spotify:playlist:0mcYYK6fR9F1JMFUpJy61z"
  },
  {
    "timestamp_utc": "2024-04-06T13:55:53.707Z",
    "context_time": 1712411753707,
    "message_client_platform": null,
    "message_item_uri": "spotify:track:2lX53kXvYnvpV8Vqfe4S7s",
    "message_item_uri_kind": "track",
    "message_playlist_uri": "spotify:playlist:6vOijrXAoPEGwAvuK131a1"
  },
  {
    "timestamp_utc": "2024-04-06T13:55:53.707Z",
    "context_time": 1712411753707,
    "message_client_platform": null,
    "message_item_uri": "spotify:track:3zSSCPpLZ5Oc8nelhhGjKz",
    "message_item_uri_kind": "track",
    "message_playlist_uri": "spotify:playlist:6vOijrXAoPEGwAvuK131a1"
  },
  {
    "timestamp_utc": "2024-03-12T20:58:27.747Z",
    "context_time": 1710277107747,
    "message_client_platform": 6,
    "message_item_uri": "spotify:track:7wMq5n8mYSKlQIGECKUgTX",
    "message_item_uri_kind": "track",
    "message_playlist_uri": "spotify:playlist:0mcYYK6fR9F1JMFUpJy61z"
  },
  {
    "timestamp_utc": "2024-04-06T13:55:53.707Z",
    "context_time": 1712411753707,
    "message_client_platform": null,
    "message_item_uri": "spotify:track:72XwYPuAuPunx0SFi9DBOH",
    "message_item_uri_kind": "track",
    "message_playlist_uri": "spotify:playlist:6vOijrXAoPEGwAvuK131a1"
  },
  {
    "timestamp_utc": "2024-04-06T13:55:53.707Z",
    "context_time": 1712411753707,
    "message_client_platform": null,
    "message_item_uri": "spotify:track:7fY8qVujvm5lZBrt5Y1sIJ",
    "message_item_uri_kind": "track",
    "message_playlist_uri": "spotify:playlist:6vOijrXAoPEGwAvuK131a1"
  },
  {
    "timestamp_utc": "2024-04-06T13:55:53.707Z",
    "context_time": 1712411753707,
    "message_client_platform": null,
    "message_item_uri": "spotify:track:330joCgJHJGHFLOgJCvNEM",
    "message_item_uri_kind": "track",
    "message_playlist_uri": "spotify:playlist:6vOijrXAoPEGwAvuK131a1"
  },
  {
    "timestamp_utc": "2024-04-06T13:55:53.707Z",
    "context_time": 1712411753707,
    "message_client_platform": null,
    "message_item_uri": "spotify:track:2mrO05VnrPkQg4PTixL91Y",
    "message_item_uri_kind": "track",
    "message_playlist_uri": "spotify:playlist:6vOijrXAoPEGwAvuK131a1"
  },
  {
    "timestamp_utc": "2024-04-06T13:55:53.707Z",
    "context_time": 1712411753707,
    "message_client_platform": null,
    "message_item_uri": "spotify:track:1RdrAqXa2fUj2XytsKaUwl",
    "message_item_uri_kind": "track",
    "message_playlist_uri": "spotify:playlist:6vOijrXAoPEGwAvuK131a1"
  }
]