[
  {
    "timestamp_utc": "2024-06-01T06:27:06.944Z",
    "context_time": 1717223226944,
    "message_item_uri": "spotify:track:5p6Fx7EGe2zi49J8X8jR9s",
    "message_set": "collection"
  },
  {
    "timestamp_utc": "2024-03-20T18:07:20.828Z",
    "context_time": 1710958040828,
    "message_item_uri": "spotify:episode:775rGjx2XylHvGwcuMrM6s",
    "message_set": "listenlater"
  },
  {
    "timestamp_utc": "2024-05-01T13:35:20.153Z",
    "context_time": 1714570520153,
    "message_item_uri": "spotify:track:33YTaLQXA6q4Vc7eba2mWu",
    "message_set": "collection"
  },
  {
    "timestamp_utc": "2024-05-28T23:35:31.063Z",
    "context_time": 1716939331063,
    "message_item_uri": "spotify:track:3zSSCPpLZ5Oc8nelhhGjKz",
    "message_set": "collection"
  },
  {
    "timestamp_utc": "2024-02-29T21:15:16.391Z",
    "context_time": 1709241316391,
    "message_item_uri": "spotify:episode:54NVnX9cxvJYbQAoiVxd5o",
    "message_set": "listenlater"
  },
  {
    "timestamp_utc": "2024-02-09T21:05:12.041Z",
    "context_time": 1707512712041,
    "message_item_uri": "spotify:track:6VBhH7CyP56BXjp8VsDFPZ",
    "message_set": "collection"
  },
  {
    "timestamp_utc": "2024-06-05T12:30:48.613Z",
    "context_time": 1717590648613,
    "message_item_uri": "spotify:track:1RdrAqXa2fUj2XytsKaUwl",
    "message_set": "collection"
  },
  {
    "timestamp_utc": "2024-03-25T07:14:33.192Z",
    "context_time": 1711350873192,
    "message_item_uri": "spotify:track:2Pas1bpuA8riVr0BOTCpJx",
    "message_set": "collection"
  }
]