[
  {
    "message_playlist_uri": "spotify:playlist:0mcYYK6fR9F1JMFUpJy61z",
    "message_source_context_uri": "spotify:playlist:0mcYYK6fR9F1JMFUpJy61z:recommended",
    "message_source_view_uri": "spotify:playlist:0mcYYK6fR9F1JMFUpJy61z",
    "timestamp_utc": "2024-03-12T20:52:58.368Z",
    "context_application_version": "8.7.20.1261",
    "context_conn_country": "IN",
    "context_device_manufacturer": "realme",
    "context_device_model": "RMX3392",
    "context_device_type": "mobile",
    "context_os_name": "android",
    "context_os_version": "13",
    "context_receiver_service_timestamp": 1710276783457,
    "context_time": 1710276778368,
    "message_item_uris": [
      "spotify:track:2qxmye6gAegTMjLKEBoR3d"
    ],
    "message_new_playlist": false
  },
  {
    "message_playlist_uri": "spotify:playlist:0mcYYK6fR9F1JMFUpJy61z",
    "message_source_context_uri": "spotify:playlist:0mcYYK6fR9F1JMFUpJy61z:recommended",
    "message_source_view_uri": "spotify:playlist:0mcYYK6fR9F1JMFUpJy61z",
    "timestamp_utc": "2024-03-12T20:58:26.549Z",
    "context_application_version": "8.7.20.1261",
    "context_conn_country": "IN",
    "context_device_manufacturer": "realme",
    "context_device_model": "RMX3392",
    "context_device_type": "mobile",
    "context_os_name": "android",
    "context_os_version": "13",
    "context_receiver_service_timestamp": 1710277107831,
    "context_time": 1710277106549,
    "message_item_uris": [
      "spotify:track:7wMq5n8mYSKlQIGECKUgTX"
    ],
    "message_new_playlist": false
  },
  {
    "message_playlist_uri": "spotify:playlist:0mcYYK6fR9F1JMFUpJy61z",
    "message_source_context_uri": "spotify:playlist:0mcYYK6fR9F1JMFUpJy61z:recommended",
    "message_source_view_uri": "spotify:playlist:0mcYYK6fR9F1JMFUpJy61z",
    "timestamp_utc": "2024-03-12T20:53:09.523Z",
    "context_application_version": "8.7.20.1261",
    "context_conn_country": "IN",
    "context_device_manufacturer": "realme",
    "context_device_model": "RMX3392",
    "context_device_type": "mobile",
    "context_os_name": "android",
    "context_os_version": "13",
    "context_receiver_service_timestamp": 1710276808412,
    "context_time": 1710276789523,
    "message_item_uris": [
      "spotify:track:6Qn5zhYkTa37e91HC1D7lb"
    ],
    "message_new_playlist": false
  },
  {
    "message_playlist_uri": "spotify:playlist:0mcYYK6fR9F1JMFUpJy61z",
    "message_source_context_uri": "spotify:playlist:0mcYYK6fR9F1JMFUpJy61z:recommended",
    "message_source_view_uri": "spotify:playlist:0mcYYK6fR9F1JMFUpJy61z",
    "timestamp_utc": "2024-03-12T21:03:03.558Z",
    "context_application_version": "8.7.20.1261",
    "context_conn_country": "IN",
    "context_device_manufacturer": "realme",
    "context_device_model": "RMX3392",
    "context_device_type": "mobile",
    "context_os_name": "android",
    "context_os_version": "13",
    "context_receiver_service_timestamp": 1710277407779,
    "context_time": 1710277383558,
    "message_item_uris": [
      "spotify:track:2RSHsoi04658QL5xgQVov3"
    ],
    "message_new_playlist": false
  }
]