[
  {
    "message_device_id": "922F6A6B2577B927A3A0DFDF922DEB",
    "message_ip_address": "104.164.183.39",
    "timestamp_utc": "2024-04-08T23:43:10.973Z",
    "context_time": 1712619790973,
    "message_brand": "",
    "message_client_id": "",
    "message_language": "",
    "message_platform": "win32-x86",
    "message_platform_version": "117300517",
    "message_system_info": "Spotify ?.?.?; Windows 10"
  },
  {
    "message_device_id": "6464971D49EAAE86D6410D355DD112",
    "message_ip_address": "192.186.168.74",
    "timestamp_utc": "2024-05-09T05:23:52.430Z",
    "context_time": 1715232232430,
    "message_brand": "",
    "message_client_id": "",
    "message_language": "",
    "message_platform": "win32-x86",
    "message_platform_version": "117300517",
    "message_system_info": "Spotify ?.?.?; Windows 10"
  },
  {
    "message_device_id": "50B8DDB9DA823560AFA47D14DD831E",
    "message_ip_address": "147.78.226.27",
    "timestamp_utc": "2024-05-18T21:51:12.573Z",
    "context_time": 1716069072573,
    "message_brand": "",
    "message_client_id": "",
    "message_language": "",
    "message_platform": "win32-x86",
    "message_platform_version": "117300517",
    "message_system_info": "Spotify ?.?.?; Windows 10"
  },
  {
    "message_device_id": "6A10044BD076C7C53F645749D3C236",
    "message_ip_address": "185.161.253.99",
    "timestamp_utc": "2024-05-18T19:04:05.930Z",
    "context_time": 1716059045930,
    "message_brand": "",
    "message_client_id": "",
    "message_language": "",
    "message_platform": "win32-x86",
    "message_platform_version": "117300517",
    "message_system_info": "Spotify ?.?.?; Windows 10"
  },
  {
    "message_device_id": "117CF4343473EA957268AA60FD82C8",
    "message_ip_address": "31.6.52.64",
    "timestamp_utc": "2024-05-19T14:42:55.421Z",
    "context_time": 1716129775421,
    "message_brand": "",
    "message_client_id": "",
    "message_language": "",
    "message_platform": "win32-x86",
    "message_platform_version": "117300517",
    "message_system_info": "Spotify ?.?.?; Windows 10"
  },
  {
    "message_device_id": "2EF592118877BFB9A9D24FC18BEE1E",
    "message_ip_address": "156.239.50.100",
    "timestamp_utc": "2024-05-17T18:28:39.336Z",
    "context_time": 1715970519336,
    "message_brand": "",
    "message_client_id": "",
    "message_language": "",
    "message_platform": "win32-x86",
    "message_platform_version": "117300517",
    "message_system_info": "Spotify ?.?.?; Windows 10"
  },
  {
    "message_device_id": "7D2672A512385C7B61E18B98DDC414",
    "message_ip_address": "91.212.123.74",
    "timestamp_utc": "2024-05-13T10:05:35.743Z",
    "context_time": 1715594735743,
    "message_brand": "",
    "message_client_id": "",
    "message_language": "",
    "message_platform": "win32-x86",
    "message_platform_version": "117300517",
    "message_system_info": "Spotify ?.?.?; Windows 10"
  },
  {
    "message_device_id": "CB14572938A562635D1494E9FD6CEE",
    "message_ip_address": "156.239.38.166",
    "timestamp_utc": "2024-05-17T18:26:18.183Z",
    "context_time": 1715970378183,
    "message_brand": "",
    "message_client_id": "",
    "message_language": "",
    "message_platform": "win32-x86",
    "message_platform_version": "117300517",
    "message_system_info": "Spotify ?.?.?; Windows 10"
  },
  {
    "message_device_id": "F602D3FBA5758CBFB2946316364CD6",
    "message_ip_address": "109.123.246.24",
    "timestamp_utc": "2024-03-20T14:08:23.174Z",
    "context_time": 1710943703174,
    "message_brand": "",
    "message_client_id": "",
    "message_language": "",
    "message_platform": "win32-x86",
    "message_platform_version": "112800721",
    "message_system_info": "Spotif< ?.?.?; Windows 10"
  },
  {
    "message_device_id": "2CA0FCA7011FDEF375F64D24034828",
    "message_ip_address": "141.11.220.18",
    "timestamp_utc": "2024-04-25T22:49:32.680Z",
    "context_time": 1714085372680,
    "message_brand": "",
    "message_client_id": "",
    "message_language": "",
    "message_platform": "win32-x86",
    "message_platform_version": "117300517",
    "message_system_info": "Spotify ?.?.?; Windows 10"
  }
]