[
  {
    "timestamp_utc": "2024-03-21T19:10:05.475Z",
    "context_time": 1711048205475,
    "message_client_id": "31a0b2b20718446799a0f6adef1f2892",
    "message_redirect_uri": "https://support.spotify.com",
    "message_scope": "user-read-email,user-read-private,user-close-account"
  },
  {
    "timestamp_utc": "2024-03-21T19:10:05.539Z",
    "context_time": 1711048205539,
    "message_client_id": "31a0b2b20718446799a0f6adef1f2892",
    "message_redirect_uri": "https://support.spotify.com",
    "message_scope": "user-read-email,user-read-private,user-close-account"
  },
  {
    "timestamp_utc": "2024-03-21T19:10:05.509Z",
    "context_time": 1711048205509,
    "message_client_id": "31a0b2b20718446799a0f6adef1f2892",
    "message_redirect_uri": "https://support.spotify.com",
    "message_scope": "user-read-email,user-read-private,user-close-account"
  },
  {
    "timestamp_utc": "2024-03-21T19:10:05.496Z",
    "context_time": 1711048205496,
    "message_client_id": "31a0b2b20718446799a0f6adef1f2892",
    "message_redirect_uri": "https://support.spotify.com",
    "message_scope": "user-read-email,user-read-private,user-close-account"
  },
  {
    "timestamp_utc": "2024-04-06T13:54:53.755Z",
    "context_time": 1712411693755,
    "message_client_id": "cfe923b2d660439caf2b557b21f31221",
    "message_redirect_uri": "https://developer.spotify.com",
    "message_scope": "email,openid,profile,user-self-provisioning,playlist-modify-private,playlist-modify-public,playlist-read-collaborative,playlist-read-private,ugc-image-upload,user-follow-modify,user-follow-read,user-library-modify,user-library-read,user-modify-playback-state,user-read-currently-playing,user-read-email,user-read-playback-position,user-read-playback-state,user-read-private,user-read-recently-played,user-top-read"
  },
  {
    "timestamp_utc": "2024-04-06T13:55:11.235Z",
    "context_time": 1712411711235,
    "message_client_id": "cfe923b2d660439caf2b557b21f31221",
    "message_redirect_uri": "https://developer.spotify.com",
    "message_scope": "openid,user-top-read,playlist-modify-public,playlist-modify-private,playlist-read-private,playlist-read-collaborative"
  },
  {
    "timestamp_utc": "2024-04-06T13:54:53.749Z",
    "context_time": 1712411693749,
    "message_client_id": "cfe923b2d660439caf2b557b21f31221",
    "message_redirect_uri": "https://developer.spotify.com",
    "message_scope": "openid,user-top-read,playlist-modify-public,playlist-modify-private,playlist-read-private,playlist-read-collaborative"
  },
  {
    "timestamp_utc": "2024-04-06T13:55:09.550Z",
    "context_time": 1712411709550,
    "message_client_id": "cfe923b2d660439caf2b557b21f31221",
    "message_redirect_uri": "https://developer.spotify.com",
    "message_scope": "email,openid,profile,user-self-provisioning,playlist-modify-private,playlist-modify-public,playlist-read-collaborative,playlist-read-private,ugc-image-upload,user-follow-modify,user-follow-read,user-library-modify,user-library-read,user-modify-playback-state,user-read-currently-playing,user-read-email,user-read-playback-position,user-read-playback-state,user-read-private,user-read-recently-played,user-top-read"
  },
  {
    "timestamp_utc": "2024-04-06T13:55:10.241Z",
    "context_time": 1712411710241,
    "message_client_id": "cfe923b2d660439caf2b557b21f31221",
    "message_redirect_uri": "https://developer.spotify.com",
    "message_scope": "openid,user-top-read,playlist-modify-public,playlist-modify-private,playlist-read-private,playlist-read-collaborative"
  }
]