[
  {
    "message_device_id": null,
    "timestamp_utc": "2024-03-21T19:13:33.308Z",
    "context_time": 1711048413308,
    "message_client_id": "65b708073fc0480ea92a077233ca87bd",
    "message_event_id": "b5c1b957-cf54-4099-91a3-80f6c1b85c5b",
    "message_redirect_uri": "http://127.0.0.1:4381/login",
    "message_scope": "app-remote-control,playlist-modify,playlist-modify-private,playlist-modify-public,playlist-read,playlist-read-collaborative,playlist-read-private,streaming,ugc-image-upload,user-follow-modify,user-follow-read,user-library-modify,user-library-read,user-modify,user-modify-playback-state,user-modify-private,user-personalized,user-read-birthdate,user-read-currently-playing,user-read-email,user-read-play-history,user-read-playback-position,user-read-playback-state,user-read-private,user-read-recently-played,user-top-read"
  },
  {
    "message_device_id": null,
    "timestamp_utc": "2024-03-21T19:10:04.704Z",
    "context_time": 1711048204704,
    "message_client_id": "31a0b2b20718446799a0f6adef1f2892",
    "message_event_id": "38c029df-dbd1-4412-8c85-b7452a845688",
    "message_redirect_uri": "https://support.spotify.com",
    "message_scope": "user-read-email,user-read-private,user-close-account"
  },
  {
    "message_device_id": null,
    "timestamp_utc": "2024-04-06T13:55:09.680Z",
    "context_time": 1712411709680,
    "message_client_id": "cfe923b2d660439caf2b557b21f31221",
    "message_event_id": "013aae68-a17a-4cfc-b44c-38de377db6f3",
    "message_redirect_uri": "https://developer.spotify.com",
    "message_scope": "openid,user-top-read,playlist-modify-public,playlist-modify-private,playlist-read-private,playlist-read-collaborative"
  },
  {
    "message_device_id": null,
    "timestamp_utc": "2024-03-21T19:10:04.701Z",
    "context_time": 1711048204701,
    "message_client_id": "31a0b2b20718446799a0f6adef1f2892",
    "message_event_id": "90291ec7-f92f-4601-a3ab-0503477992a5",
    "message_redirect_uri": "https://support.spotify.com",
    "message_scope": "user-read-email,user-read-private,user-close-account"
  },
  {
    "message_device_id": null,
    "timestamp_utc": "2024-03-21T19:13:57.781Z",
    "context_time": 1711048437781,
    "message_client_id": "65b708073fc0480ea92a077233ca87bd",
    "message_event_id": "3d17f1b3-bf51-4449-9e55-d5b7b36a6905",
    "message_redirect_uri": "http://127.0.0.1:4381/login",
    "message_scope": "app-remote-control,playlist-modify,playlist-modify-private,playlist-modify-public,playlist-read,playlist-read-collaborative,playlist-read-private,streaming,ugc-image-upload,user-follow-modify,user-follow-read,user-library-modify,user-library-read,user-modify,user-modify-playback-state,user-modify-private,user-personalized,user-read-birthdate,user-read-currently-playing,user-read-email,user-read-play-history,user-read-playback-position,user-read-playback-state,user-read-private,user-read-recently-played,user-top-read"
  },
  {
    "message_device_id": null,
    "timestamp_utc": "2024-03-21T19:10:04.728Z",
    "context_time": 1711048204728,
    "message_client_id": "31a0b2b20718446799a0f6adef1f2892",
    "message_event_id": "04f0d1a6-9069-4e87-a705-8625494434a5",
    "message_redirect_uri": "https://support.spotify.com",
    "message_scope": "user-read-email,user-read-private,user-close-account"
  },
  {
    "message_device_id": null,
    "timestamp_utc": "2024-03-21T19:15:02.017Z",
    "context_time": 1711048502017,
    "message_client_id": "65b708073fc0480ea92a077233ca87bd",
    "message_event_id": "c95ac3bd-a95e-4fa8-9dbf-3d8f83f6823f",
    "message_redirect_uri": "http://127.0.0.1:4381/login",
    "message_scope": "app-remote-control,playlist-modify,playlist-modify-private,playlist-modify-public,playlist-read,playlist-read-collaborative,playlist-read-private,streaming,ugc-image-upload,user-follow-modify,user-follow-read,user-library-modify,user-library-read,user-modify,user-modify-playback-state,user-modify-private,user-personalized,user-read-birthdate,user-read-currently-playing,user-read-email,user-read-play-history,user-read-playback-position,user-read-playback-state,user-read-private,user-read-recently-played,user-top-read"
  },
  {
    "message_device_id": null,
    "timestamp_utc": "2024-04-06T13:54:53.187Z",
    "context_time": 1712411693187,
    "message_client_id": "cfe923b2d660439caf2b557b21f31221",
    "message_event_id": "833f8b61-3fc7-44ab-ad38-d05595f7b832",
    "message_redirect_uri": "https://developer.spotify.com",
    "message_scope": "openid,user-top-read,playlist-modify-public,playlist-modify-private,playlist-read-private,playlist-read-collaborative"
  },
  {
    "message_device_id": null,
    "timestamp_utc": "2024-04-06T13:54:52.993Z",
    "context_time": 1712411692993,
    "message_client_id": "cfe923b2d660439caf2b557b21f31221",
    "message_event_id": "c4073201-4158-428e-ad80-6827d3282dab",
    "message_redirect_uri": "https://developer.spotify.com",
    "message_scope": "email,openid,profile,user-self-provisioning,playlist-modify-private,playlist-modify-public,playlist-read-collaborative,playlist-read-private,ugc-image-upload,user-follow-modify,user-follow-read,user-library-modify,user-library-read,user-modify-playback-state,user-read-currently-playing,user-read-email,user-read-playback-position,user-read-playback-state,user-read-private,user-read-recently-played,user-top-read"
  },
  {
    "message_device_id": null,
    "timestamp_utc": "2024-04-06T13:55:09.172Z",
    "context_time": 1712411709172,
    "message_client_id": "cfe923b2d660439caf2b557b21f31221",
    "message_event_id": "fbb7fe7a-c74a-423b-8454-f029b9e2f1ec",
    "message_redirect_uri": "https://developer.spotify.com",
    "message_scope": "email,openid,profile,user-self-provisioning,playlist-modify-private,playlist-modify-public,playlist-read-collaborative,playlist-read-private,ugc-image-upload,user-follow-modify,user-follow-read,user-library-modify,user-library-read,user-modify-playback-state,user-read-currently-playing,user-read-email,user-read-playback-position,user-read-playback-state,user-read-private,user-read-recently-played,user-top-read"
  },
  {
    "message_device_id": null,
    "timestamp_utc": "2024-03-21T19:21:56.107Z",
    "context_time": 1711048916107,
    "message_client_id": "65b708073fc0480ea92a077233ca87bd",
    "message_event_id": "640f906b-22d4-4c82-85e8-5ce71358e61b",
    "message_redirect_uri": "http://127.0.0.1:4382/login",
    "message_scope": "app-remote-control,playlist-modify,playlist-modify-private,playlist-modify-public,playlist-read,playlist-read-collaborative,playlist-read-private,streaming,ugc-image-upload,user-follow-modify,user-follow-read,user-library-modify,user-library-read,user-modify,user-modify-playback-state,user-modify-private,user-personalized,user-read-birthdate,user-read-currently-playing,user-read-email,user-read-play-history,user-read-playback-position,user-read-playback-state,user-read-private,user-read-recently-played,user-top-read"
  },
  {
    "message_device_id": null,
    "timestamp_utc": "2024-04-06T13:55:10.776Z",
    "context_time": 1712411710776,
    "message_client_id": "cfe923b2d660439caf2b557b21f31221",
    "message_event_id": "28aa6a4e-a312-42dd-997e-2952c3473af8",
    "message_redirect_uri": "https://developer.spotify.com",
    "message_scope": "openid,user-top-read,playlist-modify-public,playlist-modify-private,playlist-read-private,playlist-read-collaborative"
  },
  {
    "message_device_id": null,
    "timestamp_utc": "2024-03-21T19:10:04.721Z",
    "context_time": 1711048204721,
    "message_client_id": "31a0b2b20718446799a0f6adef1f2892",
    "message_event_id": "38ea1b9e-12d3-43ff-8534-4b95239c3192",
    "message_redirect_uri": "https://support.spotify.com",
    "message_scope": "user-read-email,user-read-private,user-close-account"
  },
  {
    "message_device_id": null,
    "timestamp_utc": "2024-03-21T19:13:47.249Z",
    "context_time": 1711048427249,
    "message_client_id": "65b708073fc0480ea92a077233ca87bd",
    "message_event_id": "b4ccc1bd-d6bd-4856-b155-3f51f7f4a118",
    "message_redirect_uri": "http://127.0.0.1:4381/login",
    "message_scope": "app-remote-control,playlist-modify,playlist-modify-private,playlist-modify-public,playlist-read,playlist-read-collaborative,playlist-read-private,streaming,ugc-image-upload,user-follow-modify,user-follow-read,user-library-modify,user-library-read,user-modify,user-modify-playback-state,user-modify-private,user-personalized,user-read-birthdate,user-read-currently-playing,user-read-email,user-read-play-history,user-read-playback-position,user-read-playback-state,user-read-private,user-read-recently-played,user-top-read"
  }
]