[
  {
    "timestamp_utc": "2024-05-02T18:23:14.720Z",
    "context_application_version": "8.7.20.1261",
    "context_conn_country": "IN",
    "context_device_manufacturer": "LENOVO",
    "context_device_model": "Lenovo TB-8504X",
    "context_device_type": "tablet",
    "context_os_name": "android",
    "context_os_version": "8.1.0",
    "context_receiver_service_timestamp": 1714674318986,
    "context_time": 1714674194720,
    "message_error_code": 13,
    "message_id": "download_timeout,0,0-10485760,https://audio-ak-spotify-com.akamaized.net/audio/2590a186a20eda4686ac81e2e57b83d109835cdc?__token__=exp=1714760581~hmac=7b02585f9731b963fb23629c2ffcc578283f6fab1ade3b3ea65a5cf3c3e82ff9",
    "message_playback_id": "AAAAAAAAAAAAAAAAAAAAAA==",
    "message_type": "cdn"
  },
  {
    "timestamp_utc": "2024-05-02T18:23:39.894Z",
    "context_application_version": "8.7.20.1261",
    "context_conn_country": "IN",
    "context_device_manufacturer": "LENOVO",
    "context_device_model": "Lenovo TB-8504X",
    "context_device_type": "tablet",
    "context_os_name": "android",
    "context_os_version": "8.1.0",
    "context_receiver_service_timestamp": 1714674318986,
    "context_time": 1714674219894,
    "message_error_code": 7,
    "message_id": "http_error_timeout,0,0-10485760,https://audio4-gm-fb.spotifycdn.com/audio/2590a186a20eda4686ac81e2e57b83d109835cdc?Expires=1714760581~FullPath~hmac=1HfWsVQR9Q8jXBJ2DMjFznqHgr_VTCtVd1mhNaK018E=",
    "message_playback_id": "AAAAAAAAAAAAAAAAAAAAAA==",
    "message_type": "cdn"
  },
  {
    "timestamp_utc": "2024-03-26T12:21:09.115Z",
    "context_application_version": "8.7.20.1261",
    "context_conn_country": "IN",
    "context_device_manufacturer": "realme",
    "context_device_model": "RMX3392",
    "context_device_type": "mobile",
    "context_os_name": "android",
    "context_os_version": "13",
    "context_receiver_service_timestamp": 1711455673280,
    "context_time": 1711455669115,
    "message_error_code": 7,
    "message_id": "http_error_timeout,0,0-10485760,https://audio-ak-spotify-com.akamaized.net/audio/7c96945f2b387ee0e5b65adaa093ddd84f65a3f6?__token__=exp=1711542059~hmac=4541bc62f9cc997ac6c4c38a0babe576cd649a953d5bb27b66f3db7f4889b3d3",
    "message_playback_id": "AAAAAAAAAAAAAAAAAAAAAA==",
    "message_type": "cdn"
  },
  {
    "timestamp_utc": "2024-05-02T18:24:26.736Z",
    "context_application_version": "8.7.20.1261",
    "context_conn_country": "IN",
    "context_device_manufacturer": "LENOVO",
    "context_device_model": "Lenovo TB-8504X",
    "context_device_type": "tablet",
    "context_os_name": "android",
    "context_os_version": "8.1.0",
    "context_receiver_service_timestamp": 1714674318986,
    "context_time": 1714674266736,
    "message_error_code": 7,
    "message_id": "http_error_timeout,0,0-10485760,https://audio4-gm-fb.spotifycdn.com/audio/2590a186a20eda4686ac81e2e57b83d109835cdc?Expires=1714760581~FullPath~hmac=1HfWsVQR9Q8jXBJ2DMjFznqHgr_VTCtVd1mhNaK018E=",
    "message_playback_id": "AAAAAAAAAAAAAAAAAAAAAA==",
    "message_type": "cdn"
  },
  {
    "timestamp_utc": "2024-03-21T00:26:52.362Z",
    "context_application_version": "8.7.20.1261",
    "context_conn_country": "IN",
    "context_device_manufacturer": "realme",
    "context_device_model": "RMX3392",
    "context_device_type": "mobile",
    "context_os_name": "android",
    "context_os_version": "13",
    "context_receiver_service_timestamp": 1710980842225,
    "context_time": 1710980812362,
    "message_error_code": 8,
    "message_id": "http_error_fail,0,2424832-2541580,https://audio4-gm-fb.spotifycdn.com/audio/1bc64a65807039844084e4db426825b67d2d83fd?Expires=1711067164~FullPath~hmac=fCOZ2yp2TAguZ59D2E0IuDRYln8hUzYLAfPPwiK4kck=",
    "message_playback_id": "AAAAAAAAAAAAAAAAAAAAAA==",
    "message_type": "cdn"
  },
  {
    "timestamp_utc": "2024-05-02T18:09:58.701Z",
    "context_application_version": "8.7.20.1261",
    "context_conn_country": "IN",
    "context_device_manufacturer": "LENOVO",
    "context_device_model": "Lenovo TB-8504X",
    "context_device_type": "tablet",
    "context_os_name": "android",
    "context_os_version": "8.1.0",
    "context_receiver_service_timestamp": 1714673418277,
    "context_time": 1714673398701,
    "message_error_code": 16,
    "message_id": "download_http_content_missing,404,1359872-2423404,https://audio4-gm-fb.spotifycdn.com/audio/3b8114939358c147ba1117bfbec0ab2d7bb66e31?Expires=1714759719~FullPath~hmac=jM1AsXsRN1Vkal0eB_XsD-o7S5eAoxpe2NRgaH_fKqU=",
    "message_playback_id": "AAAAAAAAAAAAAAAAAAAAAA==",
    "message_type": "cdn"
  },
  {
    "timestamp_utc": "2024-03-09T18:25:48.337Z",
    "context_application_version": "8.7.20.1261",
    "context_conn_country": "IN",
    "context_device_manufacturer": "realme",
    "context_device_model": "RMX3392",
    "context_device_type": null,
    "context_os_name": "android",
    "context_os_version": "13",
    "context_receiver_service_timestamp": 1710008750423,
    "context_time": 1710008748337,
    "message_error_code": 13,
    "message_id": "download_timeout,0,1081344-1622016,https://audio-ak-spotify-com.akamaized.net/audio/09c94390cfb64ec7dd988a1c685d13502cd1ecd6?__token__=exp=1710095135~hmac=d41be3f8f37580bd08e268649d74041151661d1449565c13d2cae406c050d2ac",
    "message_playback_id": "x3NPtC87EdDxHQUMB+ikdw==",
    "message_type": "cdn"
  },
  {
    "timestamp_utc": "2024-03-09T18:25:25.376Z",
    "context_application_version": "8.7.20.1261",
    "context_conn_country": "IN",
    "context_device_manufacturer": "realme",
    "context_device_model": "RMX3392",
    "context_device_type": null,
    "context_os_name": "android",
    "context_os_version": "13",
    "context_receiver_service_timestamp": 1710008732122,
    "context_time": 1710008725376,
    "message_error_code": 13,
    "message_id": "download_timeout,0,0-524288,https://audio-ak-spotify-com.akamaized.net/audio/cf60a2cbb39562c009e1223280c100d194ff99f4?__token__=exp=1710095120~hmac=85cf5976452be0860ea0c1314a5f3ec4c5c3f42306e83b5dd921d0a2acbe78d2",
    "message_playback_id": "rIQs5ScXm2lI+q52+oSVlA==",
    "message_type": "cdn"
  },
  {
    "timestamp_utc": "2024-05-02T18:23:50.502Z",
    "context_application_version": "8.7.20.1261",
    "context_conn_country": "IN",
    "context_device_manufacturer": "LENOVO",
    "context_device_model": "Lenovo TB-8504X",
    "context_device_type": "tablet",
    "context_os_name": "android",
    "context_os_version": "8.1.0",
    "context_receiver_service_timestamp": 1714674318986,
    "context_time": 1714674230502,
    "message_error_code": 7,
    "message_id": "http_error_timeout,0,0-10485760,https://audio-ak-spotify-com.akamaized.net/audio/2590a186a20eda4686ac81e2e57b83d109835cdc?__token__=exp=1714760581~hmac=7b02585f9731b963fb23629c2ffcc578283f6fab1ade3b3ea65a5cf3c3e82ff9",
    "message_playback_id": "AAAAAAAAAAAAAAAAAAAAAA==",
    "message_type": "cdn"
  },
  {
    "timestamp_utc": "2024-06-05T07:36:38.082Z",
    "context_application_version": "8.7.20.1261",
    "context_conn_country": "IN",
    "context_device_manufacturer": "realme",
    "context_device_model": "RMX3392",
    "context_device_type": "mobile",
    "context_os_name": "android",
    "context_os_version": "14",
    "context_receiver_service_timestamp": 1717573022318,
    "context_time": 1717572998082,
    "message_error_code": 7,
    "message_id": "http_error_timeout,0,0-2612612,https://audio-ak-spotify-com.akamaized.net/audio/252ac3fa390365f8eb30d7d0062ec2bb7977998c?__token__=exp=1717659387~hmac=aad2664d816108bac0542f749702083d3d9305b4598b2abcca145bb0a542607d",
    "message_playback_id": "AAAAAAAAAAAAAAAAAAAAAA==",
    "message_type": "cdn"
  },
  {
    "timestamp_utc": "2024-05-02T18:09:36.309Z",
    "context_application_version": "8.7.20.1261",
    "context_conn_country": "IN",
    "context_device_manufacturer": "LENOVO",
    "context_device_model": "Lenovo TB-8504X",
    "context_device_type": "tablet",
    "context_os_name": "android",
    "context_os_version": "8.1.0",
    "context_receiver_service_timestamp": 1714673388431,
    "context_time": 1714673376309,
    "message_error_code": 7,
    "message_id": "http_error_timeout,0,81920-2423404,https://audio-ak-spotify-com.akamaized.net/audio/3b8114939358c147ba1117bfbec0ab2d7bb66e31?__token__=exp=1714759719~hmac=2892a3c2cea7658331be212b4d15cada272eb7e342e8df244e492135ccd7be24",
    "message_playback_id": "AAAAAAAAAAAAAAAAAAAAAA==",
    "message_type": "cdn"
  },
  {
    "timestamp_utc": "2024-05-02T18:23:29.021Z",
    "context_application_version": "8.7.20.1261",
    "context_conn_country": "IN",
    "context_device_manufacturer": "LENOVO",
    "context_device_model": "Lenovo TB-8504X",
    "context_device_type": "tablet",
    "context_os_name": "android",
    "context_os_version": "8.1.0",
    "context_receiver_service_timestamp": 1714674318986,
    "context_time": 1714674209021,
    "message_error_code": 7,
    "message_id": "http_error_timeout,0,0-10485760,https://audio-fa.scdn.co/audio/2590a186a20eda4686ac81e2e57b83d109835cdc?1714760581_XtVtUEvoYVHq-VtLoKwWcPqux90zJ7uQXHoe4dXhqsw=",
    "message_playback_id": "AAAAAAAAAAAAAAAAAAAAAA==",
    "message_type": "cdn"
  },
  {
    "timestamp_utc": "2024-05-02T18:19:29.064Z",
    "context_application_version": "8.7.20.1261",
    "context_conn_country": "IN",
    "context_device_manufacturer": "LENOVO",
    "context_device_model": "Lenovo TB-8504X",
    "context_device_type": "tablet",
    "context_os_name": "android",
    "context_os_version": "8.1.0",
    "context_receiver_service_timestamp": 1714673988238,
    "context_time": 1714673969064,
    "message_error_code": 7,
    "message_id": "http_error_timeout,0,0-3621312,https://audio-ak-spotify-com.akamaized.net/audio/0ece21217457229cc75ecaae95e25ef84f12c422?__token__=exp=1714760336~hmac=0651af3e3af06e8c993a7cb4c2eef9c990393aeefef986cde0d185d36d6993a8",
    "message_playback_id": "AAAAAAAAAAAAAAAAAAAAAA==",
    "message_type": "cdn"
  },
  {
    "timestamp_utc": "2024-05-02T18:10:20.560Z",
    "context_application_version": "8.7.20.1261",
    "context_conn_country": "IN",
    "context_device_manufacturer": "LENOVO",
    "context_device_model": "Lenovo TB-8504X",
    "context_device_type": "tablet",
    "context_os_name": "android",
    "context_os_version": "8.1.0",
    "context_receiver_service_timestamp": 1714673448474,
    "context_time": 1714673420560,
    "message_error_code": 7,
    "message_id": "http_error_timeout,0,1359872-2423404,https://audio-ak-spotify-com.akamaized.net/audio/3b8114939358c147ba1117bfbec0ab2d7bb66e31?__token__=exp=1714759719~hmac=2892a3c2cea7658331be212b4d15cada272eb7e342e8df244e492135ccd7be24",
    "message_playback_id": "AAAAAAAAAAAAAAAAAAAAAA==",
    "message_type": "cdn"
  },
  {
    "timestamp_utc": "2024-03-21T00:26:42.330Z",
    "context_application_version": "8.7.20.1261",
    "context_conn_country": "IN",
    "context_device_manufacturer": "realme",
    "context_device_model": "RMX3392",
    "context_device_type": "mobile",
    "context_os_name": "android",
    "context_os_version": "13",
    "context_receiver_service_timestamp": 1710980842225,
    "context_time": 1710980802330,
    "message_error_code": 8,
    "message_id": "http_error_fail,0,2424832-2541580,https://audio-fa.scdn.co/audio/1bc64a65807039844084e4db426825b67d2d83fd?1711067164_9ol-iQO4Hd-6QyH2HwaIEVRCO4ijrvEhivr4CRwfNjc=",
    "message_playback_id": "AAAAAAAAAAAAAAAAAAAAAA==",
    "message_type": "cdn"
  },
  {
    "timestamp_utc": "2024-03-21T00:26:32.291Z",
    "context_application_version": "8.7.20.1261",
    "context_conn_country": "IN",
    "context_device_manufacturer": "realme",
    "context_device_model": "RMX3392",
    "context_device_type": "mobile",
    "context_os_name": "android",
    "context_os_version": "13",
    "context_receiver_service_timestamp": 1710980842225,
    "context_time": 1710980792291,
    "message_error_code": 7,
    "message_id": "http_error_timeout,0,0-2541580,https://audio-ak-spotify-com.akamaized.net/audio/1bc64a65807039844084e4db426825b67d2d83fd?__token__=exp=1711067164~hmac=f143411d9a8c5f275160d735bd4324658899e59bb52db62b0fd1af3b6891cc48",
    "message_playback_id": "AAAAAAAAAAAAAAAAAAAAAA==",
    "message_type": "cdn"
  },
  {
    "timestamp_utc": "2024-05-02T18:09:57.962Z",
    "context_application_version": "8.7.20.1261",
    "context_conn_country": "IN",
    "context_device_manufacturer": "LENOVO",
    "context_device_model": "Lenovo TB-8504X",
    "context_device_type": "tablet",
    "context_os_name": "android",
    "context_os_version": "8.1.0",
    "context_receiver_service_timestamp": 1714673418277,
    "context_time": 1714673397962,
    "message_error_code": 7,
    "message_id": "http_error_timeout,0,1261568-2423404,https://audio-fa.scdn.co/audio/3b8114939358c147ba1117bfbec0ab2d7bb66e31?1714759719_ZP4TinzrcbfhV1QXL5pdGSQJwcB7ST0sCd04T6Rdco8=",
    "message_playback_id": "AAAAAAAAAAAAAAAAAAAAAA==",
    "message_type": "cdn"
  },
  {
    "timestamp_utc": "2024-05-02T18:25:03.866Z",
    "context_application_version": "8.7.20.1261",
    "context_conn_country": "IN",
    "context_device_manufacturer": "LENOVO",
    "context_device_model": "Lenovo TB-8504X",
    "context_device_type": "tablet",
    "context_os_name": "android",
    "context_os_version": "8.1.0",
    "context_receiver_service_timestamp": 1714674318986,
    "context_time": 1714674303866,
    "message_error_code": 7,
    "message_id": "http_error_timeout,0,0-2439684,https://audio-ak-spotify-com.akamaized.net/audio/2590a186a20eda4686ac81e2e57b83d109835cdc?__token__=exp=1714760581~hmac=7b02585f9731b963fb23629c2ffcc578283f6fab1ade3b3ea65a5cf3c3e82ff9",
    "message_playback_id": "AAAAAAAAAAAAAAAAAAAAAA==",
    "message_type": "cdn"
  },
  {
    "timestamp_utc": "2024-05-02T18:24:11.344Z",
    "context_application_version": "8.7.20.1261",
    "context_conn_country": "IN",
    "context_device_manufacturer": "LENOVO",
    "context_device_model": "Lenovo TB-8504X",
    "context_device_type": "tablet",
    "context_os_name": "android",
    "context_os_version": "8.1.0",
    "context_receiver_service_timestamp": 1714674318986,
    "context_time": 1714674251344,
    "message_error_code": 7,
    "message_id": "http_error_timeout,0,0-10485760,https://audio-fa.scdn.co/audio/2590a186a20eda4686ac81e2e57b83d109835cdc?1714760581_XtVtUEvoYVHq-VtLoKwWcPqux90zJ7uQXHoe4dXhqsw=",
    "message_playback_id": "AAAAAAAAAAAAAAAAAAAAAA==",
    "message_type": "cdn"
  }
]