[
  {
    "message_cache_path": "/data/user_de/0/com.spotify.music/Android/data/com.spotify.music/files/spotifycache/Storage/",
    "timestamp_utc": "2024-04-25T16:14:25.813Z",
    "context_application_version": "8.7.20.1261",
    "context_conn_country": "IN",
    "context_device_manufacturer": "realme",
    "context_device_model": "RMX3392",
    "context_device_type": "mobile",
    "context_os_name": "android",
    "context_os_version": "13",
    "context_receiver_service_timestamp": 1714061770210,
    "context_time": 1714061665813,
    "message_error_code": 25,
    "message_file_id": "l4Eect1Sq2KHH0FjGVK6yiPMG+g=",
    "message_num_errors": 1,
    "message_os_error_code": 61,
    "message_range_end": 12289,
    "message_range_start": 0,
    "message_realm": "playlist",
    "message_size": 12289
  },
  {
    "message_cache_path": "/data/user_de/0/com.spotify.music/Android/data/com.spotify.music/files/spotifycache/Storage/",
    "timestamp_utc": "2024-03-17T16:20:43.086Z",
    "context_application_version": "8.7.20.1261",
    "context_conn_country": "IN",
    "context_device_manufacturer": "realme",
    "context_device_model": "RMX3392",
    "context_device_type": "mobile",
    "context_os_name": "android",
    "context_os_version": "13",
    "context_receiver_service_timestamp": 1710692461812,
    "context_time": 1710692443086,
    "message_error_code": 25,
    "message_file_id": "z2P9qMBk8ZOmxp8jldKtwJLliXw=",
    "message_num_errors": 2,
    "message_os_error_code": 61,
    "message_range_end": 29079,
    "message_range_start": 0,
    "message_realm": "playlist",
    "message_size": 29079
  },
  {
    "message_cache_path": "/data/user_de/0/com.spotify.music/Android/data/com.spotify.music/files/spotifycache/Storage/",
    "timestamp_utc": "2024-05-06T22:56:14.526Z",
    "context_application_version": "8.7.20.1261",
    "context_conn_country": "IN",
    "context_device_manufacturer": "realme",
    "context_device_model": "RMX3392",
    "context_device_type": "mobile",
    "context_os_name": "android",
    "context_os_version": "14",
    "context_receiver_service_timestamp": 1715036283008,
    "context_time": 1715036174526,
    "message_error_code": 25,
    "message_file_id": "ck1XRz7EKPvn1I9UQWWbmqvuDgg=",
    "message_num_errors": 2,
    "message_os_error_code": 61,
    "message_range_end": 36510,
    "message_range_start": 0,
    "message_realm": "playlist",
    "message_size": 36510
  },
  {
    "message_cache_path": "/data/user_de/0/com.spotify.music/Android/data/com.spotify.music/files/spotifycache/Storage/",
    "timestamp_utc": "2024-03-29T18:36:28.456Z",
    "context_application_version": "8.7.20.1261",
    "context_conn_country": "IN",
    "context_device_manufacturer": "realme",
    "context_device_model": "RMX3392",
    "context_device_type": "mobile",
    "context_os_name": "android",
    "context_os_version": "13",
    "context_receiver_service_timestamp": 1711737416031,
    "context_time": 1711737388456,
    "message_error_code": 25,
    "message_file_id": "u/LN673MFtGAsYoPEiTHH+Vm7ns=",
    "message_num_errors": 2,
    "message_os_error_code": 61,
    "message_range_end": 38408,
    "message_range_start": 0,
    "message_realm": "playlist",
    "message_size": 38408
  },
  {
    "message_cache_path": "/data/user_de/0/com.spotify.music/Android/data/com.spotify.music/files/spotifycache/Storage/",
    "timestamp_utc": "2024-05-22T19:03:15.520Z",
    "context_application_version": "8.7.20.1261",
    "context_conn_country": "IN",
    "context_device_manufacturer": "realme",
    "context_device_model": "RMX3392",
    "context_device_type": "mobile",
    "context_os_name": "android",
    "context_os_version": "14",
    "context_receiver_service_timestamp": 1716404622410,
    "context_time": 1716404595520,
    "message_error_code": 25,
    "message_file_id": "ck1XRz7EKPvn1I9UQWWbmqvuDgg=",
    "message_num_errors": 4,
    "message_os_error_code": 61,
    "message_range_end": 36763,
    "message_range_start": 0,
    "message_realm": "playlist",
    "message_size": 36763
  },
  {
    "message_cache_path": "/data/user_de/0/com.spotify.music/Android/data/com.spotify.music/files/spotifycache/Storage/",
    "timestamp_utc": "2024-04-17T14:33:32.352Z",
    "context_application_version": "8.7.20.1261",
    "context_conn_country": "IN",
    "context_device_manufacturer": "realme",
    "context_device_model": "RMX3392",
    "context_device_type": "mobile",
    "context_os_name": "android",
    "context_os_version": "13",
    "context_receiver_service_timestamp": 1713364555360,
    "context_time": 1713364412352,
    "message_error_code": 25,
    "message_file_id": "l4Eect1Sq2KHH0FjGVK6yiPMG+g=",
    "message_num_errors": 1,
    "message_os_error_code": 61,
    "message_range_end": 12364,
    "message_range_start": 0,
    "message_realm": "playlist",
    "message_size": 12364
  },
  {
    "message_cache_path": "/data/user_de/0/com.spotify.music/Android/data/com.spotify.music/files/spotifycache/Storage/",
    "timestamp_utc": "2024-05-25T10:49:30.885Z",
    "context_application_version": "8.7.20.1261",
    "context_conn_country": "IN",
    "context_device_manufacturer": "realme",
    "context_device_model": "RMX3392",
    "context_device_type": "mobile",
    "context_os_name": "android",
    "context_os_version": "14",
    "context_receiver_service_timestamp": 1716634199408,
    "context_time": 1716634170885,
    "message_error_code": 25,
    "message_file_id": "u/LN673MFtGAsYoPEiTHH+Vm7ns=",
    "message_num_errors": 2,
    "message_os_error_code": 61,
    "message_range_end": 38667,
    "message_range_start": 0,
    "message_realm": "playlist",
    "message_size": 38667
  },
  {
    "message_cache_path": "/data/user_de/0/com.spotify.music/Android/data/com.spotify.music/files/spotifycache/Storage/",
    "timestamp_utc": "2024-03-16T07:24:26.470Z",
    "context_application_version": "8.7.20.1261",
    "context_conn_country": "IN",
    "context_device_manufacturer": "realme",
    "context_device_model": "RMX3392",
    "context_device_type": "mobile",
    "context_os_name": "android",
    "context_os_version": "13",
    "context_receiver_service_timestamp": 1710573900770,
    "context_time": 1710573866470,
    "message_error_code": 25,
    "message_file_id": "ck1XRz7EKPvn1I9UQWWbmqvuDgg=",
    "message_num_errors": 3,
    "message_os_error_code": 61,
    "message_range_end": 36249,
    "message_range_start": 0,
    "message_realm": "playlist",
    "message_size": 36249
  },
  {
    "message_cache_path": "/data/user_de/0/com.spotify.music/Android/data/com.spotify.music/files/spotifycache/Storage/",
    "timestamp_utc": "2024-04-23T17:56:15.513Z",
    "context_application_version": "8.7.20.1261",
    "context_conn_country": "IN",
    "context_device_manufacturer": "realme",
    "context_device_model": "RMX3392",
    "context_device_type": "mobile",
    "context_os_name": "android",
    "context_os_version": "13",
    "context_receiver_service_timestamp": 1713895003848,
    "context_time": 1713894975513,
    "message_error_code": 25,
    "message_file_id": "l4Eect1Sq2KHH0FjGVK6yiPMG+g=",
    "message_num_errors": 1,
    "message_os_error_code": 61,
    "message_range_end": 12289,
    "message_range_start": 0,
    "message_realm": "playlist",
    "message_size": 12289
  },
  {
    "message_cache_path": "/data/user_de/0/com.spotify.music/Android/data/com.spotify.music/files/spotifycache/Storage/",
    "timestamp_utc": "2024-03-24T07:01:36.028Z",
    "context_application_version": "8.7.20.1261",
    "context_conn_country": "IN",
    "context_device_manufacturer": "realme",
    "context_device_model": "RMX3392",
    "context_device_type": "mobile",
    "context_os_name": "android",
    "context_os_version": "13",
    "context_receiver_service_timestamp": 1711263723765,
    "context_time": 1711263696028,
    "message_error_code": 25,
    "message_file_id": "u/LN673MFtGAsYoPEiTHH+Vm7ns=",
    "message_num_errors": 2,
    "message_os_error_code": 61,
    "message_range_end": 38423,
    "message_range_start": 0,
    "message_realm": "playlist",
    "message_size": 38423
  },
  {
    "message_cache_path": "/data/user_de/0/com.spotify.music/Android/data/com.spotify.music/files/spotifycache/Storage/",
    "timestamp_utc": "2024-04-08T15:27:03.265Z",
    "context_application_version": "8.7.20.1261",
    "context_conn_country": "IN",
    "context_device_manufacturer": "realme",
    "context_device_model": "RMX3392",
    "context_device_type": "mobile",
    "context_os_name": "android",
    "context_os_version": "13",
    "context_receiver_service_timestamp": 1712590050878,
    "context_time": 1712590023265,
    "message_error_code": 25,
    "message_file_id": "ck1XRz7EKPvn1I9UQWWbmqvuDgg=",
    "message_num_errors": 3,
    "message_os_error_code": 61,
    "message_range_end": 36366,
    "message_range_start": 0,
    "message_realm": "playlist",
    "message_size": 36366
  },
  {
    "message_cache_path": "/data/user_de/0/com.spotify.music/Android/data/com.spotify.music/files/spotifycache/Storage/",
    "timestamp_utc": "2024-04-28T18:54:03.172Z",
    "context_application_version": "8.7.20.1261",
    "context_conn_country": "IN",
    "context_device_manufacturer": "realme",
    "context_device_model": "RMX3392",
    "context_device_type": "mobile",
    "context_os_name": "android",
    "context_os_version": "14",
    "context_receiver_service_timestamp": 1714330469872,
    "context_time": 1714330443172,
    "message_error_code": 25,
    "message_file_id": "PxoF1rjfgC/MEfNPglnqfuSroYw=",
    "message_num_errors": 2,
    "message_os_error_code": 61,
    "message_range_end": 44088,
    "message_range_start": 0,
    "message_realm": "playlist",
    "message_size": 44088
  },
  {
    "message_cache_path": "/storage/emulated/0/Android/data/com.spotify.music/files/spotifycache/Storage/",
    "timestamp_utc": "2024-05-02T18:07:25.539Z",
    "context_application_version": "8.7.20.1261",
    "context_conn_country": "IN",
    "context_device_manufacturer": "LENOVO",
    "context_device_model": "Lenovo TB-8504X",
    "context_device_type": "tablet",
    "context_os_name": "android",
    "context_os_version": "8.1.0",
    "context_receiver_service_timestamp": 1714673292187,
    "context_time": 1714673245539,
    "message_error_code": 25,
    "message_file_id": "u/LN673MFtGAsYoPEiTHH+Vm7ns=",
    "message_num_errors": 2,
    "message_os_error_code": 61,
    "message_range_end": 38682,
    "message_range_start": 0,
    "message_realm": "playlist",
    "message_size": 38682
  },
  {
    "message_cache_path": "/data/user_de/0/com.spotify.music/Android/data/com.spotify.music/files/spotifycache/Storage/",
    "timestamp_utc": "2024-03-13T05:50:34.969Z",
    "context_application_version": "8.7.20.1261",
    "context_conn_country": "IN",
    "context_device_manufacturer": "realme",
    "context_device_model": "RMX3392",
    "context_device_type": "mobile",
    "context_os_name": "android",
    "context_os_version": "13",
    "context_receiver_service_timestamp": 1710309151765,
    "context_time": 1710309034969,
    "message_error_code": 25,
    "message_file_id": "l4Eect1Sq2KHH0FjGVK6yiPMG+g=",
    "message_num_errors": 1,
    "message_os_error_code": 61,
    "message_range_end": 11914,
    "message_range_start": 0,
    "message_realm": "playlist",
    "message_size": 11914
  },
  {
    "message_cache_path": "/data/user_de/0/com.spotify.music/Android/data/com.spotify.music/files/spotifycache/Storage/",
    "timestamp_utc": "2024-03-25T19:34:59.587Z",
    "context_application_version": "8.7.20.1261",
    "context_conn_country": "IN",
    "context_device_manufacturer": "realme",
    "context_device_model": "RMX3392",
    "context_device_type": "mobile",
    "context_os_name": "android",
    "context_os_version": "13",
    "context_receiver_service_timestamp": 1711395377690,
    "context_time": 1711395299587,
    "message_error_code": 25,
    "message_file_id": "u/LN673MFtGAsYoPEiTHH+Vm7ns=",
    "message_num_errors": 2,
    "message_os_error_code": 61,
    "message_range_end": 38408,
    "message_range_start": 0,
    "message_realm": "playlist",
    "message_size": 38408
  },
  {
    "message_cache_path": "/data/user_de/0/com.spotify.music/Android/data/com.spotify.music/files/spotifycache/Storage/",
    "timestamp_utc": "2024-04-17T14:34:56.896Z",
    "context_application_version": "8.7.20.1261",
    "context_conn_country": "IN",
    "context_device_manufacturer": "realme",
    "context_device_model": "RMX3392",
    "context_device_type": "mobile",
    "context_os_name": "android",
    "context_os_version": "13",
    "context_receiver_service_timestamp": 1713364557987,
    "context_time": 1713364496896,
    "message_error_code": 25,
    "message_file_id": "l4Eect1Sq2KHH0FjGVK6yiPMG+g=",
    "message_num_errors": 1,
    "message_os_error_code": 61,
    "message_range_end": 12364,
    "message_range_start": 0,
    "message_realm": "playlist",
    "message_size": 12364
  },
  {
    "message_cache_path": "/storage/emulated/0/Android/data/com.spotify.music/files/spotifycache/Storage/",
    "timestamp_utc": "2024-03-12T15:32:43.798Z",
    "context_application_version": "8.7.20.1261",
    "context_conn_country": "IN",
    "context_device_manufacturer": "LENOVO",
    "context_device_model": "Lenovo TB-8504X",
    "context_device_type": "tablet",
    "context_os_name": "android",
    "context_os_version": "8.1.0",
    "context_receiver_service_timestamp": 1710257890795,
    "context_time": 1710257563798,
    "message_error_code": 25,
    "message_file_id": "l4Eect1Sq2KHH0FjGVK6yiPMG+g=",
    "message_num_errors": 1,
    "message_os_error_code": 61,
    "message_range_end": 9025,
    "message_range_start": 0,
    "message_realm": "playlist",
    "message_size": 9025
  },
  {
    "message_cache_path": "/data/user_de/0/com.spotify.music/Android/data/com.spotify.music/files/spotifycache/Storage/",
    "timestamp_utc": "2024-03-26T02:36:12.112Z",
    "context_application_version": "8.7.20.1261",
    "context_conn_country": "IN",
    "context_device_manufacturer": "realme",
    "context_device_model": "RMX3392",
    "context_device_type": "mobile",
    "context_os_name": "android",
    "context_os_version": "13",
    "context_receiver_service_timestamp": 1711420597193,
    "context_time": 1711420572112,
    "message_error_code": 25,
    "message_file_id": "z2P9qMBk8ZOmxp8jldKtwJLliXw=",
    "message_num_errors": 2,
    "message_os_error_code": 61,
    "message_range_end": 28998,
    "message_range_start": 0,
    "message_realm": "playlist",
    "message_size": 28998
  },
  {
    "message_cache_path": "/storage/emulated/0/Android/data/com.spotify.music/files/spotifycache/Storage/",
    "timestamp_utc": "2024-03-12T15:32:43.816Z",
    "context_application_version": "8.7.20.1261",
    "context_conn_country": "IN",
    "context_device_manufacturer": "LENOVO",
    "context_device_model": "Lenovo TB-8504X",
    "context_device_type": "tablet",
    "context_os_name": "android",
    "context_os_version": "8.1.0",
    "context_receiver_service_timestamp": 1710257890795,
    "context_time": 1710257563816,
    "message_error_code": 16,
    "message_file_id": "xUWCDJsrCgHg6CYeaNCk2HdXpcE=",
    "message_num_errors": 1,
    "message_os_error_code": 0,
    "message_range_end": 0,
    "message_range_start": 0,
    "message_realm": "substream",
    "message_size": 4294967295
  }
]