[
  {
    "timestamp_utc": "2024-05-13T21:12:59.045Z",
    "context_application_version": "8.7.20.1261",
    "context_conn_country": "IN",
    "context_device_manufacturer": "realme",
    "context_device_model": "RMX3392",
    "context_device_type": "mobile",
    "context_os_name": "android",
    "context_os_version": "14",
    "context_receiver_service_timestamp": 1715634845347,
    "context_time": 1715634779045,
    "message_cache_id": "qpSqRGI3xxl5YGupV5HfCQ==",
    "message_num_entries_pruned": 69,
    "message_num_entries_pruned_expired": 21,
    "message_num_entries_pruned_limit": 0,
    "message_num_entries_pruned_max_realm_size": 0,
    "message_num_entries_pruned_min_free_space": 0,
    "message_num_entries_pruned_never_used": 48,
    "message_size_after_prune_kb": 541381,
    "message_size_before_prune_kb": 542736,
    "message_size_entries_pruned_expired_kb": 430,
    "message_size_pruned_limit_kb": 0,
    "message_size_pruned_max_realm_size_kb": 0,
    "message_size_pruned_min_free_space_kb": 0,
    "message_size_pruned_never_used_kb": 924,
    "message_time_spent_pruning_ms": 0
  },
  {
    "timestamp_utc": "2024-04-19T15:43:43.785Z",
    "context_application_version": "8.7.20.1261",
    "context_conn_country": "IN",
    "context_device_manufacturer": "LENOVO",
    "context_device_model": "Lenovo TB-8504X",
    "context_device_type": "tablet",
    "context_os_name": "android",
    "context_os_version": "8.1.0",
    "context_receiver_service_timestamp": 1713541445836,
    "context_time": 1713541423785,
    "message_cache_id": "ttqdgVw7FdsxVYBeaTJaAQ==",
    "message_num_entries_pruned": 6,
    "message_num_entries_pruned_expired": 6,
    "message_num_entries_pruned_limit": 0,
    "message_num_entries_pruned_max_realm_size": 0,
    "message_num_entries_pruned_min_free_space": 0,
    "message_num_entries_pruned_never_used": 0,
    "message_size_after_prune_kb": 5573,
    "message_size_before_prune_kb": 5740,
    "message_size_entries_pruned_expired_kb": 166,
    "message_size_pruned_limit_kb": 0,
    "message_size_pruned_max_realm_size_kb": 0,
    "message_size_pruned_min_free_space_kb": 0,
    "message_size_pruned_never_used_kb": 0,
    "message_time_spent_pruning_ms": 0
  },
  {
    "timestamp_utc": "2024-04-14T07:14:56.233Z",
    "context_application_version": "8.7.20.1261",
    "context_conn_country": "IN",
    "context_device_manufacturer": "realme",
    "context_device_model": "RMX3392",
    "context_device_type": "mobile",
    "context_os_name": "android",
    "context_os_version": "13",
    "context_receiver_service_timestamp": 1713078916914,
    "context_time": 1713078896233,
    "message_cache_id": "qpSqRGI3xxl5YGupV5HfCQ==",
    "message_num_entries_pruned": 9,
    "message_num_entries_pruned_expired": 5,
    "message_num_entries_pruned_limit": 0,
    "message_num_entries_pruned_max_realm_size": 0,
    "message_num_entries_pruned_min_free_space": 0,
    "message_num_entries_pruned_never_used": 4,
    "message_size_after_prune_kb": 372298,
    "message_size_before_prune_kb": 379303,
    "message_size_entries_pruned_expired_kb": 76,
    "message_size_pruned_limit_kb": 0,
    "message_size_pruned_max_realm_size_kb": 0,
    "message_size_pruned_min_free_space_kb": 0,
    "message_size_pruned_never_used_kb": 6928,
    "message_time_spent_pruning_ms": 0
  },
  {
    "timestamp_utc": "2024-03-20T18:07:04.596Z",
    "context_application_version": "8.7.20.1261",
    "context_conn_country": "IN",
    "context_device_manufacturer": "LENOVO",
    "context_device_model": "Lenovo TB-8504X",
    "context_device_type": "tablet",
    "context_os_name": "android",
    "context_os_version": "8.1.0",
    "context_receiver_service_timestamp": 1710958044417,
    "context_time": 1710958024596,
    "message_cache_id": "ttqdgVw7FdsxVYBeaTJaAQ==",
    "message_num_entries_pruned": 18,
    "message_num_entries_pruned_expired": 1,
    "message_num_entries_pruned_limit": 0,
    "message_num_entries_pruned_max_realm_size": 0,
    "message_num_entries_pruned_min_free_space": 0,
    "message_num_entries_pruned_never_used": 17,
    "message_size_after_prune_kb": 45564,
    "message_size_before_prune_kb": 49413,
    "message_size_entries_pruned_expired_kb": 11,
    "message_size_pruned_limit_kb": 0,
    "message_size_pruned_max_realm_size_kb": 0,
    "message_size_pruned_min_free_space_kb": 0,
    "message_size_pruned_never_used_kb": 3836,
    "message_time_spent_pruning_ms": 0
  },
  {
    "timestamp_utc": "2024-06-06T18:35:24.831Z",
    "context_application_version": "8.7.20.1261",
    "context_conn_country": "IN",
    "context_device_manufacturer": "realme",
    "context_device_model": "RMX3392",
    "context_device_type": "mobile",
    "context_os_name": "android",
    "context_os_version": "14",
    "context_receiver_service_timestamp": 1717698948126,
    "context_time": 1717698924831,
    "message_cache_id": "qpSqRGI3xxl5YGupV5HfCQ==",
    "message_num_entries_pruned": 11,
    "message_num_entries_pruned_expired": 1,
    "message_num_entries_pruned_limit": 0,
    "message_num_entries_pruned_max_realm_size": 0,
    "message_num_entries_pruned_min_free_space": 0,
    "message_num_entries_pruned_never_used": 10,
    "message_size_after_prune_kb": 632965,
    "message_size_before_prune_kb": 633139,
    "message_size_entries_pruned_expired_kb": 11,
    "message_size_pruned_limit_kb": 0,
    "message_size_pruned_max_realm_size_kb": 0,
    "message_size_pruned_min_free_space_kb": 0,
    "message_size_pruned_never_used_kb": 162,
    "message_time_spent_pruning_ms": 0
  },
  {
    "timestamp_utc": "2024-03-12T18:32:26.610Z",
    "context_application_version": "8.7.20.1261",
    "context_conn_country": "IN",
    "context_device_manufacturer": "realme",
    "context_device_model": "RMX3392",
    "context_device_type": "mobile",
    "context_os_name": "android",
    "context_os_version": "13",
    "context_receiver_service_timestamp": 1710268369560,
    "context_time": 1710268346610,
    "message_cache_id": "/zrved6YMq1pgWhnf9cPUQ==",
    "message_num_entries_pruned": 22,
    "message_num_entries_pruned_expired": 12,
    "message_num_entries_pruned_limit": 0,
    "message_num_entries_pruned_max_realm_size": 0,
    "message_num_entries_pruned_min_free_space": 0,
    "message_num_entries_pruned_never_used": 10,
    "message_size_after_prune_kb": 946779,
    "message_size_before_prune_kb": 961225,
    "message_size_entries_pruned_expired_kb": 8501,
    "message_size_pruned_limit_kb": 0,
    "message_size_pruned_max_realm_size_kb": 0,
    "message_size_pruned_min_free_space_kb": 0,
    "message_size_pruned_never_used_kb": 5944,
    "message_time_spent_pruning_ms": 0
  },
  {
    "timestamp_utc": "2024-05-02T18:45:08.818Z",
    "context_application_version": "8.7.20.1261",
    "context_conn_country": "IN",
    "context_device_manufacturer": "realme",
    "context_device_model": "RMX3392",
    "context_device_type": "mobile",
    "context_os_name": "android",
    "context_os_version": "14",
    "context_receiver_service_timestamp": 1714675520048,
    "context_time": 1714675508818,
    "message_cache_id": "qpSqRGI3xxl5YGupV5HfCQ==",
    "message_num_entries_pruned": 1,
    "message_num_entries_pruned_expired": 0,
    "message_num_entries_pruned_limit": 0,
    "message_num_entries_pruned_max_realm_size": 0,
    "message_num_entries_pruned_min_free_space": 0,
    "message_num_entries_pruned_never_used": 1,
    "message_size_after_prune_kb": 550893,
    "message_size_before_prune_kb": 553053,
    "message_size_entries_pruned_expired_kb": 0,
    "message_size_pruned_limit_kb": 0,
    "message_size_pruned_max_realm_size_kb": 0,
    "message_size_pruned_min_free_space_kb": 0,
    "message_size_pruned_never_used_kb": 2160,
    "message_time_spent_pruning_ms": 6
  },
  {
    "timestamp_utc": "2024-05-26T18:47:13.929Z",
    "context_application_version": "8.7.20.1261",
    "context_conn_country": "IN",
    "context_device_manufacturer": "realme",
    "context_device_model": "RMX3392",
    "context_device_type": "mobile",
    "context_os_name": "android",
    "context_os_version": "14",
    "context_receiver_service_timestamp": 1716749278107,
    "context_time": 1716749233929,
    "message_cache_id": "qpSqRGI3xxl5YGupV5HfCQ==",
    "message_num_entries_pruned": 13,
    "message_num_entries_pruned_expired": 10,
    "message_num_entries_pruned_limit": 0,
    "message_num_entries_pruned_max_realm_size": 0,
    "message_num_entries_pruned_min_free_space": 0,
    "message_num_entries_pruned_never_used": 3,
    "message_size_after_prune_kb": 559521,
    "message_size_before_prune_kb": 559815,
    "message_size_entries_pruned_expired_kb": 219,
    "message_size_pruned_limit_kb": 0,
    "message_size_pruned_max_realm_size_kb": 0,
    "message_size_pruned_min_free_space_kb": 0,
    "message_size_pruned_never_used_kb": 74,
    "message_time_spent_pruning_ms": 1
  },
  {
    "timestamp_utc": "2024-05-18T18:41:02.348Z",
    "context_application_version": "8.7.20.1261",
    "context_conn_country": "IN",
    "context_device_manufacturer": "realme",
    "context_device_model": "RMX3392",
    "context_device_type": "mobile",
    "context_os_name": "android",
    "context_os_version": "14",
    "context_receiver_service_timestamp": 1716057720415,
    "context_time": 1716057662348,
    "message_cache_id": "qpSqRGI3xxl5YGupV5HfCQ==",
    "message_num_entries_pruned": 15,
    "message_num_entries_pruned_expired": 14,
    "message_num_entries_pruned_limit": 0,
    "message_num_entries_pruned_max_realm_size": 0,
    "message_num_entries_pruned_min_free_space": 0,
    "message_num_entries_pruned_never_used": 1,
    "message_size_after_prune_kb": 538853,
    "message_size_before_prune_kb": 539564,
    "message_size_entries_pruned_expired_kb": 688,
    "message_size_pruned_limit_kb": 0,
    "message_size_pruned_max_realm_size_kb": 0,
    "message_size_pruned_min_free_space_kb": 0,
    "message_size_pruned_never_used_kb": 22,
    "message_time_spent_pruning_ms": 0
  },
  {
    "timestamp_utc": "2024-05-31T18:35:30.416Z",
    "context_application_version": "8.7.20.1261",
    "context_conn_country": "IN",
    "context_device_manufacturer": "realme",
    "context_device_model": "RMX3392",
    "context_device_type": "mobile",
    "context_os_name": "android",
    "context_os_version": "14",
    "context_receiver_service_timestamp": 1717180554501,
    "context_time": 1717180530416,
    "message_cache_id": "qpSqRGI3xxl5YGupV5HfCQ==",
    "message_num_entries_pruned": 3,
    "message_num_entries_pruned_expired": 2,
    "message_num_entries_pruned_limit": 0,
    "message_num_entries_pruned_max_realm_size": 0,
    "message_num_entries_pruned_min_free_space": 0,
    "message_num_entries_pruned_never_used": 1,
    "message_size_after_prune_kb": 568539,
    "message_size_before_prune_kb": 571835,
    "message_size_entries_pruned_expired_kb": 256,
    "message_size_pruned_limit_kb": 0,
    "message_size_pruned_max_realm_size_kb": 0,
    "message_size_pruned_min_free_space_kb": 0,
    "message_size_pruned_never_used_kb": 3039,
    "message_time_spent_pruning_ms": 3
  },
  {
    "timestamp_utc": "2024-04-06T10:26:40.061Z",
    "context_application_version": "8.7.20.1261",
    "context_conn_country": "IN",
    "context_device_manufacturer": "realme",
    "context_device_model": "RMX3392",
    "context_device_type": "mobile",
    "context_os_name": "android",
    "context_os_version": "13",
    "context_receiver_service_timestamp": 1712399221820,
    "context_time": 1712399200061,
    "message_cache_id": "qpSqRGI3xxl5YGupV5HfCQ==",
    "message_num_entries_pruned": 28,
    "message_num_entries_pruned_expired": 2,
    "message_num_entries_pruned_limit": 0,
    "message_num_entries_pruned_max_realm_size": 0,
    "message_num_entries_pruned_min_free_space": 0,
    "message_num_entries_pruned_never_used": 26,
    "message_size_after_prune_kb": 360155,
    "message_size_before_prune_kb": 360411,
    "message_size_entries_pruned_expired_kb": 18,
    "message_size_pruned_limit_kb": 0,
    "message_size_pruned_max_realm_size_kb": 0,
    "message_size_pruned_min_free_space_kb": 0,
    "message_size_pruned_never_used_kb": 237,
    "message_time_spent_pruning_ms": 0
  },
  {
    "timestamp_utc": "2024-04-28T18:54:07.827Z",
    "context_application_version": "8.7.20.1261",
    "context_conn_country": "IN",
    "context_device_manufacturer": "realme",
    "context_device_model": "RMX3392",
    "context_device_type": "mobile",
    "context_os_name": "android",
    "context_os_version": "14",
    "context_receiver_service_timestamp": 1714330470106,
    "context_time": 1714330447827,
    "message_cache_id": "qpSqRGI3xxl5YGupV5HfCQ==",
    "message_num_entries_pruned": 166,
    "message_num_entries_pruned_expired": 15,
    "message_num_entries_pruned_limit": 0,
    "message_num_entries_pruned_max_realm_size": 0,
    "message_num_entries_pruned_min_free_space": 0,
    "message_num_entries_pruned_never_used": 151,
    "message_size_after_prune_kb": 534215,
    "message_size_before_prune_kb": 537048,
    "message_size_entries_pruned_expired_kb": 380,
    "message_size_pruned_limit_kb": 0,
    "message_size_pruned_max_realm_size_kb": 0,
    "message_size_pruned_min_free_space_kb": 0,
    "message_size_pruned_never_used_kb": 2452,
    "message_time_spent_pruning_ms": 0
  },
  {
    "timestamp_utc": "2024-05-21T19:17:59.772Z",
    "context_application_version": "8.7.20.1261",
    "context_conn_country": "IN",
    "context_device_manufacturer": "realme",
    "context_device_model": "RMX3392",
    "context_device_type": "mobile",
    "context_os_name": "android",
    "context_os_version": "14",
    "context_receiver_service_timestamp": 1716319104282,
    "context_time": 1716319079772,
    "message_cache_id": "qpSqRGI3xxl5YGupV5HfCQ==",
    "message_num_entries_pruned": 1,
    "message_num_entries_pruned_expired": 1,
    "message_num_entries_pruned_limit": 0,
    "message_num_entries_pruned_max_realm_size": 0,
    "message_num_entries_pruned_min_free_space": 0,
    "message_num_entries_pruned_never_used": 0,
    "message_size_after_prune_kb": 538683,
    "message_size_before_prune_kb": 538811,
    "message_size_entries_pruned_expired_kb": 128,
    "message_size_pruned_limit_kb": 0,
    "message_size_pruned_max_realm_size_kb": 0,
    "message_size_pruned_min_free_space_kb": 0,
    "message_size_pruned_never_used_kb": 0,
    "message_time_spent_pruning_ms": 0
  },
  {
    "timestamp_utc": "2024-05-19T09:19:03.817Z",
    "context_application_version": "8.7.20.1261",
    "context_conn_country": "IN",
    "context_device_manufacturer": "LENOVO",
    "context_device_model": "Lenovo TB-8504X",
    "context_device_type": "tablet",
    "context_os_name": "android",
    "context_os_version": "8.1.0",
    "context_receiver_service_timestamp": 1716131407281,
    "context_time": 1716110343817,
    "message_cache_id": "ttqdgVw7FdsxVYBeaTJaAQ==",
    "message_num_entries_pruned": 21,
    "message_num_entries_pruned_expired": 0,
    "message_num_entries_pruned_limit": 0,
    "message_num_entries_pruned_max_realm_size": 0,
    "message_num_entries_pruned_min_free_space": 0,
    "message_num_entries_pruned_never_used": 21,
    "message_size_after_prune_kb": 21776,
    "message_size_before_prune_kb": 22249,
    "message_size_entries_pruned_expired_kb": 0,
    "message_size_pruned_limit_kb": 0,
    "message_size_pruned_max_realm_size_kb": 0,
    "message_size_pruned_min_free_space_kb": 0,
    "message_size_pruned_never_used_kb": 472,
    "message_time_spent_pruning_ms": 0
  },
  {
    "timestamp_utc": "2024-05-22T19:03:20.128Z",
    "context_application_version": "8.7.20.1261",
    "context_conn_country": "IN",
    "context_device_manufacturer": "realme",
    "context_device_model": "RMX3392",
    "context_device_type": "mobile",
    "context_os_name": "android",
    "context_os_version": "14",
    "context_receiver_service_timestamp": 1716404622410,
    "context_time": 1716404600128,
    "message_cache_id": "qpSqRGI3xxl5YGupV5HfCQ==",
    "message_num_entries_pruned": 13,
    "message_num_entries_pruned_expired": 13,
    "message_num_entries_pruned_limit": 0,
    "message_num_entries_pruned_max_realm_size": 0,
    "message_num_entries_pruned_min_free_space": 0,
    "message_num_entries_pruned_never_used": 0,
    "message_size_after_prune_kb": 536935,
    "message_size_before_prune_kb": 538484,
    "message_size_entries_pruned_expired_kb": 1548,
    "message_size_pruned_limit_kb": 0,
    "message_size_pruned_max_realm_size_kb": 0,
    "message_size_pruned_min_free_space_kb": 0,
    "message_size_pruned_never_used_kb": 0,
    "message_time_spent_pruning_ms": 0
  },
  {
    "timestamp_utc": "2024-04-04T19:52:03.267Z",
    "context_application_version": "8.7.20.1261",
    "context_conn_country": "IN",
    "context_device_manufacturer": "realme",
    "context_device_model": "RMX3392",
    "context_device_type": "mobile",
    "context_os_name": "android",
    "context_os_version": "13",
    "context_receiver_service_timestamp": 1712260348058,
    "context_time": 1712260323267,
    "message_cache_id": "qpSqRGI3xxl5YGupV5HfCQ==",
    "message_num_entries_pruned": 138,
    "message_num_entries_pruned_expired": 5,
    "message_num_entries_pruned_limit": 0,
    "message_num_entries_pruned_max_realm_size": 0,
    "message_num_entries_pruned_min_free_space": 0,
    "message_num_entries_pruned_never_used": 133,
    "message_size_after_prune_kb": 339319,
    "message_size_before_prune_kb": 342030,
    "message_size_entries_pruned_expired_kb": 191,
    "message_size_pruned_limit_kb": 0,
    "message_size_pruned_max_realm_size_kb": 0,
    "message_size_pruned_min_free_space_kb": 0,
    "message_size_pruned_never_used_kb": 2519,
    "message_time_spent_pruning_ms": 0
  },
  {
    "timestamp_utc": "2024-03-31T07:42:09.952Z",
    "context_application_version": "8.7.20.1261",
    "context_conn_country": "IN",
    "context_device_manufacturer": "realme",
    "context_device_model": "RMX3392",
    "context_device_type": "mobile",
    "context_os_name": "android",
    "context_os_version": "13",
    "context_receiver_service_timestamp": 1711870953120,
    "context_time": 1711870929952,
    "message_cache_id": "qpSqRGI3xxl5YGupV5HfCQ==",
    "message_num_entries_pruned": 2,
    "message_num_entries_pruned_expired": 1,
    "message_num_entries_pruned_limit": 0,
    "message_num_entries_pruned_max_realm_size": 0,
    "message_num_entries_pruned_min_free_space": 0,
    "message_num_entries_pruned_never_used": 1,
    "message_size_after_prune_kb": 285533,
    "message_size_before_prune_kb": 297898,
    "message_size_entries_pruned_expired_kb": 7413,
    "message_size_pruned_limit_kb": 0,
    "message_size_pruned_max_realm_size_kb": 0,
    "message_size_pruned_min_free_space_kb": 0,
    "message_size_pruned_never_used_kb": 4951,
    "message_time_spent_pruning_ms": 0
  },
  {
    "timestamp_utc": "2024-03-26T19:43:53.534Z",
    "context_application_version": "8.7.20.1261",
    "context_conn_country": "IN",
    "context_device_manufacturer": "LENOVO",
    "context_device_model": "Lenovo TB-8504X",
    "context_device_type": "tablet",
    "context_os_name": "android",
    "context_os_version": "8.1.0",
    "context_receiver_service_timestamp": 1711482253758,
    "context_time": 1711482233534,
    "message_cache_id": "ttqdgVw7FdsxVYBeaTJaAQ==",
    "message_num_entries_pruned": 102,
    "message_num_entries_pruned_expired": 26,
    "message_num_entries_pruned_limit": 0,
    "message_num_entries_pruned_max_realm_size": 0,
    "message_num_entries_pruned_min_free_space": 0,
    "message_num_entries_pruned_never_used": 76,
    "message_size_after_prune_kb": 43986,
    "message_size_before_prune_kb": 45460,
    "message_size_entries_pruned_expired_kb": 409,
    "message_size_pruned_limit_kb": 0,
    "message_size_pruned_max_realm_size_kb": 0,
    "message_size_pruned_min_free_space_kb": 0,
    "message_size_pruned_never_used_kb": 1064,
    "message_time_spent_pruning_ms": 4
  },
  {
    "timestamp_utc": "2024-05-13T16:46:11.076Z",
    "context_application_version": "8.7.20.1261",
    "context_conn_country": "IN",
    "context_device_manufacturer": "LENOVO",
    "context_device_model": "Lenovo TB-8504X",
    "context_device_type": "tablet",
    "context_os_name": "android",
    "context_os_version": "8.1.0",
    "context_receiver_service_timestamp": 1715618792020,
    "context_time": 1715618771076,
    "message_cache_id": "ttqdgVw7FdsxVYBeaTJaAQ==",
    "message_num_entries_pruned": 3,
    "message_num_entries_pruned_expired": 0,
    "message_num_entries_pruned_limit": 0,
    "message_num_entries_pruned_max_realm_size": 0,
    "message_num_entries_pruned_min_free_space": 0,
    "message_num_entries_pruned_never_used": 3,
    "message_size_after_prune_kb": 24496,
    "message_size_before_prune_kb": 33175,
    "message_size_entries_pruned_expired_kb": 0,
    "message_size_pruned_limit_kb": 0,
    "message_size_pruned_max_realm_size_kb": 0,
    "message_size_pruned_min_free_space_kb": 0,
    "message_size_pruned_never_used_kb": 8679,
    "message_time_spent_pruning_ms": 0
  },
  {
    "timestamp_utc": "2024-05-07T19:10:21.212Z",
    "context_application_version": "8.7.20.1261",
    "context_conn_country": "IN",
    "context_device_manufacturer": "realme",
    "context_device_model": "RMX3392",
    "context_device_type": "mobile",
    "context_os_name": "android",
    "context_os_version": "14",
    "context_receiver_service_timestamp": 1715109051235,
    "context_time": 1715109021212,
    "message_cache_id": "qpSqRGI3xxl5YGupV5HfCQ==",
    "message_num_entries_pruned": 20,
    "message_num_entries_pruned_expired": 12,
    "message_num_entries_pruned_limit": 0,
    "message_num_entries_pruned_max_realm_size": 0,
    "message_num_entries_pruned_min_free_space": 0,
    "message_num_entries_pruned_never_used": 8,
    "message_size_after_prune_kb": 549310,
    "message_size_before_prune_kb": 549875,
    "message_size_entries_pruned_expired_kb": 207,
    "message_size_pruned_limit_kb": 0,
    "message_size_pruned_max_realm_size_kb": 0,
    "message_size_pruned_min_free_space_kb": 0,
    "message_size_pruned_never_used_kb": 358,
    "message_time_spent_pruning_ms": 0
  },
  {
    "timestamp_utc": "2024-04-23T19:05:18.036Z",
    "context_application_version": "8.7.20.1261",
    "context_conn_country": "IN",
    "context_device_manufacturer": "realme",
    "context_device_model": "RMX3392",
    "context_device_type": "mobile",
    "context_os_name": "android",
    "context_os_version": "13",
    "context_receiver_service_timestamp": 1713899140875,
    "context_time": 1713899118036,
    "message_cache_id": "qpSqRGI3xxl5YGupV5HfCQ==",
    "message_num_entries_pruned": 2,
    "message_num_entries_pruned_expired": 0,
    "message_num_entries_pruned_limit": 0,
    "message_num_entries_pruned_max_realm_size": 0,
    "message_num_entries_pruned_min_free_space": 0,
    "message_num_entries_pruned_never_used": 2,
    "message_size_after_prune_kb": 529107,
    "message_size_before_prune_kb": 535301,
    "message_size_entries_pruned_expired_kb": 0,
    "message_size_pruned_limit_kb": 0,
    "message_size_pruned_max_realm_size_kb": 0,
    "message_size_pruned_min_free_space_kb": 0,
    "message_size_pruned_never_used_kb": 6194,
    "message_time_spent_pruning_ms": 0
  },
  {
    "timestamp_utc": "2024-04-28T15:09:33.578Z",
    "context_application_version": "8.7.20.1261",
    "context_conn_country": "IN",
    "context_device_manufacturer": "LENOVO",
    "context_device_model": "Lenovo TB-8504X",
    "context_device_type": "tablet",
    "context_os_name": "android",
    "context_os_version": "8.1.0",
    "context_receiver_service_timestamp": 1714316992426,
    "context_time": 1714316973578,
    "message_cache_id": "ttqdgVw7FdsxVYBeaTJaAQ==",
    "message_num_entries_pruned": 1,
    "message_num_entries_pruned_expired": 1,
    "message_num_entries_pruned_limit": 0,
    "message_num_entries_pruned_max_realm_size": 0,
    "message_num_entries_pruned_min_free_space": 0,
    "message_num_entries_pruned_never_used": 0,
    "message_size_after_prune_kb": 5623,
    "message_size_before_prune_kb": 5638,
    "message_size_entries_pruned_expired_kb": 15,
    "message_size_pruned_limit_kb": 0,
    "message_size_pruned_max_realm_size_kb": 0,
    "message_size_pruned_min_free_space_kb": 0,
    "message_size_pruned_never_used_kb": 0,
    "message_time_spent_pruning_ms": 0
  },
  {
    "timestamp_utc": "2024-03-14T18:49:15.934Z",
    "context_application_version": "8.7.20.1261",
    "context_conn_country": "IN",
    "context_device_manufacturer": "realme",
    "context_device_model": "RMX3392",
    "context_device_type": "mobile",
    "context_os_name": "android",
    "context_os_version": "13",
    "context_receiver_service_timestamp": 1710442178196,
    "context_time": 1710442155934,
    "message_cache_id": "/zrved6YMq1pgWhnf9cPUQ==",
    "message_num_entries_pruned": 162,
    "message_num_entries_pruned_expired": 12,
    "message_num_entries_pruned_limit": 0,
    "message_num_entries_pruned_max_realm_size": 0,
    "message_num_entries_pruned_min_free_space": 0,
    "message_num_entries_pruned_never_used": 150,
    "message_size_after_prune_kb": 968891,
    "message_size_before_prune_kb": 971681,
    "message_size_entries_pruned_expired_kb": 167,
    "message_size_pruned_limit_kb": 0,
    "message_size_pruned_max_realm_size_kb": 0,
    "message_size_pruned_min_free_space_kb": 0,
    "message_size_pruned_never_used_kb": 2621,
    "message_time_spent_pruning_ms": 0
  },
  {
    "timestamp_utc": "2024-05-23T18:33:41.270Z",
    "context_application_version": "8.7.20.1261",
    "context_conn_country": "IN",
    "context_device_manufacturer": "realme",
    "context_device_model": "RMX3392",
    "context_device_type": "mobile",
    "context_os_name": "android",
    "context_os_version": "14",
    "context_receiver_service_timestamp": 1716489243172,
    "context_time": 1716489221270,
    "message_cache_id": "qpSqRGI3xxl5YGupV5HfCQ==",
    "message_num_entries_pruned": 3,
    "message_num_entries_pruned_expired": 3,
    "message_num_entries_pruned_limit": 0,
    "message_num_entries_pruned_max_realm_size": 0,
    "message_num_entries_pruned_min_free_space": 0,
    "message_num_entries_pruned_never_used": 0,
    "message_size_after_prune_kb": 537224,
    "message_size_before_prune_kb": 537609,
    "message_size_entries_pruned_expired_kb": 384,
    "message_size_pruned_limit_kb": 0,
    "message_size_pruned_max_realm_size_kb": 0,
    "message_size_pruned_min_free_space_kb": 0,
    "message_size_pruned_never_used_kb": 0,
    "message_time_spent_pruning_ms": 0
  },
  {
    "timestamp_utc": "2024-04-19T02:27:15.340Z",
    "context_application_version": "8.7.20.1261",
    "context_conn_country": "IN",
    "context_device_manufacturer": "realme",
    "context_device_model": "RMX3392",
    "context_device_type": "mobile",
    "context_os_name": "android",
    "context_os_version": "13",
    "context_receiver_service_timestamp": 1713493738012,
    "context_time": 1713493635340,
    "message_cache_id": "qpSqRGI3xxl5YGupV5HfCQ==",
    "message_num_entries_pruned": 35,
    "message_num_entries_pruned_expired": 12,
    "message_num_entries_pruned_limit": 0,
    "message_num_entries_pruned_max_realm_size": 0,
    "message_num_entries_pruned_min_free_space": 0,
    "message_num_entries_pruned_never_used": 23,
    "message_size_after_prune_kb": 461571,
    "message_size_before_prune_kb": 462163,
    "message_size_entries_pruned_expired_kb": 246,
    "message_size_pruned_limit_kb": 0,
    "message_size_pruned_max_realm_size_kb": 0,
    "message_size_pruned_min_free_space_kb": 0,
    "message_size_pruned_never_used_kb": 345,
    "message_time_spent_pruning_ms": 0
  },
  {
    "timestamp_utc": "2024-03-17T18:41:33.168Z",
    "context_application_version": "8.7.20.1261",
    "context_conn_country": "IN",
    "context_device_manufacturer": "realme",
    "context_device_model": "RMX3392",
    "context_device_type": "mobile",
    "context_os_name": "android",
    "context_os_version": "13",
    "context_receiver_service_timestamp": 1710700915495,
    "context_time": 1710700893168,
    "message_cache_id": "/zrved6YMq1pgWhnf9cPUQ==",
    "message_num_entries_pruned": 7,
    "message_num_entries_pruned_expired": 3,
    "message_num_entries_pruned_limit": 0,
    "message_num_entries_pruned_max_realm_size": 0,
    "message_num_entries_pruned_min_free_space": 0,
    "message_num_entries_pruned_never_used": 4,
    "message_size_after_prune_kb": 984252,
    "message_size_before_prune_kb": 984845,
    "message_size_entries_pruned_expired_kb": 268,
    "message_size_pruned_limit_kb": 0,
    "message_size_pruned_max_realm_size_kb": 0,
    "message_size_pruned_min_free_space_kb": 0,
    "message_size_pruned_never_used_kb": 324,
    "message_time_spent_pruning_ms": 0
  },
  {
    "timestamp_utc": "2024-04-14T18:30:13.514Z",
    "context_application_version": "8.7.20.1261",
    "context_conn_country": "IN",
    "context_device_manufacturer": "realme",
    "context_device_model": "RMX3392",
    "context_device_type": "mobile",
    "context_os_name": "android",
    "context_os_version": "13",
    "context_receiver_service_timestamp": 1713119424647,
    "context_time": 1713119413514,
    "message_cache_id": "qpSqRGI3xxl5YGupV5HfCQ==",
    "message_num_entries_pruned": 2,
    "message_num_entries_pruned_expired": 0,
    "message_num_entries_pruned_limit": 0,
    "message_num_entries_pruned_max_realm_size": 0,
    "message_num_entries_pruned_min_free_space": 0,
    "message_num_entries_pruned_never_used": 2,
    "message_size_after_prune_kb": 423748,
    "message_size_before_prune_kb": 429314,
    "message_size_entries_pruned_expired_kb": 0,
    "message_size_pruned_limit_kb": 0,
    "message_size_pruned_max_realm_size_kb": 0,
    "message_size_pruned_min_free_space_kb": 0,
    "message_size_pruned_never_used_kb": 5566,
    "message_time_spent_pruning_ms": 4
  },
  {
    "timestamp_utc": "2024-04-07T22:01:28.636Z",
    "context_application_version": "8.7.20.1261",
    "context_conn_country": "IN",
    "context_device_manufacturer": "LENOVO",
    "context_device_model": "Lenovo TB-8504X",
    "context_device_type": "tablet",
    "context_os_name": "android",
    "context_os_version": "8.1.0",
    "context_receiver_service_timestamp": 1712527309860,
    "context_time": 1712527288636,
    "message_cache_id": "ttqdgVw7FdsxVYBeaTJaAQ==",
    "message_num_entries_pruned": 1,
    "message_num_entries_pruned_expired": 1,
    "message_num_entries_pruned_limit": 0,
    "message_num_entries_pruned_max_realm_size": 0,
    "message_num_entries_pruned_min_free_space": 0,
    "message_num_entries_pruned_never_used": 0,
    "message_size_after_prune_kb": 8208,
    "message_size_before_prune_kb": 8336,
    "message_size_entries_pruned_expired_kb": 128,
    "message_size_pruned_limit_kb": 0,
    "message_size_pruned_max_realm_size_kb": 0,
    "message_size_pruned_min_free_space_kb": 0,
    "message_size_pruned_never_used_kb": 0,
    "message_time_spent_pruning_ms": 0
  },
  {
    "timestamp_utc": "2024-03-29T18:34:46.081Z",
    "context_application_version": "8.7.20.1261",
    "context_conn_country": "IN",
    "context_device_manufacturer": "realme",
    "context_device_model": "RMX3392",
    "context_device_type": "mobile",
    "context_os_name": "android",
    "context_os_version": "13",
    "context_receiver_service_timestamp": 1711737313918,
    "context_time": 1711737286081,
    "message_cache_id": "qpSqRGI3xxl5YGupV5HfCQ==",
    "message_num_entries_pruned": 1,
    "message_num_entries_pruned_expired": 0,
    "message_num_entries_pruned_limit": 0,
    "message_num_entries_pruned_max_realm_size": 0,
    "message_num_entries_pruned_min_free_space": 0,
    "message_num_entries_pruned_never_used": 1,
    "message_size_after_prune_kb": 286236,
    "message_size_before_prune_kb": 289439,
    "message_size_entries_pruned_expired_kb": 0,
    "message_size_pruned_limit_kb": 0,
    "message_size_pruned_max_realm_size_kb": 0,
    "message_size_pruned_min_free_space_kb": 0,
    "message_size_pruned_never_used_kb": 3202,
    "message_time_spent_pruning_ms": 0
  },
  {
    "timestamp_utc": "2024-04-21T12:29:03.284Z",
    "context_application_version": "8.7.20.1261",
    "context_conn_country": "IN",
    "context_device_manufacturer": "realme",
    "context_device_model": "RMX3392",
    "context_device_type": "mobile",
    "context_os_name": "android",
    "context_os_version": "13",
    "context_receiver_service_timestamp": 1713702565220,
    "context_time": 1713702543284,
    "message_cache_id": "qpSqRGI3xxl5YGupV5HfCQ==",
    "message_num_entries_pruned": 49,
    "message_num_entries_pruned_expired": 31,
    "message_num_entries_pruned_limit": 0,
    "message_num_entries_pruned_max_realm_size": 0,
    "message_num_entries_pruned_min_free_space": 0,
    "message_num_entries_pruned_never_used": 18,
    "message_size_after_prune_kb": 460301,
    "message_size_before_prune_kb": 461691,
    "message_size_entries_pruned_expired_kb": 879,
    "message_size_pruned_limit_kb": 0,
    "message_size_pruned_max_realm_size_kb": 0,
    "message_size_pruned_min_free_space_kb": 0,
    "message_size_pruned_never_used_kb": 511,
    "message_time_spent_pruning_ms": 0
  },
  {
    "timestamp_utc": "2024-06-01T18:30:17.674Z",
    "context_application_version": "8.7.20.1261",
    "context_conn_country": "IN",
    "context_device_manufacturer": "realme",
    "context_device_model": "RMX3392",
    "context_device_type": "mobile",
    "context_os_name": "android",
    "context_os_version": "14",
    "context_receiver_service_timestamp": 1717266851233,
    "context_time": 1717266617674,
    "message_cache_id": "qpSqRGI3xxl5YGupV5HfCQ==",
    "message_num_entries_pruned": 15,
    "message_num_entries_pruned_expired": 13,
    "message_num_entries_pruned_limit": 0,
    "message_num_entries_pruned_max_realm_size": 0,
    "message_num_entries_pruned_min_free_space": 0,
    "message_num_entries_pruned_never_used": 2,
    "message_size_after_prune_kb": 575703,
    "message_size_before_prune_kb": 575908,
    "message_size_entries_pruned_expired_kb": 194,
    "message_size_pruned_limit_kb": 0,
    "message_size_pruned_max_realm_size_kb": 0,
    "message_size_pruned_min_free_space_kb": 0,
    "message_size_pruned_never_used_kb": 11,
    "message_time_spent_pruning_ms": 0
  },
  {
    "timestamp_utc": "2024-04-15T22:37:49.538Z",
    "context_application_version": "8.7.20.1261",
    "context_conn_country": "IN",
    "context_device_manufacturer": "realme",
    "context_device_model": "RMX3392",
    "context_device_type": "mobile",
    "context_os_name": "android",
    "context_os_version": "13",
    "context_receiver_service_timestamp": 1713220690611,
    "context_time": 1713220669538,
    "message_cache_id": "qpSqRGI3xxl5YGupV5HfCQ==",
    "message_num_entries_pruned": 58,
    "message_num_entries_pruned_expired": 7,
    "message_num_entries_pruned_limit": 0,
    "message_num_entries_pruned_max_realm_size": 0,
    "message_num_entries_pruned_min_free_space": 0,
    "message_num_entries_pruned_never_used": 51,
    "message_size_after_prune_kb": 443106,
    "message_size_before_prune_kb": 443356,
    "message_size_entries_pruned_expired_kb": 92,
    "message_size_pruned_limit_kb": 0,
    "message_size_pruned_max_realm_size_kb": 0,
    "message_size_pruned_min_free_space_kb": 0,
    "message_size_pruned_never_used_kb": 157,
    "message_time_spent_pruning_ms": 0
  },
  {
    "timestamp_utc": "2024-04-10T20:03:02.079Z",
    "context_application_version": "8.7.20.1261",
    "context_conn_country": "IN",
    "context_device_manufacturer": "realme",
    "context_device_model": "RMX3392",
    "context_device_type": "mobile",
    "context_os_name": "android",
    "context_os_version": "13",
    "context_receiver_service_timestamp": 1712779404633,
    "context_time": 1712779382079,
    "message_cache_id": "qpSqRGI3xxl5YGupV5HfCQ==",
    "message_num_entries_pruned": 56,
    "message_num_entries_pruned_expired": 9,
    "message_num_entries_pruned_limit": 0,
    "message_num_entries_pruned_max_realm_size": 0,
    "message_num_entries_pruned_min_free_space": 0,
    "message_num_entries_pruned_never_used": 47,
    "message_size_after_prune_kb": 382894,
    "message_size_before_prune_kb": 387168,
    "message_size_entries_pruned_expired_kb": 245,
    "message_size_pruned_limit_kb": 0,
    "message_size_pruned_max_realm_size_kb": 0,
    "message_size_pruned_min_free_space_kb": 0,
    "message_size_pruned_never_used_kb": 4027,
    "message_time_spent_pruning_ms": 0
  },
  {
    "timestamp_utc": "2024-06-05T23:11:41.690Z",
    "context_application_version": "8.7.20.1261",
    "context_conn_country": "IN",
    "context_device_manufacturer": "realme",
    "context_device_model": "RMX3392",
    "context_device_type": "mobile",
    "context_os_name": "android",
    "context_os_version": "14",
    "context_receiver_service_timestamp": 1717629124906,
    "context_time": 1717629101690,
    "message_cache_id": "qpSqRGI3xxl5YGupV5HfCQ==",
    "message_num_entries_pruned": 1,
    "message_num_entries_pruned_expired": 1,
    "message_num_entries_pruned_limit": 0,
    "message_num_entries_pruned_max_realm_size": 0,
    "message_num_entries_pruned_min_free_space": 0,
    "message_num_entries_pruned_never_used": 0,
    "message_size_after_prune_kb": 632995,
    "message_size_before_prune_kb": 633123,
    "message_size_entries_pruned_expired_kb": 128,
    "message_size_pruned_limit_kb": 0,
    "message_size_pruned_max_realm_size_kb": 0,
    "message_size_pruned_min_free_space_kb": 0,
    "message_size_pruned_never_used_kb": 0,
    "message_time_spent_pruning_ms": 0
  },
  {
    "timestamp_utc": "2024-03-12T15:32:46.863Z",
    "context_application_version": "8.7.20.1261",
    "context_conn_country": "IN",
    "context_device_manufacturer": "LENOVO",
    "context_device_model": "Lenovo TB-8504X",
    "context_device_type": "tablet",
    "context_os_name": "android",
    "context_os_version": "8.1.0",
    "context_receiver_service_timestamp": 1710257890795,
    "context_time": 1710257566863,
    "message_cache_id": "ttqdgVw7FdsxVYBeaTJaAQ==",
    "message_num_entries_pruned": 3,
    "message_num_entries_pruned_expired": 2,
    "message_num_entries_pruned_limit": 0,
    "message_num_entries_pruned_max_realm_size": 0,
    "message_num_entries_pruned_min_free_space": 0,
    "message_num_entries_pruned_never_used": 1,
    "message_size_after_prune_kb": 44555,
    "message_size_before_prune_kb": 44591,
    "message_size_entries_pruned_expired_kb": 23,
    "message_size_pruned_limit_kb": 0,
    "message_size_pruned_max_realm_size_kb": 0,
    "message_size_pruned_min_free_space_kb": 0,
    "message_size_pruned_never_used_kb": 11,
    "message_time_spent_pruning_ms": 3
  },
  {
    "timestamp_utc": "2024-04-08T19:22:19.990Z",
    "context_application_version": "8.7.20.1261",
    "context_conn_country": "IN",
    "context_device_manufacturer": "realme",
    "context_device_model": "RMX3392",
    "context_device_type": "mobile",
    "context_os_name": "android",
    "context_os_version": "13",
    "context_receiver_service_timestamp": 1712604161948,
    "context_time": 1712604139990,
    "message_cache_id": "qpSqRGI3xxl5YGupV5HfCQ==",
    "message_num_entries_pruned": 3,
    "message_num_entries_pruned_expired": 1,
    "message_num_entries_pruned_limit": 0,
    "message_num_entries_pruned_max_realm_size": 0,
    "message_num_entries_pruned_min_free_space": 0,
    "message_num_entries_pruned_never_used": 2,
    "message_size_after_prune_kb": 388197,
    "message_size_before_prune_kb": 388362,
    "message_size_entries_pruned_expired_kb": 23,
    "message_size_pruned_limit_kb": 0,
    "message_size_pruned_max_realm_size_kb": 0,
    "message_size_pruned_min_free_space_kb": 0,
    "message_size_pruned_never_used_kb": 141,
    "message_time_spent_pruning_ms": 0
  },
  {
    "timestamp_utc": "2024-03-15T19:15:51.856Z",
    "context_application_version": "8.7.20.1261",
    "context_conn_country": "IN",
    "context_device_manufacturer": "realme",
    "context_device_model": "RMX3392",
    "context_device_type": "mobile",
    "context_os_name": "android",
    "context_os_version": "13",
    "context_receiver_service_timestamp": 1710530181627,
    "context_time": 1710530151856,
    "message_cache_id": "/zrved6YMq1pgWhnf9cPUQ==",
    "message_num_entries_pruned": 127,
    "message_num_entries_pruned_expired": 27,
    "message_num_entries_pruned_limit": 0,
    "message_num_entries_pruned_max_realm_size": 0,
    "message_num_entries_pruned_min_free_space": 0,
    "message_num_entries_pruned_never_used": 100,
    "message_size_after_prune_kb": 965256,
    "message_size_before_prune_kb": 969081,
    "message_size_entries_pruned_expired_kb": 191,
    "message_size_pruned_limit_kb": 0,
    "message_size_pruned_max_realm_size_kb": 0,
    "message_size_pruned_min_free_space_kb": 0,
    "message_size_pruned_never_used_kb": 3633,
    "message_time_spent_pruning_ms": 0
  },
  {
    "timestamp_utc": "2024-06-01T17:37:57.052Z",
    "context_application_version": "8.7.20.1261",
    "context_conn_country": "IN",
    "context_device_manufacturer": "LENOVO",
    "context_device_model": "Lenovo TB-8504X",
    "context_device_type": "tablet",
    "context_os_name": "android",
    "context_os_version": "8.1.0",
    "context_receiver_service_timestamp": 1717263774644,
    "context_time": 1717263477052,
    "message_cache_id": "ttqdgVw7FdsxVYBeaTJaAQ==",
    "message_num_entries_pruned": 2,
    "message_num_entries_pruned_expired": 0,
    "message_num_entries_pruned_limit": 0,
    "message_num_entries_pruned_max_realm_size": 0,
    "message_num_entries_pruned_min_free_space": 0,
    "message_num_entries_pruned_never_used": 2,
    "message_size_after_prune_kb": 47692,
    "message_size_before_prune_kb": 53017,
    "message_size_entries_pruned_expired_kb": 0,
    "message_size_pruned_limit_kb": 0,
    "message_size_pruned_max_realm_size_kb": 0,
    "message_size_pruned_min_free_space_kb": 0,
    "message_size_pruned_never_used_kb": 5324,
    "message_time_spent_pruning_ms": 0
  },
  {
    "timestamp_utc": "2024-05-26T00:12:21.446Z",
    "context_application_version": "8.7.20.1261",
    "context_conn_country": "IN",
    "context_device_manufacturer": "realme",
    "context_device_model": "RMX3392",
    "context_device_type": "mobile",
    "context_os_name": "android",
    "context_os_version": "14",
    "context_receiver_service_timestamp": 1716682364304,
    "context_time": 1716682341446,
    "message_cache_id": "qpSqRGI3xxl5YGupV5HfCQ==",
    "message_num_entries_pruned": 2,
    "message_num_entries_pruned_expired": 2,
    "message_num_entries_pruned_limit": 0,
    "message_num_entries_pruned_max_realm_size": 0,
    "message_num_entries_pruned_min_free_space": 0,
    "message_num_entries_pruned_never_used": 0,
    "message_size_after_prune_kb": 559814,
    "message_size_before_prune_kb": 560071,
    "message_size_entries_pruned_expired_kb": 256,
    "message_size_pruned_limit_kb": 0,
    "message_size_pruned_max_realm_size_kb": 0,
    "message_size_pruned_min_free_space_kb": 0,
    "message_size_pruned_never_used_kb": 0,
    "message_time_spent_pruning_ms": 0
  },
  {
    "timestamp_utc": "2024-03-29T03:52:07.094Z",
    "context_application_version": "8.7.20.1261",
    "context_conn_country": "IN",
    "context_device_manufacturer": "realme",
    "context_device_model": "RMX3392",
    "context_device_type": "mobile",
    "context_os_name": "android",
    "context_os_version": "13",
    "context_receiver_service_timestamp": 1711684348651,
    "context_time": 1711684327094,
    "message_cache_id": "qpSqRGI3xxl5YGupV5HfCQ==",
    "message_num_entries_pruned": 1,
    "message_num_entries_pruned_expired": 0,
    "message_num_entries_pruned_limit": 0,
    "message_num_entries_pruned_max_realm_size": 0,
    "message_num_entries_pruned_min_free_space": 0,
    "message_num_entries_pruned_never_used": 1,
    "message_size_after_prune_kb": 289427,
    "message_size_before_prune_kb": 291819,
    "message_size_entries_pruned_expired_kb": 0,
    "message_size_pruned_limit_kb": 0,
    "message_size_pruned_max_realm_size_kb": 0,
    "message_size_pruned_min_free_space_kb": 0,
    "message_size_pruned_never_used_kb": 2392,
    "message_time_spent_pruning_ms": 0
  },
  {
    "timestamp_utc": "2024-03-19T18:32:25.103Z",
    "context_application_version": "8.7.20.1261",
    "context_conn_country": "IN",
    "context_device_manufacturer": "realme",
    "context_device_model": "RMX3392",
    "context_device_type": "mobile",
    "context_os_name": "android",
    "context_os_version": "13",
    "context_receiver_service_timestamp": 1710873158023,
    "context_time": 1710873145103,
    "message_cache_id": "/zrved6YMq1pgWhnf9cPUQ==",
    "message_num_entries_pruned": 34,
    "message_num_entries_pruned_expired": 17,
    "message_num_entries_pruned_limit": 0,
    "message_num_entries_pruned_max_realm_size": 0,
    "message_num_entries_pruned_min_free_space": 0,
    "message_num_entries_pruned_never_used": 17,
    "message_size_after_prune_kb": 964282,
    "message_size_before_prune_kb": 965766,
    "message_size_entries_pruned_expired_kb": 782,
    "message_size_pruned_limit_kb": 0,
    "message_size_pruned_max_realm_size_kb": 0,
    "message_size_pruned_min_free_space_kb": 0,
    "message_size_pruned_never_used_kb": 701,
    "message_time_spent_pruning_ms": 6
  },
  {
    "timestamp_utc": "2024-05-10T13:30:43.298Z",
    "context_application_version": "8.7.20.1261",
    "context_conn_country": "IN",
    "context_device_manufacturer": "realme",
    "context_device_model": "RMX3392",
    "context_device_type": "mobile",
    "context_os_name": "android",
    "context_os_version": "14",
    "context_receiver_service_timestamp": 1715347864561,
    "context_time": 1715347843298,
    "message_cache_id": "qpSqRGI3xxl5YGupV5HfCQ==",
    "message_num_entries_pruned": 82,
    "message_num_entries_pruned_expired": 72,
    "message_num_entries_pruned_limit": 0,
    "message_num_entries_pruned_max_realm_size": 0,
    "message_num_entries_pruned_min_free_space": 0,
    "message_num_entries_pruned_never_used": 10,
    "message_size_after_prune_kb": 547292,
    "message_size_before_prune_kb": 549537,
    "message_size_entries_pruned_expired_kb": 1895,
    "message_size_pruned_limit_kb": 0,
    "message_size_pruned_max_realm_size_kb": 0,
    "message_size_pruned_min_free_space_kb": 0,
    "message_size_pruned_never_used_kb": 349,
    "message_time_spent_pruning_ms": 1
  },
  {
    "timestamp_utc": "2024-05-05T18:39:52.342Z",
    "context_application_version": "8.7.20.1261",
    "context_conn_country": "IN",
    "context_device_manufacturer": "realme",
    "context_device_model": "RMX3392",
    "context_device_type": "mobile",
    "context_os_name": "android",
    "context_os_version": "14",
    "context_receiver_service_timestamp": 1714934736489,
    "context_time": 1714934392342,
    "message_cache_id": "qpSqRGI3xxl5YGupV5HfCQ==",
    "message_num_entries_pruned": 8,
    "message_num_entries_pruned_expired": 7,
    "message_num_entries_pruned_limit": 0,
    "message_num_entries_pruned_max_realm_size": 0,
    "message_num_entries_pruned_min_free_space": 0,
    "message_num_entries_pruned_never_used": 1,
    "message_size_after_prune_kb": 551905,
    "message_size_before_prune_kb": 552447,
    "message_size_entries_pruned_expired_kb": 535,
    "message_size_pruned_limit_kb": 0,
    "message_size_pruned_max_realm_size_kb": 0,
    "message_size_pruned_min_free_space_kb": 0,
    "message_size_pruned_never_used_kb": 6,
    "message_time_spent_pruning_ms": 1
  },
  {
    "timestamp_utc": "2024-03-11T19:30:03.190Z",
    "context_application_version": "8.7.20.1261",
    "context_conn_country": "IN",
    "context_device_manufacturer": "realme",
    "context_device_model": "RMX3392",
    "context_device_type": null,
    "context_os_name": "android",
    "context_os_version": "13",
    "context_receiver_service_timestamp": 1710185427217,
    "context_time": 1710185403190,
    "message_cache_id": "/zrved6YMq1pgWhnf9cPUQ==",
    "message_num_entries_pruned": 6,
    "message_num_entries_pruned_expired": 6,
    "message_num_entries_pruned_limit": 0,
    "message_num_entries_pruned_max_realm_size": 0,
    "message_num_entries_pruned_min_free_space": 0,
    "message_num_entries_pruned_never_used": 0,
    "message_size_after_prune_kb": 961225,
    "message_size_before_prune_kb": 961590,
    "message_size_entries_pruned_expired_kb": 364,
    "message_size_pruned_limit_kb": 0,
    "message_size_pruned_max_realm_size_kb": 0,
    "message_size_pruned_min_free_space_kb": 0,
    "message_size_pruned_never_used_kb": 0,
    "message_time_spent_pruning_ms": 0
  },
  {
    "timestamp_utc": "2024-05-06T21:23:57.313Z",
    "context_application_version": "8.7.20.1261",
    "context_conn_country": "IN",
    "context_device_manufacturer": "realme",
    "context_device_model": "RMX3392",
    "context_device_type": "mobile",
    "context_os_name": "android",
    "context_os_version": "14",
    "context_receiver_service_timestamp": 1715031841425,
    "context_time": 1715030637313,
    "message_cache_id": "qpSqRGI3xxl5YGupV5HfCQ==",
    "message_num_entries_pruned": 92,
    "message_num_entries_pruned_expired": 23,
    "message_num_entries_pruned_limit": 0,
    "message_num_entries_pruned_max_realm_size": 0,
    "message_num_entries_pruned_min_free_space": 0,
    "message_num_entries_pruned_never_used": 69,
    "message_size_after_prune_kb": 549875,
    "message_size_before_prune_kb": 552075,
    "message_size_entries_pruned_expired_kb": 499,
    "message_size_pruned_limit_kb": 0,
    "message_size_pruned_max_realm_size_kb": 0,
    "message_size_pruned_min_free_space_kb": 0,
    "message_size_pruned_never_used_kb": 1699,
    "message_time_spent_pruning_ms": 0
  },
  {
    "timestamp_utc": "2024-03-19T05:24:52.076Z",
    "context_application_version": "8.7.20.1261",
    "context_conn_country": "IN",
    "context_device_manufacturer": "realme",
    "context_device_model": "RMX3392",
    "context_device_type": "mobile",
    "context_os_name": "android",
    "context_os_version": "13",
    "context_receiver_service_timestamp": 1710825914725,
    "context_time": 1710825892076,
    "message_cache_id": "/zrved6YMq1pgWhnf9cPUQ==",
    "message_num_entries_pruned": 10,
    "message_num_entries_pruned_expired": 5,
    "message_num_entries_pruned_limit": 0,
    "message_num_entries_pruned_max_realm_size": 0,
    "message_num_entries_pruned_min_free_space": 0,
    "message_num_entries_pruned_never_used": 5,
    "message_size_after_prune_kb": 965276,
    "message_size_before_prune_kb": 984508,
    "message_size_entries_pruned_expired_kb": 5538,
    "message_size_pruned_limit_kb": 0,
    "message_size_pruned_max_realm_size_kb": 0,
    "message_size_pruned_min_free_space_kb": 0,
    "message_size_pruned_never_used_kb": 13694,
    "message_time_spent_pruning_ms": 0
  },
  {
    "timestamp_utc": "2024-05-20T19:17:12.044Z",
    "context_application_version": "8.7.20.1261",
    "context_conn_country": "IN",
    "context_device_manufacturer": "realme",
    "context_device_model": "RMX3392",
    "context_device_type": "mobile",
    "context_os_name": "android",
    "context_os_version": "14",
    "context_receiver_service_timestamp": 1716232653654,
    "context_time": 1716232632044,
    "message_cache_id": "qpSqRGI3xxl5YGupV5HfCQ==",
    "message_num_entries_pruned": 5,
    "message_num_entries_pruned_expired": 5,
    "message_num_entries_pruned_limit": 0,
    "message_num_entries_pruned_max_realm_size": 0,
    "message_num_entries_pruned_min_free_space": 0,
    "message_num_entries_pruned_never_used": 0,
    "message_size_after_prune_kb": 538724,
    "message_size_before_prune_kb": 538835,
    "message_size_entries_pruned_expired_kb": 111,
    "message_size_pruned_limit_kb": 0,
    "message_size_pruned_max_realm_size_kb": 0,
    "message_size_pruned_min_free_space_kb": 0,
    "message_size_pruned_never_used_kb": 0,
    "message_time_spent_pruning_ms": 0
  },
  {
    "timestamp_utc": "2024-05-15T16:30:40Z",
    "context_application_version": "8.7.20.1261",
    "context_conn_country": "IN",
    "context_device_manufacturer": "LENOVO",
    "context_device_model": "Lenovo TB-8504X",
    "context_device_type": "tablet",
    "context_os_name": "android",
    "context_os_version": "8.1.0",
    "context_receiver_service_timestamp": 1715790660873,
    "context_time": 1715790640000,
    "message_cache_id": "ttqdgVw7FdsxVYBeaTJaAQ==",
    "message_num_entries_pruned": 1,
    "message_num_entries_pruned_expired": 0,
    "message_num_entries_pruned_limit": 0,
    "message_num_entries_pruned_max_realm_size": 0,
    "message_num_entries_pruned_min_free_space": 0,
    "message_num_entries_pruned_never_used": 1,
    "message_size_after_prune_kb": 22248,
    "message_size_before_prune_kb": 24527,
    "message_size_entries_pruned_expired_kb": 0,
    "message_size_pruned_limit_kb": 0,
    "message_size_pruned_max_realm_size_kb": 0,
    "message_size_pruned_min_free_space_kb": 0,
    "message_size_pruned_never_used_kb": 2279,
    "message_time_spent_pruning_ms": 0
  },
  {
    "timestamp_utc": "2024-05-28T18:57:14.075Z",
    "context_application_version": "8.7.20.1261",
    "context_conn_country": "IN",
    "context_device_manufacturer": "realme",
    "context_device_model": "RMX3392",
    "context_device_type": "mobile",
    "context_os_name": "android",
    "context_os_version": "14",
    "context_receiver_service_timestamp": 1716922665360,
    "context_time": 1716922634075,
    "message_cache_id": "qpSqRGI3xxl5YGupV5HfCQ==",
    "message_num_entries_pruned": 61,
    "message_num_entries_pruned_expired": 39,
    "message_num_entries_pruned_limit": 0,
    "message_num_entries_pruned_max_realm_size": 0,
    "message_num_entries_pruned_min_free_space": 0,
    "message_num_entries_pruned_never_used": 22,
    "message_size_after_prune_kb": 558260,
    "message_size_before_prune_kb": 559602,
    "message_size_entries_pruned_expired_kb": 1020,
    "message_size_pruned_limit_kb": 0,
    "message_size_pruned_max_realm_size_kb": 0,
    "message_size_pruned_min_free_space_kb": 0,
    "message_size_pruned_never_used_kb": 321,
    "message_time_spent_pruning_ms": 0
  },
  {
    "timestamp_utc": "2024-05-18T06:28:16.963Z",
    "context_application_version": "8.7.20.1261",
    "context_conn_country": "IN",
    "context_device_manufacturer": "realme",
    "context_device_model": "RMX3392",
    "context_device_type": "mobile",
    "context_os_name": "android",
    "context_os_version": "14",
    "context_receiver_service_timestamp": 1716013723388,
    "context_time": 1716013696963,
    "message_cache_id": "qpSqRGI3xxl5YGupV5HfCQ==",
    "message_num_entries_pruned": 73,
    "message_num_entries_pruned_expired": 44,
    "message_num_entries_pruned_limit": 0,
    "message_num_entries_pruned_max_realm_size": 0,
    "message_num_entries_pruned_min_free_space": 0,
    "message_num_entries_pruned_never_used": 29,
    "message_size_after_prune_kb": 539470,
    "message_size_before_prune_kb": 542052,
    "message_size_entries_pruned_expired_kb": 1444,
    "message_size_pruned_limit_kb": 0,
    "message_size_pruned_max_realm_size_kb": 0,
    "message_size_pruned_min_free_space_kb": 0,
    "message_size_pruned_never_used_kb": 1137,
    "message_time_spent_pruning_ms": 0
  },
  {
    "timestamp_utc": "2024-05-01T13:35:22.741Z",
    "context_application_version": "8.7.20.1261",
    "context_conn_country": "IN",
    "context_device_manufacturer": "realme",
    "context_device_model": "RMX3392",
    "context_device_type": "mobile",
    "context_os_name": "android",
    "context_os_version": "14",
    "context_receiver_service_timestamp": 1714570546242,
    "context_time": 1714570522741,
    "message_cache_id": "qpSqRGI3xxl5YGupV5HfCQ==",
    "message_num_entries_pruned": 72,
    "message_num_entries_pruned_expired": 21,
    "message_num_entries_pruned_limit": 0,
    "message_num_entries_pruned_max_realm_size": 0,
    "message_num_entries_pruned_min_free_space": 0,
    "message_num_entries_pruned_never_used": 51,
    "message_size_after_prune_kb": 541517,
    "message_size_before_prune_kb": 557395,
    "message_size_entries_pruned_expired_kb": 610,
    "message_size_pruned_limit_kb": 0,
    "message_size_pruned_max_realm_size_kb": 0,
    "message_size_pruned_min_free_space_kb": 0,
    "message_size_pruned_never_used_kb": 15267,
    "message_time_spent_pruning_ms": 0
  },
  {
    "timestamp_utc": "2024-04-27T08:22:39.270Z",
    "context_application_version": "8.7.20.1261",
    "context_conn_country": "IN",
    "context_device_manufacturer": "realme",
    "context_device_model": "RMX3392",
    "context_device_type": "mobile",
    "context_os_name": "android",
    "context_os_version": "14",
    "context_receiver_service_timestamp": 1714206199070,
    "context_time": 1714206159270,
    "message_cache_id": "qpSqRGI3xxl5YGupV5HfCQ==",
    "message_num_entries_pruned": 3,
    "message_num_entries_pruned_expired": 3,
    "message_num_entries_pruned_limit": 0,
    "message_num_entries_pruned_max_realm_size": 0,
    "message_num_entries_pruned_min_free_space": 0,
    "message_num_entries_pruned_never_used": 0,
    "message_size_after_prune_kb": 537126,
    "message_size_before_prune_kb": 537510,
    "message_size_entries_pruned_expired_kb": 384,
    "message_size_pruned_limit_kb": 0,
    "message_size_pruned_max_realm_size_kb": 0,
    "message_size_pruned_min_free_space_kb": 0,
    "message_size_pruned_never_used_kb": 0,
    "message_time_spent_pruning_ms": 0
  },
  {
    "timestamp_utc": "2024-05-23T21:45:28.574Z",
    "context_application_version": "8.7.20.1261",
    "context_conn_country": "IN",
    "context_device_manufacturer": "LENOVO",
    "context_device_model": "Lenovo TB-8504X",
    "context_device_type": "tablet",
    "context_os_name": "android",
    "context_os_version": "8.1.0",
    "context_receiver_service_timestamp": 1716500749390,
    "context_time": 1716500728574,
    "message_cache_id": "ttqdgVw7FdsxVYBeaTJaAQ==",
    "message_num_entries_pruned": 38,
    "message_num_entries_pruned_expired": 21,
    "message_num_entries_pruned_limit": 0,
    "message_num_entries_pruned_max_realm_size": 0,
    "message_num_entries_pruned_min_free_space": 0,
    "message_num_entries_pruned_never_used": 17,
    "message_size_after_prune_kb": 21111,
    "message_size_before_prune_kb": 21718,
    "message_size_entries_pruned_expired_kb": 271,
    "message_size_pruned_limit_kb": 0,
    "message_size_pruned_max_realm_size_kb": 0,
    "message_size_pruned_min_free_space_kb": 0,
    "message_size_pruned_never_used_kb": 336,
    "message_time_spent_pruning_ms": 1
  },
  {
    "timestamp_utc": "2024-03-14T04:57:01.773Z",
    "context_application_version": "8.7.20.1261",
    "context_conn_country": "IN",
    "context_device_manufacturer": "realme",
    "context_device_model": "RMX3392",
    "context_device_type": "mobile",
    "context_os_name": "android",
    "context_os_version": "13",
    "context_receiver_service_timestamp": 1710392243930,
    "context_time": 1710392221773,
    "message_cache_id": "/zrved6YMq1pgWhnf9cPUQ==",
    "message_num_entries_pruned": 6,
    "message_num_entries_pruned_expired": 5,
    "message_num_entries_pruned_limit": 0,
    "message_num_entries_pruned_max_realm_size": 0,
    "message_num_entries_pruned_min_free_space": 0,
    "message_num_entries_pruned_never_used": 1,
    "message_size_after_prune_kb": 971324,
    "message_size_before_prune_kb": 985373,
    "message_size_entries_pruned_expired_kb": 12446,
    "message_size_pruned_limit_kb": 0,
    "message_size_pruned_max_realm_size_kb": 0,
    "message_size_pruned_min_free_space_kb": 0,
    "message_size_pruned_never_used_kb": 1602,
    "message_time_spent_pruning_ms": 2
  },
  {
    "timestamp_utc": "2024-05-29T18:36:17.436Z",
    "context_application_version": "8.7.20.1261",
    "context_conn_country": "IN",
    "context_device_manufacturer": "realme",
    "context_device_model": "RMX3392",
    "context_device_type": "mobile",
    "context_os_name": "android",
    "context_os_version": "14",
    "context_receiver_service_timestamp": 1717007799696,
    "context_time": 1717007777436,
    "message_cache_id": "qpSqRGI3xxl5YGupV5HfCQ==",
    "message_num_entries_pruned": 1,
    "message_num_entries_pruned_expired": 1,
    "message_num_entries_pruned_limit": 0,
    "message_num_entries_pruned_max_realm_size": 0,
    "message_num_entries_pruned_min_free_space": 0,
    "message_num_entries_pruned_never_used": 0,
    "message_size_after_prune_kb": 558755,
    "message_size_before_prune_kb": 558883,
    "message_size_entries_pruned_expired_kb": 128,
    "message_size_pruned_limit_kb": 0,
    "message_size_pruned_max_realm_size_kb": 0,
    "message_size_pruned_min_free_space_kb": 0,
    "message_size_pruned_never_used_kb": 0,
    "message_time_spent_pruning_ms": 0
  },
  {
    "timestamp_utc": "2024-05-11T06:54:32.409Z",
    "context_application_version": "8.7.20.1261",
    "context_conn_country": "IN",
    "context_device_manufacturer": "realme",
    "context_device_model": "RMX3392",
    "context_device_type": "mobile",
    "context_os_name": "android",
    "context_os_version": "14",
    "context_receiver_service_timestamp": 1715410514555,
    "context_time": 1715410472409,
    "message_cache_id": "qpSqRGI3xxl5YGupV5HfCQ==",
    "message_num_entries_pruned": 5,
    "message_num_entries_pruned_expired": 3,
    "message_num_entries_pruned_limit": 0,
    "message_num_entries_pruned_max_realm_size": 0,
    "message_num_entries_pruned_min_free_space": 0,
    "message_num_entries_pruned_never_used": 2,
    "message_size_after_prune_kb": 547203,
    "message_size_before_prune_kb": 547256,
    "message_size_entries_pruned_expired_kb": 38,
    "message_size_pruned_limit_kb": 0,
    "message_size_pruned_max_realm_size_kb": 0,
    "message_size_pruned_min_free_space_kb": 0,
    "message_size_pruned_never_used_kb": 14,
    "message_time_spent_pruning_ms": 0
  },
  {
    "timestamp_utc": "2024-03-16T18:58:03.028Z",
    "context_application_version": "8.7.20.1261",
    "context_conn_country": "IN",
    "context_device_manufacturer": "realme",
    "context_device_model": "RMX3392",
    "context_device_type": "mobile",
    "context_os_name": "android",
    "context_os_version": "13",
    "context_receiver_service_timestamp": 1710615538226,
    "context_time": 1710615483028,
    "message_cache_id": "/zrved6YMq1pgWhnf9cPUQ==",
    "message_num_entries_pruned": 12,
    "message_num_entries_pruned_expired": 5,
    "message_num_entries_pruned_limit": 0,
    "message_num_entries_pruned_max_realm_size": 0,
    "message_num_entries_pruned_min_free_space": 0,
    "message_num_entries_pruned_never_used": 7,
    "message_size_after_prune_kb": 984461,
    "message_size_before_prune_kb": 988776,
    "message_size_entries_pruned_expired_kb": 339,
    "message_size_pruned_limit_kb": 0,
    "message_size_pruned_max_realm_size_kb": 0,
    "message_size_pruned_min_free_space_kb": 0,
    "message_size_pruned_never_used_kb": 3974,
    "message_time_spent_pruning_ms": 0
  },
  {
    "timestamp_utc": "2024-04-23T02:38:34.991Z",
    "context_application_version": "8.7.20.1261",
    "context_conn_country": "IN",
    "context_device_manufacturer": "realme",
    "context_device_model": "RMX3392",
    "context_device_type": "mobile",
    "context_os_name": "android",
    "context_os_version": "13",
    "context_receiver_service_timestamp": 1713839937497,
    "context_time": 1713839914991,
    "message_cache_id": "qpSqRGI3xxl5YGupV5HfCQ==",
    "message_num_entries_pruned": 2,
    "message_num_entries_pruned_expired": 2,
    "message_num_entries_pruned_limit": 0,
    "message_num_entries_pruned_max_realm_size": 0,
    "message_num_entries_pruned_min_free_space": 0,
    "message_num_entries_pruned_never_used": 0,
    "message_size_after_prune_kb": 521344,
    "message_size_before_prune_kb": 521486,
    "message_size_entries_pruned_expired_kb": 141,
    "message_size_pruned_limit_kb": 0,
    "message_size_pruned_max_realm_size_kb": 0,
    "message_size_pruned_min_free_space_kb": 0,
    "message_size_pruned_never_used_kb": 0,
    "message_time_spent_pruning_ms": 0
  },
  {
    "timestamp_utc": "2024-05-02T18:32:54.817Z",
    "context_application_version": "8.7.20.1261",
    "context_conn_country": "IN",
    "context_device_manufacturer": "realme",
    "context_device_model": "RMX3392",
    "context_device_type": "mobile",
    "context_os_name": "android",
    "context_os_version": "14",
    "context_receiver_service_timestamp": 1714674837754,
    "context_time": 1714674774817,
    "message_cache_id": "qpSqRGI3xxl5YGupV5HfCQ==",
    "message_num_entries_pruned": 53,
    "message_num_entries_pruned_expired": 32,
    "message_num_entries_pruned_limit": 0,
    "message_num_entries_pruned_max_realm_size": 0,
    "message_num_entries_pruned_min_free_space": 0,
    "message_num_entries_pruned_never_used": 21,
    "message_size_after_prune_kb": 552858,
    "message_size_before_prune_kb": 554516,
    "message_size_entries_pruned_expired_kb": 888,
    "message_size_pruned_limit_kb": 0,
    "message_size_pruned_max_realm_size_kb": 0,
    "message_size_pruned_min_free_space_kb": 0,
    "message_size_pruned_never_used_kb": 769,
    "message_time_spent_pruning_ms": 0
  },
  {
    "timestamp_utc": "2024-06-03T21:33:32.241Z",
    "context_application_version": "8.7.20.1261",
    "context_conn_country": "IN",
    "context_device_manufacturer": "realme",
    "context_device_model": "RMX3392",
    "context_device_type": "mobile",
    "context_os_name": "android",
    "context_os_version": "14",
    "context_receiver_service_timestamp": 1717450434100,
    "context_time": 1717450412241,
    "message_cache_id": "qpSqRGI3xxl5YGupV5HfCQ==",
    "message_num_entries_pruned": 4,
    "message_num_entries_pruned_expired": 3,
    "message_num_entries_pruned_limit": 0,
    "message_num_entries_pruned_max_realm_size": 0,
    "message_num_entries_pruned_min_free_space": 0,
    "message_num_entries_pruned_never_used": 1,
    "message_size_after_prune_kb": 575632,
    "message_size_before_prune_kb": 575838,
    "message_size_entries_pruned_expired_kb": 143,
    "message_size_pruned_limit_kb": 0,
    "message_size_pruned_max_realm_size_kb": 0,
    "message_size_pruned_min_free_space_kb": 0,
    "message_size_pruned_never_used_kb": 62,
    "message_time_spent_pruning_ms": 0
  },
  {
    "timestamp_utc": "2024-04-06T18:59:04.053Z",
    "context_application_version": "8.7.20.1261",
    "context_conn_country": "IN",
    "context_device_manufacturer": "realme",
    "context_device_model": "RMX3392",
    "context_device_type": "mobile",
    "context_os_name": "android",
    "context_os_version": "13",
    "context_receiver_service_timestamp": 1712429965697,
    "context_time": 1712429944053,
    "message_cache_id": "qpSqRGI3xxl5YGupV5HfCQ==",
    "message_num_entries_pruned": 11,
    "message_num_entries_pruned_expired": 7,
    "message_num_entries_pruned_limit": 0,
    "message_num_entries_pruned_max_realm_size": 0,
    "message_num_entries_pruned_min_free_space": 0,
    "message_num_entries_pruned_never_used": 4,
    "message_size_after_prune_kb": 356830,
    "message_size_before_prune_kb": 360046,
    "message_size_entries_pruned_expired_kb": 152,
    "message_size_pruned_limit_kb": 0,
    "message_size_pruned_max_realm_size_kb": 0,
    "message_size_pruned_min_free_space_kb": 0,
    "message_size_pruned_never_used_kb": 3063,
    "message_time_spent_pruning_ms": 0
  },
  {
    "timestamp_utc": "2024-05-02T09:49:13.093Z",
    "context_application_version": "8.7.20.1261",
    "context_conn_country": "IN",
    "context_device_manufacturer": "realme",
    "context_device_model": "RMX3392",
    "context_device_type": "mobile",
    "context_os_name": "android",
    "context_os_version": "14",
    "context_receiver_service_timestamp": 1714643373336,
    "context_time": 1714643353093,
    "message_cache_id": "qpSqRGI3xxl5YGupV5HfCQ==",
    "message_num_entries_pruned": 7,
    "message_num_entries_pruned_expired": 4,
    "message_num_entries_pruned_limit": 0,
    "message_num_entries_pruned_max_realm_size": 0,
    "message_num_entries_pruned_min_free_space": 0,
    "message_num_entries_pruned_never_used": 3,
    "message_size_after_prune_kb": 554474,
    "message_size_before_prune_kb": 560994,
    "message_size_entries_pruned_expired_kb": 321,
    "message_size_pruned_limit_kb": 0,
    "message_size_pruned_max_realm_size_kb": 0,
    "message_size_pruned_min_free_space_kb": 0,
    "message_size_pruned_never_used_kb": 6198,
    "message_time_spent_pruning_ms": 1
  },
  {
    "timestamp_utc": "2024-04-17T19:03:47.928Z",
    "context_application_version": "8.7.20.1261",
    "context_conn_country": "IN",
    "context_device_manufacturer": "realme",
    "context_device_model": "RMX3392",
    "context_device_type": "mobile",
    "context_os_name": "android",
    "context_os_version": "13",
    "context_receiver_service_timestamp": 1713380650348,
    "context_time": 1713380627928,
    "message_cache_id": "qpSqRGI3xxl5YGupV5HfCQ==",
    "message_num_entries_pruned": 3,
    "message_num_entries_pruned_expired": 1,
    "message_num_entries_pruned_limit": 0,
    "message_num_entries_pruned_max_realm_size": 0,
    "message_num_entries_pruned_min_free_space": 0,
    "message_num_entries_pruned_never_used": 2,
    "message_size_after_prune_kb": 460657,
    "message_size_before_prune_kb": 460733,
    "message_size_entries_pruned_expired_kb": 9,
    "message_size_pruned_limit_kb": 0,
    "message_size_pruned_max_realm_size_kb": 0,
    "message_size_pruned_min_free_space_kb": 0,
    "message_size_pruned_never_used_kb": 66,
    "message_time_spent_pruning_ms": 0
  },
  {
    "timestamp_utc": "2024-03-09T18:32:44.768Z",
    "context_application_version": "8.7.20.1261",
    "context_conn_country": "IN",
    "context_device_manufacturer": "realme",
    "context_device_model": "RMX3392",
    "context_device_type": null,
    "context_os_name": "android",
    "context_os_version": "13",
    "context_receiver_service_timestamp": 1710009188071,
    "context_time": 1710009164768,
    "message_cache_id": "/zrved6YMq1pgWhnf9cPUQ==",
    "message_num_entries_pruned": 3,
    "message_num_entries_pruned_expired": 3,
    "message_num_entries_pruned_limit": 0,
    "message_num_entries_pruned_max_realm_size": 0,
    "message_num_entries_pruned_min_free_space": 0,
    "message_num_entries_pruned_never_used": 0,
    "message_size_after_prune_kb": 883260,
    "message_size_before_prune_kb": 922247,
    "message_size_entries_pruned_expired_kb": 38986,
    "message_size_pruned_limit_kb": 0,
    "message_size_pruned_max_realm_size_kb": 0,
    "message_size_pruned_min_free_space_kb": 0,
    "message_size_pruned_never_used_kb": 0,
    "message_time_spent_pruning_ms": 0
  },
  {
    "timestamp_utc": "2024-05-14T18:38:42.027Z",
    "context_application_version": "8.7.20.1261",
    "context_conn_country": "IN",
    "context_device_manufacturer": "realme",
    "context_device_model": "RMX3392",
    "context_device_type": "mobile",
    "context_os_name": "android",
    "context_os_version": "14",
    "context_receiver_service_timestamp": 1715711974213,
    "context_time": 1715711922027,
    "message_cache_id": "qpSqRGI3xxl5YGupV5HfCQ==",
    "message_num_entries_pruned": 2,
    "message_num_entries_pruned_expired": 2,
    "message_num_entries_pruned_limit": 0,
    "message_num_entries_pruned_max_realm_size": 0,
    "message_num_entries_pruned_min_free_space": 0,
    "message_num_entries_pruned_never_used": 0,
    "message_size_after_prune_kb": 542033,
    "message_size_before_prune_kb": 542289,
    "message_size_entries_pruned_expired_kb": 256,
    "message_size_pruned_limit_kb": 0,
    "message_size_pruned_max_realm_size_kb": 0,
    "message_size_pruned_min_free_space_kb": 0,
    "message_size_pruned_never_used_kb": 0,
    "message_time_spent_pruning_ms": 0
  },
  {
    "timestamp_utc": "2024-04-16T18:46:55.926Z",
    "context_application_version": "8.7.20.1261",
    "context_conn_country": "IN",
    "context_device_manufacturer": "realme",
    "context_device_model": "RMX3392",
    "context_device_type": "mobile",
    "context_os_name": "android",
    "context_os_version": "13",
    "context_receiver_service_timestamp": 1713293237409,
    "context_time": 1713293215926,
    "message_cache_id": "qpSqRGI3xxl5YGupV5HfCQ==",
    "message_num_entries_pruned": 23,
    "message_num_entries_pruned_expired": 4,
    "message_num_entries_pruned_limit": 0,
    "message_num_entries_pruned_max_realm_size": 0,
    "message_num_entries_pruned_min_free_space": 0,
    "message_num_entries_pruned_never_used": 19,
    "message_size_after_prune_kb": 457092,
    "message_size_before_prune_kb": 457834,
    "message_size_entries_pruned_expired_kb": 163,
    "message_size_pruned_limit_kb": 0,
    "message_size_pruned_max_realm_size_kb": 0,
    "message_size_pruned_min_free_space_kb": 0,
    "message_size_pruned_never_used_kb": 579,
    "message_time_spent_pruning_ms": 0
  },
  {
    "timestamp_utc": "2024-03-11T04:53:58.999Z",
    "context_application_version": "8.7.20.1261",
    "context_conn_country": "IN",
    "context_device_manufacturer": "realme",
    "context_device_model": "RMX3392",
    "context_device_type": null,
    "context_os_name": "android",
    "context_os_version": "13",
    "context_receiver_service_timestamp": 1710132861074,
    "context_time": 1710132838999,
    "message_cache_id": "/zrved6YMq1pgWhnf9cPUQ==",
    "message_num_entries_pruned": 3,
    "message_num_entries_pruned_expired": 2,
    "message_num_entries_pruned_limit": 0,
    "message_num_entries_pruned_max_realm_size": 0,
    "message_num_entries_pruned_min_free_space": 0,
    "message_num_entries_pruned_never_used": 1,
    "message_size_after_prune_kb": 869556,
    "message_size_before_prune_kb": 883419,
    "message_size_entries_pruned_expired_kb": 11301,
    "message_size_pruned_limit_kb": 0,
    "message_size_pruned_max_realm_size_kb": 0,
    "message_size_pruned_min_free_space_kb": 0,
    "message_size_pruned_never_used_kb": 2561,
    "message_time_spent_pruning_ms": 0
  },
  {
    "timestamp_utc": "2024-04-21T18:40:03.397Z",
    "context_application_version": "8.7.20.1261",
    "context_conn_country": "IN",
    "context_device_manufacturer": "realme",
    "context_device_model": "RMX3392",
    "context_device_type": "mobile",
    "context_os_name": "android",
    "context_os_version": "13",
    "context_receiver_service_timestamp": 1713724814672,
    "context_time": 1713724803397,
    "message_cache_id": "qpSqRGI3xxl5YGupV5HfCQ==",
    "message_num_entries_pruned": 22,
    "message_num_entries_pruned_expired": 11,
    "message_num_entries_pruned_limit": 0,
    "message_num_entries_pruned_max_realm_size": 0,
    "message_num_entries_pruned_min_free_space": 0,
    "message_num_entries_pruned_never_used": 11,
    "message_size_after_prune_kb": 454453,
    "message_size_before_prune_kb": 460436,
    "message_size_entries_pruned_expired_kb": 399,
    "message_size_pruned_limit_kb": 0,
    "message_size_pruned_max_realm_size_kb": 0,
    "message_size_pruned_min_free_space_kb": 0,
    "message_size_pruned_never_used_kb": 5582,
    "message_time_spent_pruning_ms": 1
  },
  {
    "timestamp_utc": "2024-05-19T18:36:47.612Z",
    "context_application_version": "8.7.20.1261",
    "context_conn_country": "IN",
    "context_device_manufacturer": "realme",
    "context_device_model": "RMX3392",
    "context_device_type": "mobile",
    "context_os_name": "android",
    "context_os_version": "14",
    "context_receiver_service_timestamp": 1716143818433,
    "context_time": 1716143807612,
    "message_cache_id": "qpSqRGI3xxl5YGupV5HfCQ==",
    "message_num_entries_pruned": 2,
    "message_num_entries_pruned_expired": 2,
    "message_num_entries_pruned_limit": 0,
    "message_num_entries_pruned_max_realm_size": 0,
    "message_num_entries_pruned_min_free_space": 0,
    "message_num_entries_pruned_never_used": 0,
    "message_size_after_prune_kb": 538794,
    "message_size_before_prune_kb": 538943,
    "message_size_entries_pruned_expired_kb": 148,
    "message_size_pruned_limit_kb": 0,
    "message_size_pruned_max_realm_size_kb": 0,
    "message_size_pruned_min_free_space_kb": 0,
    "message_size_pruned_never_used_kb": 0,
    "message_time_spent_pruning_ms": 35
  },
  {
    "timestamp_utc": "2024-04-24T19:37:09.010Z",
    "context_application_version": "8.7.20.1261",
    "context_conn_country": "IN",
    "context_device_manufacturer": "realme",
    "context_device_model": "RMX3392",
    "context_device_type": "mobile",
    "context_os_name": "android",
    "context_os_version": "13",
    "context_receiver_service_timestamp": 1713987527120,
    "context_time": 1713987429010,
    "message_cache_id": "qpSqRGI3xxl5YGupV5HfCQ==",
    "message_num_entries_pruned": 2,
    "message_num_entries_pruned_expired": 1,
    "message_num_entries_pruned_limit": 0,
    "message_num_entries_pruned_max_realm_size": 0,
    "message_num_entries_pruned_min_free_space": 0,
    "message_num_entries_pruned_never_used": 1,
    "message_size_after_prune_kb": 537058,
    "message_size_before_prune_kb": 540517,
    "message_size_entries_pruned_expired_kb": 128,
    "message_size_pruned_limit_kb": 0,
    "message_size_pruned_max_realm_size_kb": 0,
    "message_size_pruned_min_free_space_kb": 0,
    "message_size_pruned_never_used_kb": 3330,
    "message_time_spent_pruning_ms": 0
  },
  {
    "timestamp_utc": "2024-05-12T10:08:36.538Z",
    "context_application_version": "8.7.20.1261",
    "context_conn_country": "IN",
    "context_device_manufacturer": "realme",
    "context_device_model": "RMX3392",
    "context_device_type": "mobile",
    "context_os_name": "android",
    "context_os_version": "14",
    "context_receiver_service_timestamp": 1715508545587,
    "context_time": 1715508516538,
    "message_cache_id": "qpSqRGI3xxl5YGupV5HfCQ==",
    "message_num_entries_pruned": 1,
    "message_num_entries_pruned_expired": 0,
    "message_num_entries_pruned_limit": 0,
    "message_num_entries_pruned_max_realm_size": 0,
    "message_num_entries_pruned_min_free_space": 0,
    "message_num_entries_pruned_never_used": 1,
    "message_size_after_prune_kb": 542543,
    "message_size_before_prune_kb": 547140,
    "message_size_entries_pruned_expired_kb": 0,
    "message_size_pruned_limit_kb": 0,
    "message_size_pruned_max_realm_size_kb": 0,
    "message_size_pruned_min_free_space_kb": 0,
    "message_size_pruned_never_used_kb": 4596,
    "message_time_spent_pruning_ms": 0
  },
  {
    "timestamp_utc": "2024-06-02T22:02:36.275Z",
    "context_application_version": "8.7.20.1261",
    "context_conn_country": "IN",
    "context_device_manufacturer": "realme",
    "context_device_model": "RMX3392",
    "context_device_type": "mobile",
    "context_os_name": "android",
    "context_os_version": "14",
    "context_receiver_service_timestamp": 1717365787011,
    "context_time": 1717365756275,
    "message_cache_id": "qpSqRGI3xxl5YGupV5HfCQ==",
    "message_num_entries_pruned": 8,
    "message_num_entries_pruned_expired": 8,
    "message_num_entries_pruned_limit": 0,
    "message_num_entries_pruned_max_realm_size": 0,
    "message_num_entries_pruned_min_free_space": 0,
    "message_num_entries_pruned_never_used": 0,
    "message_size_after_prune_kb": 575799,
    "message_size_before_prune_kb": 576042,
    "message_size_entries_pruned_expired_kb": 242,
    "message_size_pruned_limit_kb": 0,
    "message_size_pruned_max_realm_size_kb": 0,
    "message_size_pruned_min_free_space_kb": 0,
    "message_size_pruned_never_used_kb": 0,
    "message_time_spent_pruning_ms": 0
  },
  {
    "timestamp_utc": "2024-04-11T18:31:20.601Z",
    "context_application_version": "8.7.20.1261",
    "context_conn_country": "IN",
    "context_device_manufacturer": "realme",
    "context_device_model": "RMX3392",
    "context_device_type": "mobile",
    "context_os_name": "android",
    "context_os_version": "13",
    "context_receiver_service_timestamp": 1712860304735,
    "context_time": 1712860280601,
    "message_cache_id": "qpSqRGI3xxl5YGupV5HfCQ==",
    "message_num_entries_pruned": 10,
    "message_num_entries_pruned_expired": 8,
    "message_num_entries_pruned_limit": 0,
    "message_num_entries_pruned_max_realm_size": 0,
    "message_num_entries_pruned_min_free_space": 0,
    "message_num_entries_pruned_never_used": 2,
    "message_size_after_prune_kb": 379345,
    "message_size_before_prune_kb": 382894,
    "message_size_entries_pruned_expired_kb": 234,
    "message_size_pruned_limit_kb": 0,
    "message_size_pruned_max_realm_size_kb": 0,
    "message_size_pruned_min_free_space_kb": 0,
    "message_size_pruned_never_used_kb": 3314,
    "message_time_spent_pruning_ms": 0
  },
  {
    "timestamp_utc": "2024-05-25T10:40:13.405Z",
    "context_application_version": "8.7.20.1261",
    "context_conn_country": "IN",
    "context_device_manufacturer": "realme",
    "context_device_model": "RMX3392",
    "context_device_type": "mobile",
    "context_os_name": "android",
    "context_os_version": "14",
    "context_receiver_service_timestamp": 1716634198682,
    "context_time": 1716633613405,
    "message_cache_id": "qpSqRGI3xxl5YGupV5HfCQ==",
    "message_num_entries_pruned": 3,
    "message_num_entries_pruned_expired": 3,
    "message_num_entries_pruned_limit": 0,
    "message_num_entries_pruned_max_realm_size": 0,
    "message_num_entries_pruned_min_free_space": 0,
    "message_num_entries_pruned_never_used": 0,
    "message_size_after_prune_kb": 558791,
    "message_size_before_prune_kb": 559176,
    "message_size_entries_pruned_expired_kb": 384,
    "message_size_pruned_limit_kb": 0,
    "message_size_pruned_max_realm_size_kb": 0,
    "message_size_pruned_min_free_space_kb": 0,
    "message_size_pruned_never_used_kb": 0,
    "message_time_spent_pruning_ms": 0
  },
  {
    "timestamp_utc": "2024-04-09T20:19:33.366Z",
    "context_application_version": "8.7.20.1261",
    "context_conn_country": "IN",
    "context_device_manufacturer": "realme",
    "context_device_model": "RMX3392",
    "context_device_type": "mobile",
    "context_os_name": "android",
    "context_os_version": "13",
    "context_receiver_service_timestamp": 1712694076025,
    "context_time": 1712693973366,
    "message_cache_id": "qpSqRGI3xxl5YGupV5HfCQ==",
    "message_num_entries_pruned": 6,
    "message_num_entries_pruned_expired": 0,
    "message_num_entries_pruned_limit": 0,
    "message_num_entries_pruned_max_realm_size": 0,
    "message_num_entries_pruned_min_free_space": 0,
    "message_num_entries_pruned_never_used": 6,
    "message_size_after_prune_kb": 387167,
    "message_size_before_prune_kb": 388197,
    "message_size_entries_pruned_expired_kb": 0,
    "message_size_pruned_limit_kb": 0,
    "message_size_pruned_max_realm_size_kb": 0,
    "message_size_pruned_min_free_space_kb": 0,
    "message_size_pruned_never_used_kb": 1029,
    "message_time_spent_pruning_ms": 0
  },
  {
    "timestamp_utc": "2024-05-04T18:33:43.908Z",
    "context_application_version": "8.7.20.1261",
    "context_conn_country": "IN",
    "context_device_manufacturer": "realme",
    "context_device_model": "RMX3392",
    "context_device_type": "mobile",
    "context_os_name": "android",
    "context_os_version": "14",
    "context_receiver_service_timestamp": 1714847651546,
    "context_time": 1714847623908,
    "message_cache_id": "qpSqRGI3xxl5YGupV5HfCQ==",
    "message_num_entries_pruned": 2,
    "message_num_entries_pruned_expired": 2,
    "message_num_entries_pruned_limit": 0,
    "message_num_entries_pruned_max_realm_size": 0,
    "message_num_entries_pruned_min_free_space": 0,
    "message_num_entries_pruned_never_used": 0,
    "message_size_after_prune_kb": 552429,
    "message_size_before_prune_kb": 552685,
    "message_size_entries_pruned_expired_kb": 256,
    "message_size_pruned_limit_kb": 0,
    "message_size_pruned_max_realm_size_kb": 0,
    "message_size_pruned_min_free_space_kb": 0,
    "message_size_pruned_never_used_kb": 0,
    "message_time_spent_pruning_ms": 0
  },
  {
    "timestamp_utc": "2024-04-08T19:25:04.357Z",
    "context_application_version": "8.7.20.1261",
    "context_conn_country": "IN",
    "context_device_manufacturer": "LENOVO",
    "context_device_model": "Lenovo TB-8504X",
    "context_device_type": "tablet",
    "context_os_name": "android",
    "context_os_version": "8.1.0",
    "context_receiver_service_timestamp": 1712604324933,
    "context_time": 1712604304357,
    "message_cache_id": "ttqdgVw7FdsxVYBeaTJaAQ==",
    "message_num_entries_pruned": 1,
    "message_num_entries_pruned_expired": 1,
    "message_num_entries_pruned_limit": 0,
    "message_num_entries_pruned_max_realm_size": 0,
    "message_num_entries_pruned_min_free_space": 0,
    "message_num_entries_pruned_never_used": 0,
    "message_size_after_prune_kb": 5697,
    "message_size_before_prune_kb": 8228,
    "message_size_entries_pruned_expired_kb": 2531,
    "message_size_pruned_limit_kb": 0,
    "message_size_pruned_max_realm_size_kb": 0,
    "message_size_pruned_min_free_space_kb": 0,
    "message_size_pruned_never_used_kb": 0,
    "message_time_spent_pruning_ms": 0
  },
  {
    "timestamp_utc": "2024-04-03T17:10:36.583Z",
    "context_application_version": "8.7.20.1261",
    "context_conn_country": "IN",
    "context_device_manufacturer": "LENOVO",
    "context_device_model": "Lenovo TB-8504X",
    "context_device_type": "tablet",
    "context_os_name": "android",
    "context_os_version": "8.1.0",
    "context_receiver_service_timestamp": 1712164260776,
    "context_time": 1712164236583,
    "message_cache_id": "ttqdgVw7FdsxVYBeaTJaAQ==",
    "message_num_entries_pruned": 15,
    "message_num_entries_pruned_expired": 15,
    "message_num_entries_pruned_limit": 0,
    "message_num_entries_pruned_max_realm_size": 0,
    "message_num_entries_pruned_min_free_space": 0,
    "message_num_entries_pruned_never_used": 0,
    "message_size_after_prune_kb": 8376,
    "message_size_before_prune_kb": 43927,
    "message_size_entries_pruned_expired_kb": 35551,
    "message_size_pruned_limit_kb": 0,
    "message_size_pruned_max_realm_size_kb": 0,
    "message_size_pruned_min_free_space_kb": 0,
    "message_size_pruned_never_used_kb": 0,
    "message_time_spent_pruning_ms": 1
  },
  {
    "timestamp_utc": "2024-04-04T03:10:14.857Z",
    "context_application_version": "8.7.20.1261",
    "context_conn_country": "IN",
    "context_device_manufacturer": "realme",
    "context_device_model": "RMX3392",
    "context_device_type": "mobile",
    "context_os_name": "android",
    "context_os_version": "13",
    "context_receiver_service_timestamp": 1712200237237,
    "context_time": 1712200214857,
    "message_cache_id": "qpSqRGI3xxl5YGupV5HfCQ==",
    "message_num_entries_pruned": 3,
    "message_num_entries_pruned_expired": 1,
    "message_num_entries_pruned_limit": 0,
    "message_num_entries_pruned_max_realm_size": 0,
    "message_num_entries_pruned_min_free_space": 0,
    "message_num_entries_pruned_never_used": 2,
    "message_size_after_prune_kb": 320786,
    "message_size_before_prune_kb": 336572,
    "message_size_entries_pruned_expired_kb": 8171,
    "message_size_pruned_limit_kb": 0,
    "message_size_pruned_max_realm_size_kb": 0,
    "message_size_pruned_min_free_space_kb": 0,
    "message_size_pruned_never_used_kb": 7615,
    "message_time_spent_pruning_ms": 0
  }
]