[
  {
    "timestamp_utc": "2024-04-22T03:50:18.094Z",
    "context_application_version": "8.7.20.1261",
    "context_conn_country": "IN",
    "context_device_manufacturer": "realme",
    "context_device_model": "RMX3392",
    "context_device_type": "mobile",
    "context_os_name": "android",
    "context_os_version": "13",
    "context_receiver_service_timestamp": 1713761556008,
    "context_time": 1713757818094,
    "message_canvas_id": "7cfbdf14d15e4e7bab65807990b31f88",
    "message_entity_uri": "spotify:track:6rxTqUH90IfxJBc1dNgpLB",
    "message_event": "downloaded",
    "message_metadata": [
    ],
    "message_source": "NPV"
  },
  {
    "timestamp_utc": "2024-04-23T21:11:45.055Z",
    "context_application_version": "8.7.20.1261",
    "context_conn_country": "IN",
    "context_device_manufacturer": "realme",
    "context_device_model": "RMX3392",
    "context_device_type": "mobile",
    "context_os_name": "android",
    "context_os_version": "13",
    "context_receiver_service_timestamp": 1713906731248,
    "context_time": 1713906705055,
    "message_canvas_id": "f103854548094a6787818a53c42580ef",
    "message_entity_uri": "spotify:track:6Sflud15ff1KqBzg6wj78S",
    "message_event": "downloading",
    "message_metadata": [
    ],
    "message_source": "NPV"
  },
  {
    "timestamp_utc": "2024-04-18T09:16:25.490Z",
    "context_application_version": "8.7.20.1261",
    "context_conn_country": "IN",
    "context_device_manufacturer": "realme",
    "context_device_model": "RMX3392",
    "context_device_type": "mobile",
    "context_os_name": "android",
    "context_os_version": "13",
    "context_receiver_service_timestamp": 1713431807289,
    "context_time": 1713431785490,
    "message_canvas_id": "a9b8e59e533d4f8680f7a1dc0397b4b5",
    "message_entity_uri": "spotify:track:1JelKGBph8gon106Wqjwu2",
    "message_event": "downloading",
    "message_metadata": [
    ],
    "message_source": "NPV"
  },
  {
    "timestamp_utc": "2024-04-24T04:33:59.462Z",
    "context_application_version": "8.7.20.1261",
    "context_conn_country": "IN",
    "context_device_manufacturer": "realme",
    "context_device_model": "RMX3392",
    "context_device_type": "mobile",
    "context_os_name": "android",
    "context_os_version": "13",
    "context_receiver_service_timestamp": 1713934534641,
    "context_time": 1713933239462,
    "message_canvas_id": "cb3229f706904375b10b36b25223622b",
    "message_entity_uri": "spotify:track:117gRrOjnRkMCgWxNtDNSv",
    "message_event": "downloading",
    "message_metadata": [
    ],
    "message_source": "NPV"
  },
  {
    "timestamp_utc": "2024-04-22T03:08:27.825Z",
    "context_application_version": "8.7.20.1261",
    "context_conn_country": "IN",
    "context_device_manufacturer": "realme",
    "context_device_model": "RMX3392",
    "context_device_type": "mobile",
    "context_os_name": "android",
    "context_os_version": "13",
    "context_receiver_service_timestamp": 1713755314035,
    "context_time": 1713755307825,
    "message_canvas_id": "4e07c4eab1124acabae2db89af48134f",
    "message_entity_uri": "spotify:track:4sHxclJmWy9lEdbZZ3WAfW",
    "message_event": "downloaded",
    "message_metadata": [
    ],
    "message_source": "NPV"
  },
  {
    "timestamp_utc": "2024-04-23T02:48:23.848Z",
    "context_application_version": "8.7.20.1261",
    "context_conn_country": "IN",
    "context_device_manufacturer": "realme",
    "context_device_model": "RMX3392",
    "context_device_type": "mobile",
    "context_os_name": "android",
    "context_os_version": "13",
    "context_receiver_service_timestamp": 1713840533267,
    "context_time": 1713840503848,
    "message_canvas_id": "f5373099fed04a4aab74e25892257ffa",
    "message_entity_uri": "spotify:track:08kTa3SL9sV6Iy8KLKtGql",
    "message_event": "downloading",
    "message_metadata": [
    ],
    "message_source": "NPV"
  },
  {
    "timestamp_utc": "2024-05-04T06:38:08.112Z",
    "context_application_version": "8.7.20.1261",
    "context_conn_country": "IN",
    "context_device_manufacturer": "realme",
    "context_device_model": "RMX3392",
    "context_device_type": "mobile",
    "context_os_name": "android",
    "context_os_version": "14",
    "context_receiver_service_timestamp": 1714804711112,
    "context_time": 1714804688112,
    "message_canvas_id": "98785ac1cb2b412891df74567e2a13da",
    "message_entity_uri": "spotify:track:4BV7aMOMZYc9PfV5jW3R7j",
    "message_event": "downloading",
    "message_metadata": [
    ],
    "message_source": "NPV"
  },
  {
    "timestamp_utc": "2024-05-04T06:39:19.718Z",
    "context_application_version": "8.7.20.1261",
    "context_conn_country": "IN",
    "context_device_manufacturer": "realme",
    "context_device_model": "RMX3392",
    "context_device_type": "mobile",
    "context_os_name": "android",
    "context_os_version": "14",
    "context_receiver_service_timestamp": 1714804769316,
    "context_time": 1714804759718,
    "message_canvas_id": "98785ac1cb2b412891df74567e2a13da",
    "message_entity_uri": "spotify:track:4BV7aMOMZYc9PfV5jW3R7j",
    "message_event": "downloading",
    "message_metadata": [
    ],
    "message_source": "NPV"
  },
  {
    "timestamp_utc": "2024-04-18T09:16:27.063Z",
    "context_application_version": "8.7.20.1261",
    "context_conn_country": "IN",
    "context_device_manufacturer": "realme",
    "context_device_model": "RMX3392",
    "context_device_type": "mobile",
    "context_os_name": "android",
    "context_os_version": "13",
    "context_receiver_service_timestamp": 1713431807289,
    "context_time": 1713431787063,
    "message_canvas_id": "a9b8e59e533d4f8680f7a1dc0397b4b5",
    "message_entity_uri": "spotify:track:1JelKGBph8gon106Wqjwu2",
    "message_event": "downloaded",
    "message_metadata": [
    ],
    "message_source": "NPV"
  },
  {
    "timestamp_utc": "2024-03-20T20:11:53.717Z",
    "context_application_version": "8.7.20.1261",
    "context_conn_country": "IN",
    "context_device_manufacturer": "realme",
    "context_device_model": "RMX3392",
    "context_device_type": "mobile",
    "context_os_name": "android",
    "context_os_version": "13",
    "context_receiver_service_timestamp": 1710965522479,
    "context_time": 1710965513717,
    "message_canvas_id": "f825339940c64afdbdd940e8eb81f274",
    "message_entity_uri": "spotify:track:5rw5JFu9sa5sj5W9zQUVaL",
    "message_event": "downloading",
    "message_metadata": [
    ],
    "message_source": "NPV"
  },
  {
    "timestamp_utc": "2024-03-12T21:04:53.689Z",
    "context_application_version": "8.7.20.1261",
    "context_conn_country": "IN",
    "context_device_manufacturer": "realme",
    "context_device_model": "RMX3392",
    "context_device_type": "mobile",
    "context_os_name": "android",
    "context_os_version": "13",
    "context_receiver_service_timestamp": 1710277498728,
    "context_time": 1710277493689,
    "message_canvas_id": "754ad366f8274652bebbefb495ad2792",
    "message_entity_uri": "spotify:track:2iUXsYOEPhVqEBwsqP70rE",
    "message_event": "downloading",
    "message_metadata": [
    ],
    "message_source": "NPV"
  },
  {
    "timestamp_utc": "2024-03-14T05:22:17.154Z",
    "context_application_version": "8.7.20.1261",
    "context_conn_country": "IN",
    "context_device_manufacturer": "realme",
    "context_device_model": "RMX3392",
    "context_device_type": "mobile",
    "context_os_name": "android",
    "context_os_version": "13",
    "context_receiver_service_timestamp": 1710393760189,
    "context_time": 1710393737154,
    "message_canvas_id": "2ca59925589c426ca7eb4531ed0d9b6a",
    "message_entity_uri": "spotify:track:6MZyrnqwsLnrWY5Gk0AyXg",
    "message_event": "downloaded",
    "message_metadata": [
    ],
    "message_source": "NPV"
  },
  {
    "timestamp_utc": "2024-04-23T21:11:54.318Z",
    "context_application_version": "8.7.20.1261",
    "context_conn_country": "IN",
    "context_device_manufacturer": "realme",
    "context_device_model": "RMX3392",
    "context_device_type": "mobile",
    "context_os_name": "android",
    "context_os_version": "13",
    "context_receiver_service_timestamp": 1713906731488,
    "context_time": 1713906714318,
    "message_canvas_id": "f103854548094a6787818a53c42580ef",
    "message_entity_uri": "spotify:track:6Sflud15ff1KqBzg6wj78S",
    "message_event": "downloaded",
    "message_metadata": [
    ],
    "message_source": "NPV"
  },
  {
    "timestamp_utc": "2024-03-11T08:41:03.336Z",
    "context_application_version": "8.7.20.1261",
    "context_conn_country": "IN",
    "context_device_manufacturer": "realme",
    "context_device_model": "RMX3392",
    "context_device_type": null,
    "context_os_name": "android",
    "context_os_version": "13",
    "context_receiver_service_timestamp": 1710146465323,
    "context_time": 1710146463336,
    "message_canvas_id": "05bb478dca0d40ceb0bf978d0d66033b",
    "message_entity_uri": "spotify:track:7Ie9W94M7OjPoZVV216Xus",
    "message_event": "downloaded",
    "message_metadata": [
    ],
    "message_source": "NPV"
  },
  {
    "timestamp_utc": "2024-04-24T04:33:59.220Z",
    "context_application_version": "8.7.20.1261",
    "context_conn_country": "IN",
    "context_device_manufacturer": "realme",
    "context_device_model": "RMX3392",
    "context_device_type": "mobile",
    "context_os_name": "android",
    "context_os_version": "13",
    "context_receiver_service_timestamp": 1713934534641,
    "context_time": 1713933239220,
    "message_canvas_id": "ddf24e5463ed422cad5a80f4e3ad0116",
    "message_entity_uri": "spotify:track:1ZiReD9pPTttQWwSoYqdyH",
    "message_event": "downloading",
    "message_metadata": [
    ],
    "message_source": "NPV"
  },
  {
    "timestamp_utc": "2024-03-12T21:01:42.553Z",
    "context_application_version": "8.7.20.1261",
    "context_conn_country": "IN",
    "context_device_manufacturer": "realme",
    "context_device_model": "RMX3392",
    "context_device_type": "mobile",
    "context_os_name": "android",
    "context_os_version": "13",
    "context_receiver_service_timestamp": 1710277318464,
    "context_time": 1710277302553,
    "message_canvas_id": "cfc59193c4b044d5b4c0cbc9dcc78e24",
    "message_entity_uri": "spotify:track:2RSHsoi04658QL5xgQVov3",
    "message_event": "downloaded",
    "message_metadata": [
    ],
    "message_source": "NPV"
  },
  {
    "timestamp_utc": "2024-03-28T01:05:07.669Z",
    "context_application_version": "8.7.20.1261",
    "context_conn_country": "IN",
    "context_device_manufacturer": "realme",
    "context_device_model": "RMX3392",
    "context_device_type": "mobile",
    "context_os_name": "android",
    "context_os_version": "13",
    "context_receiver_service_timestamp": 1711587910738,
    "context_time": 1711587907669,
    "message_canvas_id": "6076a6f7b61340e1991ae1cd7d6a4d81",
    "message_entity_uri": "spotify:track:7eTy1IzCaICfm6JYy1BV4u",
    "message_event": "downloading",
    "message_metadata": [
    ],
    "message_source": "NPV"
  },
  {
    "timestamp_utc": "2024-03-12T20:48:41.914Z",
    "context_application_version": "8.7.20.1261",
    "context_conn_country": "IN",
    "context_device_manufacturer": "realme",
    "context_device_model": "RMX3392",
    "context_device_type": "mobile",
    "context_os_name": "android",
    "context_os_version": "13",
    "context_receiver_service_timestamp": 1710276539061,
    "context_time": 1710276521914,
    "message_canvas_id": "16a08844bdb944709813cba8a06e1b05",
    "message_entity_uri": "spotify:track:2J2Z1SkXYghSajLibnQHOa",
    "message_event": "downloaded",
    "message_metadata": [
    ],
    "message_source": "NPV"
  },
  {
    "timestamp_utc": "2024-03-13T09:09:00.036Z",
    "context_application_version": "8.7.20.1261",
    "context_conn_country": "IN",
    "context_device_manufacturer": "realme",
    "context_device_model": "RMX3392",
    "context_device_type": "mobile",
    "context_os_name": "android",
    "context_os_version": "13",
    "context_receiver_service_timestamp": 1710320970383,
    "context_time": 1710320940036,
    "message_canvas_id": "cb3229f706904375b10b36b25223622b",
    "message_entity_uri": "spotify:track:117gRrOjnRkMCgWxNtDNSv",
    "message_event": "downloading",
    "message_metadata": [
    ],
    "message_source": "NPV"
  },
  {
    "timestamp_utc": "2024-03-23T10:33:04.599Z",
    "context_application_version": "8.7.20.1261",
    "context_conn_country": "IN",
    "context_device_manufacturer": "realme",
    "context_device_model": "RMX3392",
    "context_device_type": "mobile",
    "context_os_name": "android",
    "context_os_version": "13",
    "context_receiver_service_timestamp": 1711189992390,
    "context_time": 1711189984599,
    "message_canvas_id": "fbdb3cdda27e4a40af333a4a6af5e6b4",
    "message_entity_uri": "spotify:track:1TkyDEdjiUuYhoMkxdZCiO",
    "message_event": "downloading",
    "message_metadata": [
    ],
    "message_source": "NPV"
  },
  {
    "timestamp_utc": "2024-03-28T01:00:07.041Z",
    "context_application_version": "8.7.20.1261",
    "context_conn_country": "IN",
    "context_device_manufacturer": "realme",
    "context_device_model": "RMX3392",
    "context_device_type": "mobile",
    "context_os_name": "android",
    "context_os_version": "13",
    "context_receiver_service_timestamp": 1711587620567,
    "context_time": 1711587607041,
    "message_canvas_id": "6076a6f7b61340e1991ae1cd7d6a4d81",
    "message_entity_uri": "spotify:track:7eTy1IzCaICfm6JYy1BV4u",
    "message_event": "downloading",
    "message_metadata": [
    ],
    "message_source": "NPV"
  },
  {
    "timestamp_utc": "2024-05-04T06:38:30.830Z",
    "context_application_version": "8.7.20.1261",
    "context_conn_country": "IN",
    "context_device_manufacturer": "realme",
    "context_device_model": "RMX3392",
    "context_device_type": "mobile",
    "context_os_name": "android",
    "context_os_version": "14",
    "context_receiver_service_timestamp": 1714804739085,
    "context_time": 1714804710830,
    "message_canvas_id": "98785ac1cb2b412891df74567e2a13da",
    "message_entity_uri": "spotify:track:4BV7aMOMZYc9PfV5jW3R7j",
    "message_event": "downloading",
    "message_metadata": [
    ],
    "message_source": "NPV"
  },
  {
    "timestamp_utc": "2024-04-18T09:16:25.479Z",
    "context_application_version": "8.7.20.1261",
    "context_conn_country": "IN",
    "context_device_manufacturer": "realme",
    "context_device_model": "RMX3392",
    "context_device_type": "mobile",
    "context_os_name": "android",
    "context_os_version": "13",
    "context_receiver_service_timestamp": 1713431807289,
    "context_time": 1713431785479,
    "message_canvas_id": "cb3229f706904375b10b36b25223622b",
    "message_entity_uri": "spotify:track:117gRrOjnRkMCgWxNtDNSv",
    "message_event": "downloading",
    "message_metadata": [
    ],
    "message_source": "NPV"
  },
  {
    "timestamp_utc": "2024-03-21T14:38:31.063Z",
    "context_application_version": "8.7.20.1261",
    "context_conn_country": "IN",
    "context_device_manufacturer": "realme",
    "context_device_model": "RMX3392",
    "context_device_type": "mobile",
    "context_os_name": "android",
    "context_os_version": "13",
    "context_receiver_service_timestamp": 1711031922375,
    "context_time": 1711031911063,
    "message_canvas_id": "f5373099fed04a4aab74e25892257ffa",
    "message_entity_uri": "spotify:track:08kTa3SL9sV6Iy8KLKtGql",
    "message_event": "downloading",
    "message_metadata": [
    ],
    "message_source": "NPV"
  },
  {
    "timestamp_utc": "2024-03-11T08:39:15.507Z",
    "context_application_version": "8.7.20.1261",
    "context_conn_country": "IN",
    "context_device_manufacturer": "realme",
    "context_device_model": "RMX3392",
    "context_device_type": null,
    "context_os_name": "android",
    "context_os_version": "13",
    "context_receiver_service_timestamp": 1710146375769,
    "context_time": 1710146355507,
    "message_canvas_id": "21fc11cef6934948886c35496e5e47c4",
    "message_entity_uri": "spotify:track:3UmaczJpikHgJFyBTAJVoz",
    "message_event": "downloaded",
    "message_metadata": [
    ],
    "message_source": "NPV"
  },
  {
    "timestamp_utc": "2024-04-24T04:33:59.551Z",
    "context_application_version": "8.7.20.1261",
    "context_conn_country": "IN",
    "context_device_manufacturer": "realme",
    "context_device_model": "RMX3392",
    "context_device_type": "mobile",
    "context_os_name": "android",
    "context_os_version": "13",
    "context_receiver_service_timestamp": 1713934534641,
    "context_time": 1713933239551,
    "message_canvas_id": "cb3229f706904375b10b36b25223622b",
    "message_entity_uri": "spotify:track:117gRrOjnRkMCgWxNtDNSv",
    "message_event": "downloaded",
    "message_metadata": [
    ],
    "message_source": "NPV"
  },
  {
    "timestamp_utc": "2024-04-22T03:50:17.112Z",
    "context_application_version": "8.7.20.1261",
    "context_conn_country": "IN",
    "context_device_manufacturer": "realme",
    "context_device_model": "RMX3392",
    "context_device_type": "mobile",
    "context_os_name": "android",
    "context_os_version": "13",
    "context_receiver_service_timestamp": 1713761556008,
    "context_time": 1713757817112,
    "message_canvas_id": "dc7e90d065a247cc9fc22acef729a41c",
    "message_entity_uri": "spotify:track:7cmJeELrvGn0I6LKsxNHgl",
    "message_event": "downloading",
    "message_metadata": [
    ],
    "message_source": "NPV"
  },
  {
    "timestamp_utc": "2024-04-22T03:13:13.292Z",
    "context_application_version": "8.7.20.1261",
    "context_conn_country": "IN",
    "context_device_manufacturer": "realme",
    "context_device_model": "RMX3392",
    "context_device_type": "mobile",
    "context_os_name": "android",
    "context_os_version": "13",
    "context_receiver_service_timestamp": 1713755613930,
    "context_time": 1713755593292,
    "message_canvas_id": "4e07c4eab1124acabae2db89af48134f",
    "message_entity_uri": "spotify:track:4sHxclJmWy9lEdbZZ3WAfW",
    "message_event": "downloading",
    "message_metadata": [
    ],
    "message_source": "NPV"
  },
  {
    "timestamp_utc": "2024-03-12T20:54:50.851Z",
    "context_application_version": "8.7.20.1261",
    "context_conn_country": "IN",
    "context_device_manufacturer": "realme",
    "context_device_model": "RMX3392",
    "context_device_type": "mobile",
    "context_os_name": "android",
    "context_os_version": "13",
    "context_receiver_service_timestamp": 1710276898166,
    "context_time": 1710276890851,
    "message_canvas_id": "0c739f33b31f4d19876e73ae61454c6c",
    "message_entity_uri": "spotify:track:08bNPGLD8AhKpnnERrAc6G",
    "message_event": "downloading",
    "message_metadata": [
    ],
    "message_source": "NPV"
  },
  {
    "timestamp_utc": "2024-03-12T20:57:58.055Z",
    "context_application_version": "8.7.20.1261",
    "context_conn_country": "IN",
    "context_device_manufacturer": "realme",
    "context_device_model": "RMX3392",
    "context_device_type": "mobile",
    "context_os_name": "android",
    "context_os_version": "13",
    "context_receiver_service_timestamp": 1710277081536,
    "context_time": 1710277078055,
    "message_canvas_id": "bcb03638de36428389669332f85ae55d",
    "message_entity_uri": "spotify:track:7wMq5n8mYSKlQIGECKUgTX",
    "message_event": "downloaded",
    "message_metadata": [
    ],
    "message_source": "NPV"
  },
  {
    "timestamp_utc": "2024-04-23T02:48:25.248Z",
    "context_application_version": "8.7.20.1261",
    "context_conn_country": "IN",
    "context_device_manufacturer": "realme",
    "context_device_model": "RMX3392",
    "context_device_type": "mobile",
    "context_os_name": "android",
    "context_os_version": "13",
    "context_receiver_service_timestamp": 1713840533582,
    "context_time": 1713840505248,
    "message_canvas_id": "fd68754b2e2d4b7f9c610d8d76766452",
    "message_entity_uri": "spotify:track:54aFTarzdcaahrzXVTQ7Tr",
    "message_event": "downloaded",
    "message_metadata": [
    ],
    "message_source": "NPV"
  },
  {
    "timestamp_utc": "2024-03-12T21:01:15.543Z",
    "context_application_version": "8.7.20.1261",
    "context_conn_country": "IN",
    "context_device_manufacturer": "realme",
    "context_device_model": "RMX3392",
    "context_device_type": "mobile",
    "context_os_name": "android",
    "context_os_version": "13",
    "context_receiver_service_timestamp": 1710277288054,
    "context_time": 1710277275543,
    "message_canvas_id": "cfc59193c4b044d5b4c0cbc9dcc78e24",
    "message_entity_uri": "spotify:track:2RSHsoi04658QL5xgQVov3",
    "message_event": "downloaded",
    "message_metadata": [
    ],
    "message_source": "NPV"
  },
  {
    "timestamp_utc": "2024-03-28T01:53:10.459Z",
    "context_application_version": "8.7.20.1261",
    "context_conn_country": "IN",
    "context_device_manufacturer": "realme",
    "context_device_model": "RMX3392",
    "context_device_type": "mobile",
    "context_os_name": "android",
    "context_os_version": "13",
    "context_receiver_service_timestamp": 1711592437280,
    "context_time": 1711590790459,
    "message_canvas_id": "6076a6f7b61340e1991ae1cd7d6a4d81",
    "message_entity_uri": "spotify:track:7eTy1IzCaICfm6JYy1BV4u",
    "message_event": "downloading",
    "message_metadata": [
    ],
    "message_source": "NPV"
  },
  {
    "timestamp_utc": "2024-04-23T02:54:19.133Z",
    "context_application_version": "8.7.20.1261",
    "context_conn_country": "IN",
    "context_device_manufacturer": "realme",
    "context_device_model": "RMX3392",
    "context_device_type": "mobile",
    "context_os_name": "android",
    "context_os_version": "13",
    "context_receiver_service_timestamp": 1713840862662,
    "context_time": 1713840859133,
    "message_canvas_id": "de64d3079ced4c54a761043d5d804a5b",
    "message_entity_uri": "spotify:track:3iFYJMrRS0fLrwDNVbqNF0",
    "message_event": "downloaded",
    "message_metadata": [
    ],
    "message_source": "NPV"
  },
  {
    "timestamp_utc": "2024-04-23T02:54:18.643Z",
    "context_application_version": "8.7.20.1261",
    "context_conn_country": "IN",
    "context_device_manufacturer": "realme",
    "context_device_model": "RMX3392",
    "context_device_type": "mobile",
    "context_os_name": "android",
    "context_os_version": "13",
    "context_receiver_service_timestamp": 1713840862053,
    "context_time": 1713840858643,
    "message_canvas_id": "de64d3079ced4c54a761043d5d804a5b",
    "message_entity_uri": "spotify:track:3iFYJMrRS0fLrwDNVbqNF0",
    "message_event": "downloading",
    "message_metadata": [
    ],
    "message_source": "NPV"
  },
  {
    "timestamp_utc": "2024-03-12T20:54:52.076Z",
    "context_application_version": "8.7.20.1261",
    "context_conn_country": "IN",
    "context_device_manufacturer": "realme",
    "context_device_model": "RMX3392",
    "context_device_type": "mobile",
    "context_os_name": "android",
    "context_os_version": "13",
    "context_receiver_service_timestamp": 1710276898447,
    "context_time": 1710276892076,
    "message_canvas_id": "0c739f33b31f4d19876e73ae61454c6c",
    "message_entity_uri": "spotify:track:08bNPGLD8AhKpnnERrAc6G",
    "message_event": "downloaded",
    "message_metadata": [
    ],
    "message_source": "NPV"
  },
  {
    "timestamp_utc": "2024-04-23T02:48:23.853Z",
    "context_application_version": "8.7.20.1261",
    "context_conn_country": "IN",
    "context_device_manufacturer": "realme",
    "context_device_model": "RMX3392",
    "context_device_type": "mobile",
    "context_os_name": "android",
    "context_os_version": "13",
    "context_receiver_service_timestamp": 1713840533267,
    "context_time": 1713840503853,
    "message_canvas_id": "fd68754b2e2d4b7f9c610d8d76766452",
    "message_entity_uri": "spotify:track:54aFTarzdcaahrzXVTQ7Tr",
    "message_event": "downloading",
    "message_metadata": [
    ],
    "message_source": "NPV"
  },
  {
    "timestamp_utc": "2024-03-21T14:40:25.031Z",
    "context_application_version": "8.7.20.1261",
    "context_conn_country": "IN",
    "context_device_manufacturer": "realme",
    "context_device_model": "RMX3392",
    "context_device_type": "mobile",
    "context_os_name": "android",
    "context_os_version": "13",
    "context_receiver_service_timestamp": 1711036813743,
    "context_time": 1711032025031,
    "message_canvas_id": "4b9b553623fe429da4081bb9fc75ce15",
    "message_entity_uri": "spotify:track:7uhINGViZPygI2AljxO8KN",
    "message_event": "downloaded",
    "message_metadata": [
    ],
    "message_source": "NPV"
  },
  {
    "timestamp_utc": "2024-03-12T20:52:49.789Z",
    "context_application_version": "8.7.20.1261",
    "context_conn_country": "IN",
    "context_device_manufacturer": "realme",
    "context_device_model": "RMX3392",
    "context_device_type": "mobile",
    "context_os_name": "android",
    "context_os_version": "13",
    "context_receiver_service_timestamp": 1710276779832,
    "context_time": 1710276769789,
    "message_canvas_id": "42b4050d8fd64fc78ca89902f37cd0f4",
    "message_entity_uri": "spotify:track:2qxmye6gAegTMjLKEBoR3d",
    "message_event": "downloading",
    "message_metadata": [
    ],
    "message_source": "NPV"
  },
  {
    "timestamp_utc": "2024-03-28T01:15:00.879Z",
    "context_application_version": "8.7.20.1261",
    "context_conn_country": "IN",
    "context_device_manufacturer": "realme",
    "context_device_model": "RMX3392",
    "context_device_type": "mobile",
    "context_os_name": "android",
    "context_os_version": "13",
    "context_receiver_service_timestamp": 1711588510746,
    "context_time": 1711588500879,
    "message_canvas_id": "6076a6f7b61340e1991ae1cd7d6a4d81",
    "message_entity_uri": "spotify:track:7eTy1IzCaICfm6JYy1BV4u",
    "message_event": "downloading",
    "message_metadata": [
    ],
    "message_source": "NPV"
  },
  {
    "timestamp_utc": "2024-03-12T21:03:55.003Z",
    "context_application_version": "8.7.20.1261",
    "context_conn_country": "IN",
    "context_device_manufacturer": "realme",
    "context_device_model": "RMX3392",
    "context_device_type": "mobile",
    "context_os_name": "android",
    "context_os_version": "13",
    "context_receiver_service_timestamp": 1710277437749,
    "context_time": 1710277435003,
    "message_canvas_id": "cfc59193c4b044d5b4c0cbc9dcc78e24",
    "message_entity_uri": "spotify:track:2RSHsoi04658QL5xgQVov3",
    "message_event": "downloading",
    "message_metadata": [
    ],
    "message_source": "NPV"
  },
  {
    "timestamp_utc": "2024-03-28T01:15:00.644Z",
    "context_application_version": "8.7.20.1261",
    "context_conn_country": "IN",
    "context_device_manufacturer": "realme",
    "context_device_model": "RMX3392",
    "context_device_type": "mobile",
    "context_os_name": "android",
    "context_os_version": "13",
    "context_receiver_service_timestamp": 1711588510746,
    "context_time": 1711588500644,
    "message_canvas_id": "6076a6f7b61340e1991ae1cd7d6a4d81",
    "message_entity_uri": "spotify:track:7eTy1IzCaICfm6JYy1BV4u",
    "message_event": "downloading",
    "message_metadata": [
    ],
    "message_source": "NPV"
  },
  {
    "timestamp_utc": "2024-03-12T20:48:33.040Z",
    "context_application_version": "8.7.20.1261",
    "context_conn_country": "IN",
    "context_device_manufacturer": "realme",
    "context_device_model": "RMX3392",
    "context_device_type": "mobile",
    "context_os_name": "android",
    "context_os_version": "13",
    "context_receiver_service_timestamp": 1710276538162,
    "context_time": 1710276513040,
    "message_canvas_id": "feb72e0f63bb4c84abaa156ef2ca6712",
    "message_entity_uri": "spotify:track:7tjtWVu8RsshzPxQm8oT3y",
    "message_event": "downloading",
    "message_metadata": [
    ],
    "message_source": "NPV"
  },
  {
    "timestamp_utc": "2024-04-22T03:08:26.756Z",
    "context_application_version": "8.7.20.1261",
    "context_conn_country": "IN",
    "context_device_manufacturer": "realme",
    "context_device_model": "RMX3392",
    "context_device_type": "mobile",
    "context_os_name": "android",
    "context_os_version": "13",
    "context_receiver_service_timestamp": 1713755314035,
    "context_time": 1713755306756,
    "message_canvas_id": "4e07c4eab1124acabae2db89af48134f",
    "message_entity_uri": "spotify:track:4sHxclJmWy9lEdbZZ3WAfW",
    "message_event": "downloading",
    "message_metadata": [
    ],
    "message_source": "NPV"
  },
  {
    "timestamp_utc": "2024-03-12T20:48:41.461Z",
    "context_application_version": "8.7.20.1261",
    "context_conn_country": "IN",
    "context_device_manufacturer": "realme",
    "context_device_model": "RMX3392",
    "context_device_type": "mobile",
    "context_os_name": "android",
    "context_os_version": "13",
    "context_receiver_service_timestamp": 1710276539061,
    "context_time": 1710276521461,
    "message_canvas_id": "ab26d9ee4f7c4a808460c2425b86ca02",
    "message_entity_uri": "spotify:track:0pqnGHJpmpxLKifKRmU6WP",
    "message_event": "downloaded",
    "message_metadata": [
    ],
    "message_source": "NPV"
  },
  {
    "timestamp_utc": "2024-03-15T11:57:02.650Z",
    "context_application_version": "8.7.20.1261",
    "context_conn_country": "IN",
    "context_device_manufacturer": "realme",
    "context_device_model": "RMX3392",
    "context_device_type": "mobile",
    "context_os_name": "android",
    "context_os_version": "13",
    "context_receiver_service_timestamp": 1710503839549,
    "context_time": 1710503822650,
    "message_canvas_id": "4b9b553623fe429da4081bb9fc75ce15",
    "message_entity_uri": "spotify:track:7uhINGViZPygI2AljxO8KN",
    "message_event": "downloading",
    "message_metadata": [
    ],
    "message_source": "NPV"
  },
  {
    "timestamp_utc": "2024-04-23T02:48:25.184Z",
    "context_application_version": "8.7.20.1261",
    "context_conn_country": "IN",
    "context_device_manufacturer": "realme",
    "context_device_model": "RMX3392",
    "context_device_type": "mobile",
    "context_os_name": "android",
    "context_os_version": "13",
    "context_receiver_service_timestamp": 1713840533582,
    "context_time": 1713840505184,
    "message_canvas_id": "fd68754b2e2d4b7f9c610d8d76766452",
    "message_entity_uri": "spotify:track:54aFTarzdcaahrzXVTQ7Tr",
    "message_event": "downloading",
    "message_metadata": [
    ],
    "message_source": "NPV"
  },
  {
    "timestamp_utc": "2024-03-12T20:52:52.769Z",
    "context_application_version": "8.7.20.1261",
    "context_conn_country": "IN",
    "context_device_manufacturer": "realme",
    "context_device_model": "RMX3392",
    "context_device_type": "mobile",
    "context_os_name": "android",
    "context_os_version": "13",
    "context_receiver_service_timestamp": 1710276779832,
    "context_time": 1710276772769,
    "message_canvas_id": "42b4050d8fd64fc78ca89902f37cd0f4",
    "message_entity_uri": "spotify:track:2qxmye6gAegTMjLKEBoR3d",
    "message_event": "downloading",
    "message_metadata": [
    ],
    "message_source": "NPV"
  },
  {
    "timestamp_utc": "2024-03-12T21:01:14.035Z",
    "context_application_version": "8.7.20.1261",
    "context_conn_country": "IN",
    "context_device_manufacturer": "realme",
    "context_device_model": "RMX3392",
    "context_device_type": "mobile",
    "context_os_name": "android",
    "context_os_version": "13",
    "context_receiver_service_timestamp": 1710277287799,
    "context_time": 1710277274035,
    "message_canvas_id": "cfc59193c4b044d5b4c0cbc9dcc78e24",
    "message_entity_uri": "spotify:track:2RSHsoi04658QL5xgQVov3",
    "message_event": "downloading",
    "message_metadata": [
    ],
    "message_source": "NPV"
  },
  {
    "timestamp_utc": "2024-03-21T14:38:31.045Z",
    "context_application_version": "8.7.20.1261",
    "context_conn_country": "IN",
    "context_device_manufacturer": "realme",
    "context_device_model": "RMX3392",
    "context_device_type": "mobile",
    "context_os_name": "android",
    "context_os_version": "13",
    "context_receiver_service_timestamp": 1711031922375,
    "context_time": 1711031911045,
    "message_canvas_id": "4b9b553623fe429da4081bb9fc75ce15",
    "message_entity_uri": "spotify:track:7uhINGViZPygI2AljxO8KN",
    "message_event": "downloading",
    "message_metadata": [
    ],
    "message_source": "NPV"
  },
  {
    "timestamp_utc": "2024-03-23T10:33:04.596Z",
    "context_application_version": "8.7.20.1261",
    "context_conn_country": "IN",
    "context_device_manufacturer": "realme",
    "context_device_model": "RMX3392",
    "context_device_type": "mobile",
    "context_os_name": "android",
    "context_os_version": "13",
    "context_receiver_service_timestamp": 1711189992390,
    "context_time": 1711189984596,
    "message_canvas_id": "cb3229f706904375b10b36b25223622b",
    "message_entity_uri": "spotify:track:117gRrOjnRkMCgWxNtDNSv",
    "message_event": "downloading",
    "message_metadata": [
    ],
    "message_source": "NPV"
  },
  {
    "timestamp_utc": "2024-03-28T00:35:19.314Z",
    "context_application_version": "8.7.20.1261",
    "context_conn_country": "IN",
    "context_device_manufacturer": "realme",
    "context_device_model": "RMX3392",
    "context_device_type": "mobile",
    "context_os_name": "android",
    "context_os_version": "13",
    "context_receiver_service_timestamp": 1711586131099,
    "context_time": 1711586119314,
    "message_canvas_id": "6076a6f7b61340e1991ae1cd7d6a4d81",
    "message_entity_uri": "spotify:track:7eTy1IzCaICfm6JYy1BV4u",
    "message_event": "downloading",
    "message_metadata": [
    ],
    "message_source": "NPV"
  },
  {
    "timestamp_utc": "2024-03-12T21:01:42.022Z",
    "context_application_version": "8.7.20.1261",
    "context_conn_country": "IN",
    "context_device_manufacturer": "realme",
    "context_device_model": "RMX3392",
    "context_device_type": "mobile",
    "context_os_name": "android",
    "context_os_version": "13",
    "context_receiver_service_timestamp": 1710277317914,
    "context_time": 1710277302022,
    "message_canvas_id": "cfc59193c4b044d5b4c0cbc9dcc78e24",
    "message_entity_uri": "spotify:track:2RSHsoi04658QL5xgQVov3",
    "message_event": "downloading",
    "message_metadata": [
    ],
    "message_source": "NPV"
  },
  {
    "timestamp_utc": "2024-03-28T01:00:07.082Z",
    "context_application_version": "8.7.20.1261",
    "context_conn_country": "IN",
    "context_device_manufacturer": "realme",
    "context_device_model": "RMX3392",
    "context_device_type": "mobile",
    "context_os_name": "android",
    "context_os_version": "13",
    "context_receiver_service_timestamp": 1711587620567,
    "context_time": 1711587607082,
    "message_canvas_id": "6076a6f7b61340e1991ae1cd7d6a4d81",
    "message_entity_uri": "spotify:track:7eTy1IzCaICfm6JYy1BV4u",
    "message_event": "downloading",
    "message_metadata": [
    ],
    "message_source": "NPV"
  },
  {
    "timestamp_utc": "2024-03-15T11:57:03.471Z",
    "context_application_version": "8.7.20.1261",
    "context_conn_country": "IN",
    "context_device_manufacturer": "realme",
    "context_device_model": "RMX3392",
    "context_device_type": "mobile",
    "context_os_name": "android",
    "context_os_version": "13",
    "context_receiver_service_timestamp": 1710503839549,
    "context_time": 1710503823471,
    "message_canvas_id": "4b9b553623fe429da4081bb9fc75ce15",
    "message_entity_uri": "spotify:track:7uhINGViZPygI2AljxO8KN",
    "message_event": "downloaded",
    "message_metadata": [
    ],
    "message_source": "NPV"
  },
  {
    "timestamp_utc": "2024-04-24T04:16:05.737Z",
    "context_application_version": "8.7.20.1261",
    "context_conn_country": "IN",
    "context_device_manufacturer": "realme",
    "context_device_model": "RMX3392",
    "context_device_type": "mobile",
    "context_os_name": "android",
    "context_os_version": "13",
    "context_receiver_service_timestamp": 1713932181503,
    "context_time": 1713932165737,
    "message_canvas_id": "cb3229f706904375b10b36b25223622b",
    "message_entity_uri": "spotify:track:117gRrOjnRkMCgWxNtDNSv",
    "message_event": "downloaded",
    "message_metadata": [
    ],
    "message_source": "NPV"
  },
  {
    "timestamp_utc": "2024-03-14T05:22:16.182Z",
    "context_application_version": "8.7.20.1261",
    "context_conn_country": "IN",
    "context_device_manufacturer": "realme",
    "context_device_model": "RMX3392",
    "context_device_type": "mobile",
    "context_os_name": "android",
    "context_os_version": "13",
    "context_receiver_service_timestamp": 1710393760189,
    "context_time": 1710393736182,
    "message_canvas_id": "2ca59925589c426ca7eb4531ed0d9b6a",
    "message_entity_uri": "spotify:track:6MZyrnqwsLnrWY5Gk0AyXg",
    "message_event": "downloading",
    "message_metadata": [
    ],
    "message_source": "NPV"
  },
  {
    "timestamp_utc": "2024-04-23T02:48:25.149Z",
    "context_application_version": "8.7.20.1261",
    "context_conn_country": "IN",
    "context_device_manufacturer": "realme",
    "context_device_model": "RMX3392",
    "context_device_type": "mobile",
    "context_os_name": "android",
    "context_os_version": "13",
    "context_receiver_service_timestamp": 1713840533582,
    "context_time": 1713840505149,
    "message_canvas_id": "fd68754b2e2d4b7f9c610d8d76766452",
    "message_entity_uri": "spotify:track:54aFTarzdcaahrzXVTQ7Tr",
    "message_event": "downloaded",
    "message_metadata": [
    ],
    "message_source": "NPV"
  },
  {
    "timestamp_utc": "2024-03-12T20:48:33.085Z",
    "context_application_version": "8.7.20.1261",
    "context_conn_country": "IN",
    "context_device_manufacturer": "realme",
    "context_device_model": "RMX3392",
    "context_device_type": "mobile",
    "context_os_name": "android",
    "context_os_version": "13",
    "context_receiver_service_timestamp": 1710276538162,
    "context_time": 1710276513085,
    "message_canvas_id": "feb72e0f63bb4c84abaa156ef2ca6712",
    "message_entity_uri": "spotify:track:7tjtWVu8RsshzPxQm8oT3y",
    "message_event": "downloaded",
    "message_metadata": [
    ],
    "message_source": "NPV"
  },
  {
    "timestamp_utc": "2024-03-12T21:04:34.252Z",
    "context_application_version": "8.7.20.1261",
    "context_conn_country": "IN",
    "context_device_manufacturer": "realme",
    "context_device_model": "RMX3392",
    "context_device_type": "mobile",
    "context_os_name": "android",
    "context_os_version": "13",
    "context_receiver_service_timestamp": 1710277497778,
    "context_time": 1710277474252,
    "message_canvas_id": "cfc59193c4b044d5b4c0cbc9dcc78e24",
    "message_entity_uri": "spotify:track:2RSHsoi04658QL5xgQVov3",
    "message_event": "downloaded",
    "message_metadata": [
    ],
    "message_source": "NPV"
  },
  {
    "timestamp_utc": "2024-03-28T00:42:19.369Z",
    "context_application_version": "8.7.20.1261",
    "context_conn_country": "IN",
    "context_device_manufacturer": "realme",
    "context_device_model": "RMX3392",
    "context_device_type": "mobile",
    "context_os_name": "android",
    "context_os_version": "13",
    "context_receiver_service_timestamp": 1711586544704,
    "context_time": 1711586539369,
    "message_canvas_id": "6076a6f7b61340e1991ae1cd7d6a4d81",
    "message_entity_uri": "spotify:track:7eTy1IzCaICfm6JYy1BV4u",
    "message_event": "downloading",
    "message_metadata": [
    ],
    "message_source": "NPV"
  },
  {
    "timestamp_utc": "2024-04-16T08:24:04.396Z",
    "context_application_version": "8.7.20.1261",
    "context_conn_country": "IN",
    "context_device_manufacturer": "realme",
    "context_device_model": "RMX3392",
    "context_device_type": "mobile",
    "context_os_name": "android",
    "context_os_version": "13",
    "context_receiver_service_timestamp": 1713255846103,
    "context_time": 1713255844396,
    "message_canvas_id": "a9b8e59e533d4f8680f7a1dc0397b4b5",
    "message_entity_uri": "spotify:track:1JelKGBph8gon106Wqjwu2",
    "message_event": "downloading",
    "message_metadata": [
    ],
    "message_source": "NPV"
  },
  {
    "timestamp_utc": "2024-05-04T06:38:54.079Z",
    "context_application_version": "8.7.20.1261",
    "context_conn_country": "IN",
    "context_device_manufacturer": "realme",
    "context_device_model": "RMX3392",
    "context_device_type": "mobile",
    "context_os_name": "android",
    "context_os_version": "14",
    "context_receiver_service_timestamp": 1714804739311,
    "context_time": 1714804734079,
    "message_canvas_id": "98785ac1cb2b412891df74567e2a13da",
    "message_entity_uri": "spotify:track:4BV7aMOMZYc9PfV5jW3R7j",
    "message_event": "downloading",
    "message_metadata": [
    ],
    "message_source": "NPV"
  },
  {
    "timestamp_utc": "2024-04-24T04:34:01.229Z",
    "context_application_version": "8.7.20.1261",
    "context_conn_country": "IN",
    "context_device_manufacturer": "realme",
    "context_device_model": "RMX3392",
    "context_device_type": "mobile",
    "context_os_name": "android",
    "context_os_version": "13",
    "context_receiver_service_timestamp": 1713934534641,
    "context_time": 1713933241229,
    "message_canvas_id": "ddf24e5463ed422cad5a80f4e3ad0116",
    "message_entity_uri": "spotify:track:1ZiReD9pPTttQWwSoYqdyH",
    "message_event": "downloading",
    "message_metadata": [
    ],
    "message_source": "NPV"
  },
  {
    "timestamp_utc": "2024-03-28T01:15:00.646Z",
    "context_application_version": "8.7.20.1261",
    "context_conn_country": "IN",
    "context_device_manufacturer": "realme",
    "context_device_model": "RMX3392",
    "context_device_type": "mobile",
    "context_os_name": "android",
    "context_os_version": "13",
    "context_receiver_service_timestamp": 1711588510746,
    "context_time": 1711588500646,
    "message_canvas_id": "6076a6f7b61340e1991ae1cd7d6a4d81",
    "message_entity_uri": "spotify:track:7eTy1IzCaICfm6JYy1BV4u",
    "message_event": "downloading",
    "message_metadata": [
    ],
    "message_source": "NPV"
  },
  {
    "timestamp_utc": "2024-05-04T06:39:20.538Z",
    "context_application_version": "8.7.20.1261",
    "context_conn_country": "IN",
    "context_device_manufacturer": "realme",
    "context_device_model": "RMX3392",
    "context_device_type": "mobile",
    "context_os_name": "android",
    "context_os_version": "14",
    "context_receiver_service_timestamp": 1714804769316,
    "context_time": 1714804760538,
    "message_canvas_id": "98785ac1cb2b412891df74567e2a13da",
    "message_entity_uri": "spotify:track:4BV7aMOMZYc9PfV5jW3R7j",
    "message_event": "downloaded",
    "message_metadata": [
    ],
    "message_source": "NPV"
  },
  {
    "timestamp_utc": "2024-03-28T01:53:12.348Z",
    "context_application_version": "8.7.20.1261",
    "context_conn_country": "IN",
    "context_device_manufacturer": "realme",
    "context_device_model": "RMX3392",
    "context_device_type": "mobile",
    "context_os_name": "android",
    "context_os_version": "13",
    "context_receiver_service_timestamp": 1711592437280,
    "context_time": 1711590792348,
    "message_canvas_id": "6076a6f7b61340e1991ae1cd7d6a4d81",
    "message_entity_uri": "spotify:track:7eTy1IzCaICfm6JYy1BV4u",
    "message_event": "downloading",
    "message_metadata": [
    ],
    "message_source": "NPV"
  },
  {
    "timestamp_utc": "2024-03-12T20:52:03.151Z",
    "context_application_version": "8.7.20.1261",
    "context_conn_country": "IN",
    "context_device_manufacturer": "realme",
    "context_device_model": "RMX3392",
    "context_device_type": "mobile",
    "context_os_name": "android",
    "context_os_version": "13",
    "context_receiver_service_timestamp": 1710276748089,
    "context_time": 1710276723151,
    "message_canvas_id": "feb72e0f63bb4c84abaa156ef2ca6712",
    "message_entity_uri": "spotify:track:7tjtWVu8RsshzPxQm8oT3y",
    "message_event": "downloaded",
    "message_metadata": [
    ],
    "message_source": "NPV"
  },
  {
    "timestamp_utc": "2024-03-12T21:03:04.003Z",
    "context_application_version": "8.7.20.1261",
    "context_conn_country": "IN",
    "context_device_manufacturer": "realme",
    "context_device_model": "RMX3392",
    "context_device_type": "mobile",
    "context_os_name": "android",
    "context_os_version": "13",
    "context_receiver_service_timestamp": 1710277407779,
    "context_time": 1710277384003,
    "message_canvas_id": "cfc59193c4b044d5b4c0cbc9dcc78e24",
    "message_entity_uri": "spotify:track:2RSHsoi04658QL5xgQVov3",
    "message_event": "downloaded",
    "message_metadata": [
    ],
    "message_source": "NPV"
  },
  {
    "timestamp_utc": "2024-03-12T20:57:27.102Z",
    "context_application_version": "8.7.20.1261",
    "context_conn_country": "IN",
    "context_device_manufacturer": "realme",
    "context_device_model": "RMX3392",
    "context_device_type": "mobile",
    "context_os_name": "android",
    "context_os_version": "13",
    "context_receiver_service_timestamp": 1710277077833,
    "context_time": 1710277047102,
    "message_canvas_id": "0c739f33b31f4d19876e73ae61454c6c",
    "message_entity_uri": "spotify:track:08bNPGLD8AhKpnnERrAc6G",
    "message_event": "downloading",
    "message_metadata": [
    ],
    "message_source": "NPV"
  },
  {
    "timestamp_utc": "2024-03-12T20:52:03.096Z",
    "context_application_version": "8.7.20.1261",
    "context_conn_country": "IN",
    "context_device_manufacturer": "realme",
    "context_device_model": "RMX3392",
    "context_device_type": "mobile",
    "context_os_name": "android",
    "context_os_version": "13",
    "context_receiver_service_timestamp": 1710276748089,
    "context_time": 1710276723096,
    "message_canvas_id": "feb72e0f63bb4c84abaa156ef2ca6712",
    "message_entity_uri": "spotify:track:7tjtWVu8RsshzPxQm8oT3y",
    "message_event": "downloading",
    "message_metadata": [
    ],
    "message_source": "NPV"
  },
  {
    "timestamp_utc": "2024-03-12T20:48:33.044Z",
    "context_application_version": "8.7.20.1261",
    "context_conn_country": "IN",
    "context_device_manufacturer": "realme",
    "context_device_model": "RMX3392",
    "context_device_type": "mobile",
    "context_os_name": "android",
    "context_os_version": "13",
    "context_receiver_service_timestamp": 1710276538162,
    "context_time": 1710276513044,
    "message_canvas_id": "e16f6c84625a437ba51c76781a06e951",
    "message_entity_uri": "spotify:track:1E16f7KcZmuXuhlenRwA2m",
    "message_event": "downloading",
    "message_metadata": [
    ],
    "message_source": "NPV"
  },
  {
    "timestamp_utc": "2024-03-12T20:57:43.631Z",
    "context_application_version": "8.7.20.1261",
    "context_conn_country": "IN",
    "context_device_manufacturer": "realme",
    "context_device_model": "RMX3392",
    "context_device_type": "mobile",
    "context_os_name": "android",
    "context_os_version": "13",
    "context_receiver_service_timestamp": 1710277077833,
    "context_time": 1710277063631,
    "message_canvas_id": "0c739f33b31f4d19876e73ae61454c6c",
    "message_entity_uri": "spotify:track:08bNPGLD8AhKpnnERrAc6G",
    "message_event": "downloading",
    "message_metadata": [
    ],
    "message_source": "NPV"
  },
  {
    "timestamp_utc": "2024-03-23T10:33:05.427Z",
    "context_application_version": "8.7.20.1261",
    "context_conn_country": "IN",
    "context_device_manufacturer": "realme",
    "context_device_model": "RMX3392",
    "context_device_type": "mobile",
    "context_os_name": "android",
    "context_os_version": "13",
    "context_receiver_service_timestamp": 1711189992390,
    "context_time": 1711189985427,
    "message_canvas_id": "fbdb3cdda27e4a40af333a4a6af5e6b4",
    "message_entity_uri": "spotify:track:1TkyDEdjiUuYhoMkxdZCiO",
    "message_event": "downloaded",
    "message_metadata": [
    ],
    "message_source": "NPV"
  },
  {
    "timestamp_utc": "2024-03-12T20:48:40.470Z",
    "context_application_version": "8.7.20.1261",
    "context_conn_country": "IN",
    "context_device_manufacturer": "realme",
    "context_device_model": "RMX3392",
    "context_device_type": "mobile",
    "context_os_name": "android",
    "context_os_version": "13",
    "context_receiver_service_timestamp": 1710276539061,
    "context_time": 1710276520470,
    "message_canvas_id": "ab26d9ee4f7c4a808460c2425b86ca02",
    "message_entity_uri": "spotify:track:0pqnGHJpmpxLKifKRmU6WP",
    "message_event": "downloading",
    "message_metadata": [
    ],
    "message_source": "NPV"
  },
  {
    "timestamp_utc": "2024-03-13T09:08:57.936Z",
    "context_application_version": "8.7.20.1261",
    "context_conn_country": "IN",
    "context_device_manufacturer": "realme",
    "context_device_model": "RMX3392",
    "context_device_type": "mobile",
    "context_os_name": "android",
    "context_os_version": "13",
    "context_receiver_service_timestamp": 1710320939817,
    "context_time": 1710320937936,
    "message_canvas_id": "cb3229f706904375b10b36b25223622b",
    "message_entity_uri": "spotify:track:117gRrOjnRkMCgWxNtDNSv",
    "message_event": "downloading",
    "message_metadata": [
    ],
    "message_source": "NPV"
  },
  {
    "timestamp_utc": "2024-03-11T08:39:14.546Z",
    "context_application_version": "8.7.20.1261",
    "context_conn_country": "IN",
    "context_device_manufacturer": "realme",
    "context_device_model": "RMX3392",
    "context_device_type": null,
    "context_os_name": "android",
    "context_os_version": "13",
    "context_receiver_service_timestamp": 1710146375769,
    "context_time": 1710146354546,
    "message_canvas_id": "21fc11cef6934948886c35496e5e47c4",
    "message_entity_uri": "spotify:track:3UmaczJpikHgJFyBTAJVoz",
    "message_event": "downloading",
    "message_metadata": [
    ],
    "message_source": "NPV"
  },
  {
    "timestamp_utc": "2024-04-22T03:50:18.307Z",
    "context_application_version": "8.7.20.1261",
    "context_conn_country": "IN",
    "context_device_manufacturer": "realme",
    "context_device_model": "RMX3392",
    "context_device_type": "mobile",
    "context_os_name": "android",
    "context_os_version": "13",
    "context_receiver_service_timestamp": 1713761556008,
    "context_time": 1713757818307,
    "message_canvas_id": "dc7e90d065a247cc9fc22acef729a41c",
    "message_entity_uri": "spotify:track:7cmJeELrvGn0I6LKsxNHgl",
    "message_event": "downloaded",
    "message_metadata": [
    ],
    "message_source": "NPV"
  },
  {
    "timestamp_utc": "2024-03-12T20:57:56.293Z",
    "context_application_version": "8.7.20.1261",
    "context_conn_country": "IN",
    "context_device_manufacturer": "realme",
    "context_device_model": "RMX3392",
    "context_device_type": "mobile",
    "context_os_name": "android",
    "context_os_version": "13",
    "context_receiver_service_timestamp": 1710277080834,
    "context_time": 1710277076293,
    "message_canvas_id": "bcb03638de36428389669332f85ae55d",
    "message_entity_uri": "spotify:track:7wMq5n8mYSKlQIGECKUgTX",
    "message_event": "downloading",
    "message_metadata": [
    ],
    "message_source": "NPV"
  },
  {
    "timestamp_utc": "2024-03-21T14:38:32.009Z",
    "context_application_version": "8.7.20.1261",
    "context_conn_country": "IN",
    "context_device_manufacturer": "realme",
    "context_device_model": "RMX3392",
    "context_device_type": "mobile",
    "context_os_name": "android",
    "context_os_version": "13",
    "context_receiver_service_timestamp": 1711031922375,
    "context_time": 1711031912009,
    "message_canvas_id": "4b9b553623fe429da4081bb9fc75ce15",
    "message_entity_uri": "spotify:track:7uhINGViZPygI2AljxO8KN",
    "message_event": "downloaded",
    "message_metadata": [
    ],
    "message_source": "NPV"
  },
  {
    "timestamp_utc": "2024-04-24T04:34:01.221Z",
    "context_application_version": "8.7.20.1261",
    "context_conn_country": "IN",
    "context_device_manufacturer": "realme",
    "context_device_model": "RMX3392",
    "context_device_type": "mobile",
    "context_os_name": "android",
    "context_os_version": "13",
    "context_receiver_service_timestamp": 1713934534641,
    "context_time": 1713933241221,
    "message_canvas_id": "fd68754b2e2d4b7f9c610d8d76766452",
    "message_entity_uri": "spotify:track:54aFTarzdcaahrzXVTQ7Tr",
    "message_event": "downloading",
    "message_metadata": [
    ],
    "message_source": "NPV"
  },
  {
    "timestamp_utc": "2024-05-04T06:38:54.705Z",
    "context_application_version": "8.7.20.1261",
    "context_conn_country": "IN",
    "context_device_manufacturer": "realme",
    "context_device_model": "RMX3392",
    "context_device_type": "mobile",
    "context_os_name": "android",
    "context_os_version": "14",
    "context_receiver_service_timestamp": 1714804739311,
    "context_time": 1714804734705,
    "message_canvas_id": "98785ac1cb2b412891df74567e2a13da",
    "message_entity_uri": "spotify:track:4BV7aMOMZYc9PfV5jW3R7j",
    "message_event": "downloaded",
    "message_metadata": [
    ],
    "message_source": "NPV"
  },
  {
    "timestamp_utc": "2024-04-23T02:48:34.082Z",
    "context_application_version": "8.7.20.1261",
    "context_conn_country": "IN",
    "context_device_manufacturer": "realme",
    "context_device_model": "RMX3392",
    "context_device_type": "mobile",
    "context_os_name": "android",
    "context_os_version": "13",
    "context_receiver_service_timestamp": 1713840534077,
    "context_time": 1713840514082,
    "message_canvas_id": "f5373099fed04a4aab74e25892257ffa",
    "message_entity_uri": "spotify:track:08kTa3SL9sV6Iy8KLKtGql",
    "message_event": "downloaded",
    "message_metadata": [
    ],
    "message_source": "NPV"
  },
  {
    "timestamp_utc": "2024-03-12T21:04:54.710Z",
    "context_application_version": "8.7.20.1261",
    "context_conn_country": "IN",
    "context_device_manufacturer": "realme",
    "context_device_model": "RMX3392",
    "context_device_type": "mobile",
    "context_os_name": "android",
    "context_os_version": "13",
    "context_receiver_service_timestamp": 1710277498728,
    "context_time": 1710277494710,
    "message_canvas_id": "754ad366f8274652bebbefb495ad2792",
    "message_entity_uri": "spotify:track:2iUXsYOEPhVqEBwsqP70rE",
    "message_event": "downloaded",
    "message_metadata": [
    ],
    "message_source": "NPV"
  },
  {
    "timestamp_utc": "2024-03-21T14:40:25.009Z",
    "context_application_version": "8.7.20.1261",
    "context_conn_country": "IN",
    "context_device_manufacturer": "realme",
    "context_device_model": "RMX3392",
    "context_device_type": "mobile",
    "context_os_name": "android",
    "context_os_version": "13",
    "context_receiver_service_timestamp": 1711036813743,
    "context_time": 1711032025009,
    "message_canvas_id": "f5373099fed04a4aab74e25892257ffa",
    "message_entity_uri": "spotify:track:08kTa3SL9sV6Iy8KLKtGql",
    "message_event": "downloading",
    "message_metadata": [
    ],
    "message_source": "NPV"
  },
  {
    "timestamp_utc": "2024-03-23T10:33:07.184Z",
    "context_application_version": "8.7.20.1261",
    "context_conn_country": "IN",
    "context_device_manufacturer": "realme",
    "context_device_model": "RMX3392",
    "context_device_type": "mobile",
    "context_os_name": "android",
    "context_os_version": "13",
    "context_receiver_service_timestamp": 1711189992390,
    "context_time": 1711189987184,
    "message_canvas_id": "cb3229f706904375b10b36b25223622b",
    "message_entity_uri": "spotify:track:117gRrOjnRkMCgWxNtDNSv",
    "message_event": "downloading",
    "message_metadata": [
    ],
    "message_source": "NPV"
  },
  {
    "timestamp_utc": "2024-03-11T08:41:03.609Z",
    "context_application_version": "8.7.20.1261",
    "context_conn_country": "IN",
    "context_device_manufacturer": "realme",
    "context_device_model": "RMX3392",
    "context_device_type": null,
    "context_os_name": "android",
    "context_os_version": "13",
    "context_receiver_service_timestamp": 1710146465323,
    "context_time": 1710146463609,
    "message_canvas_id": "21fc11cef6934948886c35496e5e47c4",
    "message_entity_uri": "spotify:track:3UmaczJpikHgJFyBTAJVoz",
    "message_event": "downloaded",
    "message_metadata": [
    ],
    "message_source": "NPV"
  },
  {
    "timestamp_utc": "2024-03-12T20:52:51.555Z",
    "context_application_version": "8.7.20.1261",
    "context_conn_country": "IN",
    "context_device_manufacturer": "realme",
    "context_device_model": "RMX3392",
    "context_device_type": "mobile",
    "context_os_name": "android",
    "context_os_version": "13",
    "context_receiver_service_timestamp": 1710276779832,
    "context_time": 1710276771555,
    "message_canvas_id": "42b4050d8fd64fc78ca89902f37cd0f4",
    "message_entity_uri": "spotify:track:2qxmye6gAegTMjLKEBoR3d",
    "message_event": "downloading",
    "message_metadata": [
    ],
    "message_source": "NPV"
  },
  {
    "timestamp_utc": "2024-03-11T08:41:03.472Z",
    "context_application_version": "8.7.20.1261",
    "context_conn_country": "IN",
    "context_device_manufacturer": "realme",
    "context_device_model": "RMX3392",
    "context_device_type": null,
    "context_os_name": "android",
    "context_os_version": "13",
    "context_receiver_service_timestamp": 1710146465323,
    "context_time": 1710146463472,
    "message_canvas_id": "21fc11cef6934948886c35496e5e47c4",
    "message_entity_uri": "spotify:track:3UmaczJpikHgJFyBTAJVoz",
    "message_event": "downloaded",
    "message_metadata": [
    ],
    "message_source": "NPV"
  },
  {
    "timestamp_utc": "2024-03-12T20:57:43.912Z",
    "context_application_version": "8.7.20.1261",
    "context_conn_country": "IN",
    "context_device_manufacturer": "realme",
    "context_device_model": "RMX3392",
    "context_device_type": "mobile",
    "context_os_name": "android",
    "context_os_version": "13",
    "context_receiver_service_timestamp": 1710277078878,
    "context_time": 1710277063912,
    "message_canvas_id": "0c739f33b31f4d19876e73ae61454c6c",
    "message_entity_uri": "spotify:track:08bNPGLD8AhKpnnERrAc6G",
    "message_event": "downloaded",
    "message_metadata": [
    ],
    "message_source": "NPV"
  },
  {
    "timestamp_utc": "2024-03-12T20:47:38.831Z",
    "context_application_version": "8.7.20.1261",
    "context_conn_country": "IN",
    "context_device_manufacturer": "realme",
    "context_device_model": "RMX3392",
    "context_device_type": "mobile",
    "context_os_name": "android",
    "context_os_version": "13",
    "context_receiver_service_timestamp": 1710276479824,
    "context_time": 1710276458831,
    "message_canvas_id": "e16f6c84625a437ba51c76781a06e951",
    "message_entity_uri": "spotify:track:1E16f7KcZmuXuhlenRwA2m",
    "message_event": "downloaded",
    "message_metadata": [
    ],
    "message_source": "NPV"
  },
  {
    "timestamp_utc": "2024-03-12T20:47:38.110Z",
    "context_application_version": "8.7.20.1261",
    "context_conn_country": "IN",
    "context_device_manufacturer": "realme",
    "context_device_model": "RMX3392",
    "context_device_type": "mobile",
    "context_os_name": "android",
    "context_os_version": "13",
    "context_receiver_service_timestamp": 1710276479824,
    "context_time": 1710276458110,
    "message_canvas_id": "feb72e0f63bb4c84abaa156ef2ca6712",
    "message_entity_uri": "spotify:track:7tjtWVu8RsshzPxQm8oT3y",
    "message_event": "downloading",
    "message_metadata": [
    ],
    "message_source": "NPV"
  },
  {
    "timestamp_utc": "2024-03-12T20:52:56Z",
    "context_application_version": "8.7.20.1261",
    "context_conn_country": "IN",
    "context_device_manufacturer": "realme",
    "context_device_model": "RMX3392",
    "context_device_type": "mobile",
    "context_os_name": "android",
    "context_os_version": "13",
    "context_receiver_service_timestamp": 1710276783457,
    "context_time": 1710276776000,
    "message_canvas_id": "42b4050d8fd64fc78ca89902f37cd0f4",
    "message_entity_uri": "spotify:track:2qxmye6gAegTMjLKEBoR3d",
    "message_event": "downloading",
    "message_metadata": [
    ],
    "message_source": "NPV"
  },
  {
    "timestamp_utc": "2024-04-23T02:48:34.085Z",
    "context_application_version": "8.7.20.1261",
    "context_conn_country": "IN",
    "context_device_manufacturer": "realme",
    "context_device_model": "RMX3392",
    "context_device_type": "mobile",
    "context_os_name": "android",
    "context_os_version": "13",
    "context_receiver_service_timestamp": 1713840534077,
    "context_time": 1713840514085,
    "message_canvas_id": "fd68754b2e2d4b7f9c610d8d76766452",
    "message_entity_uri": "spotify:track:54aFTarzdcaahrzXVTQ7Tr",
    "message_event": "downloaded",
    "message_metadata": [
    ],
    "message_source": "NPV"
  },
  {
    "timestamp_utc": "2024-03-13T09:09:13.198Z",
    "context_application_version": "8.7.20.1261",
    "context_conn_country": "IN",
    "context_device_manufacturer": "realme",
    "context_device_model": "RMX3392",
    "context_device_type": "mobile",
    "context_os_name": "android",
    "context_os_version": "13",
    "context_receiver_service_timestamp": 1710320970383,
    "context_time": 1710320953198,
    "message_canvas_id": "cb3229f706904375b10b36b25223622b",
    "message_entity_uri": "spotify:track:117gRrOjnRkMCgWxNtDNSv",
    "message_event": "downloaded",
    "message_metadata": [
    ],
    "message_source": "NPV"
  },
  {
    "timestamp_utc": "2024-04-24T04:33:59.254Z",
    "context_application_version": "8.7.20.1261",
    "context_conn_country": "IN",
    "context_device_manufacturer": "realme",
    "context_device_model": "RMX3392",
    "context_device_type": "mobile",
    "context_os_name": "android",
    "context_os_version": "13",
    "context_receiver_service_timestamp": 1713934534641,
    "context_time": 1713933239254,
    "message_canvas_id": "fd68754b2e2d4b7f9c610d8d76766452",
    "message_entity_uri": "spotify:track:54aFTarzdcaahrzXVTQ7Tr",
    "message_event": "downloading",
    "message_metadata": [
    ],
    "message_source": "NPV"
  },
  {
    "timestamp_utc": "2024-03-15T11:57:03.766Z",
    "context_application_version": "8.7.20.1261",
    "context_conn_country": "IN",
    "context_device_manufacturer": "realme",
    "context_device_model": "RMX3392",
    "context_device_type": "mobile",
    "context_os_name": "android",
    "context_os_version": "13",
    "context_receiver_service_timestamp": 1710503839850,
    "context_time": 1710503823766,
    "message_canvas_id": "ddf24e5463ed422cad5a80f4e3ad0116",
    "message_entity_uri": "spotify:track:1ZiReD9pPTttQWwSoYqdyH",
    "message_event": "downloaded",
    "message_metadata": [
    ],
    "message_source": "NPV"
  },
  {
    "timestamp_utc": "2024-03-13T09:08:57.954Z",
    "context_application_version": "8.7.20.1261",
    "context_conn_country": "IN",
    "context_device_manufacturer": "realme",
    "context_device_model": "RMX3392",
    "context_device_type": "mobile",
    "context_os_name": "android",
    "context_os_version": "13",
    "context_receiver_service_timestamp": 1710320939817,
    "context_time": 1710320937954,
    "message_canvas_id": "f5373099fed04a4aab74e25892257ffa",
    "message_entity_uri": "spotify:track:08kTa3SL9sV6Iy8KLKtGql",
    "message_event": "downloading",
    "message_metadata": [
    ],
    "message_source": "NPV"
  },
  {
    "timestamp_utc": "2024-04-23T02:48:34.044Z",
    "context_application_version": "8.7.20.1261",
    "context_conn_country": "IN",
    "context_device_manufacturer": "realme",
    "context_device_model": "RMX3392",
    "context_device_type": "mobile",
    "context_os_name": "android",
    "context_os_version": "13",
    "context_receiver_service_timestamp": 1713840534077,
    "context_time": 1713840514044,
    "message_canvas_id": "f5373099fed04a4aab74e25892257ffa",
    "message_entity_uri": "spotify:track:08kTa3SL9sV6Iy8KLKtGql",
    "message_event": "downloading",
    "message_metadata": [
    ],
    "message_source": "NPV"
  },
  {
    "timestamp_utc": "2024-04-22T03:50:17.132Z",
    "context_application_version": "8.7.20.1261",
    "context_conn_country": "IN",
    "context_device_manufacturer": "realme",
    "context_device_model": "RMX3392",
    "context_device_type": "mobile",
    "context_os_name": "android",
    "context_os_version": "13",
    "context_receiver_service_timestamp": 1713761556008,
    "context_time": 1713757817132,
    "message_canvas_id": "7cfbdf14d15e4e7bab65807990b31f88",
    "message_entity_uri": "spotify:track:6rxTqUH90IfxJBc1dNgpLB",
    "message_event": "downloading",
    "message_metadata": [
    ],
    "message_source": "NPV"
  },
  {
    "timestamp_utc": "2024-03-12T20:48:19.867Z",
    "context_application_version": "8.7.20.1261",
    "context_conn_country": "IN",
    "context_device_manufacturer": "realme",
    "context_device_model": "RMX3392",
    "context_device_type": "mobile",
    "context_os_name": "android",
    "context_os_version": "13",
    "context_receiver_service_timestamp": 1710276507879,
    "context_time": 1710276499867,
    "message_canvas_id": "5ec2781a7adf46b489b0b4693e4f331b",
    "message_entity_uri": "spotify:track:1zB4vmk8tFRmM9UULNzbLB",
    "message_event": "downloaded",
    "message_metadata": [
    ],
    "message_source": "NPV"
  },
  {
    "timestamp_utc": "2024-05-04T06:38:08.846Z",
    "context_application_version": "8.7.20.1261",
    "context_conn_country": "IN",
    "context_device_manufacturer": "realme",
    "context_device_model": "RMX3392",
    "context_device_type": "mobile",
    "context_os_name": "android",
    "context_os_version": "14",
    "context_receiver_service_timestamp": 1714804711381,
    "context_time": 1714804688846,
    "message_canvas_id": "98785ac1cb2b412891df74567e2a13da",
    "message_entity_uri": "spotify:track:4BV7aMOMZYc9PfV5jW3R7j",
    "message_event": "downloaded",
    "message_metadata": [
    ],
    "message_source": "NPV"
  },
  {
    "timestamp_utc": "2024-04-16T08:24:02.574Z",
    "context_application_version": "8.7.20.1261",
    "context_conn_country": "IN",
    "context_device_manufacturer": "realme",
    "context_device_model": "RMX3392",
    "context_device_type": "mobile",
    "context_os_name": "android",
    "context_os_version": "13",
    "context_receiver_service_timestamp": 1713255845764,
    "context_time": 1713255842574,
    "message_canvas_id": "a9b8e59e533d4f8680f7a1dc0397b4b5",
    "message_entity_uri": "spotify:track:1JelKGBph8gon106Wqjwu2",
    "message_event": "downloading",
    "message_metadata": [
    ],
    "message_source": "NPV"
  },
  {
    "timestamp_utc": "2024-04-23T21:17:20.726Z",
    "context_application_version": "8.7.20.1261",
    "context_conn_country": "IN",
    "context_device_manufacturer": "realme",
    "context_device_model": "RMX3392",
    "context_device_type": "mobile",
    "context_os_name": "android",
    "context_os_version": "13",
    "context_receiver_service_timestamp": 1713907123363,
    "context_time": 1713907040726,
    "message_canvas_id": "f103854548094a6787818a53c42580ef",
    "message_entity_uri": "spotify:track:6Sflud15ff1KqBzg6wj78S",
    "message_event": "downloading",
    "message_metadata": [
    ],
    "message_source": "NPV"
  },
  {
    "timestamp_utc": "2024-04-24T04:16:05.367Z",
    "context_application_version": "8.7.20.1261",
    "context_conn_country": "IN",
    "context_device_manufacturer": "realme",
    "context_device_model": "RMX3392",
    "context_device_type": "mobile",
    "context_os_name": "android",
    "context_os_version": "13",
    "context_receiver_service_timestamp": 1713932181503,
    "context_time": 1713932165367,
    "message_canvas_id": "cb3229f706904375b10b36b25223622b",
    "message_entity_uri": "spotify:track:117gRrOjnRkMCgWxNtDNSv",
    "message_event": "downloading",
    "message_metadata": [
    ],
    "message_source": "NPV"
  },
  {
    "timestamp_utc": "2024-04-22T03:13:13.873Z",
    "context_application_version": "8.7.20.1261",
    "context_conn_country": "IN",
    "context_device_manufacturer": "realme",
    "context_device_model": "RMX3392",
    "context_device_type": "mobile",
    "context_os_name": "android",
    "context_os_version": "13",
    "context_receiver_service_timestamp": 1713755613930,
    "context_time": 1713755593873,
    "message_canvas_id": "4e07c4eab1124acabae2db89af48134f",
    "message_entity_uri": "spotify:track:4sHxclJmWy9lEdbZZ3WAfW",
    "message_event": "downloaded",
    "message_metadata": [
    ],
    "message_source": "NPV"
  },
  {
    "timestamp_utc": "2024-04-22T03:50:16.861Z",
    "context_application_version": "8.7.20.1261",
    "context_conn_country": "IN",
    "context_device_manufacturer": "realme",
    "context_device_model": "RMX3392",
    "context_device_type": "mobile",
    "context_os_name": "android",
    "context_os_version": "13",
    "context_receiver_service_timestamp": 1713761556008,
    "context_time": 1713757816861,
    "message_canvas_id": "4e07c4eab1124acabae2db89af48134f",
    "message_entity_uri": "spotify:track:4sHxclJmWy9lEdbZZ3WAfW",
    "message_event": "downloading",
    "message_metadata": [
    ],
    "message_source": "NPV"
  },
  {
    "timestamp_utc": "2024-04-23T02:48:24.797Z",
    "context_application_version": "8.7.20.1261",
    "context_conn_country": "IN",
    "context_device_manufacturer": "realme",
    "context_device_model": "RMX3392",
    "context_device_type": "mobile",
    "context_os_name": "android",
    "context_os_version": "13",
    "context_receiver_service_timestamp": 1713840533267,
    "context_time": 1713840504797,
    "message_canvas_id": "f5373099fed04a4aab74e25892257ffa",
    "message_entity_uri": "spotify:track:08kTa3SL9sV6Iy8KLKtGql",
    "message_event": "downloaded",
    "message_metadata": [
    ],
    "message_source": "NPV"
  },
  {
    "timestamp_utc": "2024-03-28T00:42:19.373Z",
    "context_application_version": "8.7.20.1261",
    "context_conn_country": "IN",
    "context_device_manufacturer": "realme",
    "context_device_model": "RMX3392",
    "context_device_type": "mobile",
    "context_os_name": "android",
    "context_os_version": "13",
    "context_receiver_service_timestamp": 1711586544704,
    "context_time": 1711586539373,
    "message_canvas_id": "6076a6f7b61340e1991ae1cd7d6a4d81",
    "message_entity_uri": "spotify:track:7eTy1IzCaICfm6JYy1BV4u",
    "message_event": "downloading",
    "message_metadata": [
    ],
    "message_source": "NPV"
  },
  {
    "timestamp_utc": "2024-04-18T09:16:27.281Z",
    "context_application_version": "8.7.20.1261",
    "context_conn_country": "IN",
    "context_device_manufacturer": "realme",
    "context_device_model": "RMX3392",
    "context_device_type": "mobile",
    "context_os_name": "android",
    "context_os_version": "13",
    "context_receiver_service_timestamp": 1713431807289,
    "context_time": 1713431787281,
    "message_canvas_id": "a9b8e59e533d4f8680f7a1dc0397b4b5",
    "message_entity_uri": "spotify:track:1JelKGBph8gon106Wqjwu2",
    "message_event": "downloaded",
    "message_metadata": [
    ],
    "message_source": "NPV"
  },
  {
    "timestamp_utc": "2024-04-18T09:16:27.125Z",
    "context_application_version": "8.7.20.1261",
    "context_conn_country": "IN",
    "context_device_manufacturer": "realme",
    "context_device_model": "RMX3392",
    "context_device_type": "mobile",
    "context_os_name": "android",
    "context_os_version": "13",
    "context_receiver_service_timestamp": 1713431807289,
    "context_time": 1713431787125,
    "message_canvas_id": "a9b8e59e533d4f8680f7a1dc0397b4b5",
    "message_entity_uri": "spotify:track:1JelKGBph8gon106Wqjwu2",
    "message_event": "downloading",
    "message_metadata": [
    ],
    "message_source": "NPV"
  },
  {
    "timestamp_utc": "2024-03-28T01:05:07.765Z",
    "context_application_version": "8.7.20.1261",
    "context_conn_country": "IN",
    "context_device_manufacturer": "realme",
    "context_device_model": "RMX3392",
    "context_device_type": "mobile",
    "context_os_name": "android",
    "context_os_version": "13",
    "context_receiver_service_timestamp": 1711587910738,
    "context_time": 1711587907765,
    "message_canvas_id": "6076a6f7b61340e1991ae1cd7d6a4d81",
    "message_entity_uri": "spotify:track:7eTy1IzCaICfm6JYy1BV4u",
    "message_event": "downloading",
    "message_metadata": [
    ],
    "message_source": "NPV"
  },
  {
    "timestamp_utc": "2024-03-21T14:38:32.039Z",
    "context_application_version": "8.7.20.1261",
    "context_conn_country": "IN",
    "context_device_manufacturer": "realme",
    "context_device_model": "RMX3392",
    "context_device_type": "mobile",
    "context_os_name": "android",
    "context_os_version": "13",
    "context_receiver_service_timestamp": 1711031922375,
    "context_time": 1711031912039,
    "message_canvas_id": "f5373099fed04a4aab74e25892257ffa",
    "message_entity_uri": "spotify:track:08kTa3SL9sV6Iy8KLKtGql",
    "message_event": "downloaded",
    "message_metadata": [
    ],
    "message_source": "NPV"
  },
  {
    "timestamp_utc": "2024-04-22T03:50:17.402Z",
    "context_application_version": "8.7.20.1261",
    "context_conn_country": "IN",
    "context_device_manufacturer": "realme",
    "context_device_model": "RMX3392",
    "context_device_type": "mobile",
    "context_os_name": "android",
    "context_os_version": "13",
    "context_receiver_service_timestamp": 1713761556008,
    "context_time": 1713757817402,
    "message_canvas_id": "4e07c4eab1124acabae2db89af48134f",
    "message_entity_uri": "spotify:track:4sHxclJmWy9lEdbZZ3WAfW",
    "message_event": "downloading",
    "message_metadata": [
    ],
    "message_source": "NPV"
  },
  {
    "timestamp_utc": "2024-03-12T20:48:33.075Z",
    "context_application_version": "8.7.20.1261",
    "context_conn_country": "IN",
    "context_device_manufacturer": "realme",
    "context_device_model": "RMX3392",
    "context_device_type": "mobile",
    "context_os_name": "android",
    "context_os_version": "13",
    "context_receiver_service_timestamp": 1710276538162,
    "context_time": 1710276513075,
    "message_canvas_id": "e16f6c84625a437ba51c76781a06e951",
    "message_entity_uri": "spotify:track:1E16f7KcZmuXuhlenRwA2m",
    "message_event": "downloaded",
    "message_metadata": [
    ],
    "message_source": "NPV"
  },
  {
    "timestamp_utc": "2024-03-12T21:04:33.903Z",
    "context_application_version": "8.7.20.1261",
    "context_conn_country": "IN",
    "context_device_manufacturer": "realme",
    "context_device_model": "RMX3392",
    "context_device_type": "mobile",
    "context_os_name": "android",
    "context_os_version": "13",
    "context_receiver_service_timestamp": 1710277497778,
    "context_time": 1710277473903,
    "message_canvas_id": "cfc59193c4b044d5b4c0cbc9dcc78e24",
    "message_entity_uri": "spotify:track:2RSHsoi04658QL5xgQVov3",
    "message_event": "downloading",
    "message_metadata": [
    ],
    "message_source": "NPV"
  },
  {
    "timestamp_utc": "2024-03-28T01:05:07.681Z",
    "context_application_version": "8.7.20.1261",
    "context_conn_country": "IN",
    "context_device_manufacturer": "realme",
    "context_device_model": "RMX3392",
    "context_device_type": "mobile",
    "context_os_name": "android",
    "context_os_version": "13",
    "context_receiver_service_timestamp": 1711587910738,
    "context_time": 1711587907681,
    "message_canvas_id": "6076a6f7b61340e1991ae1cd7d6a4d81",
    "message_entity_uri": "spotify:track:7eTy1IzCaICfm6JYy1BV4u",
    "message_event": "downloading",
    "message_metadata": [
    ],
    "message_source": "NPV"
  },
  {
    "timestamp_utc": "2024-03-11T08:39:14.542Z",
    "context_application_version": "8.7.20.1261",
    "context_conn_country": "IN",
    "context_device_manufacturer": "realme",
    "context_device_model": "RMX3392",
    "context_device_type": null,
    "context_os_name": "android",
    "context_os_version": "13",
    "context_receiver_service_timestamp": 1710146375769,
    "context_time": 1710146354542,
    "message_canvas_id": "05bb478dca0d40ceb0bf978d0d66033b",
    "message_entity_uri": "spotify:track:7Ie9W94M7OjPoZVV216Xus",
    "message_event": "downloading",
    "message_metadata": [
    ],
    "message_source": "NPV"
  },
  {
    "timestamp_utc": "2024-03-13T09:08:59.289Z",
    "context_application_version": "8.7.20.1261",
    "context_conn_country": "IN",
    "context_device_manufacturer": "realme",
    "context_device_model": "RMX3392",
    "context_device_type": "mobile",
    "context_os_name": "android",
    "context_os_version": "13",
    "context_receiver_service_timestamp": 1710320970383,
    "context_time": 1710320939289,
    "message_canvas_id": "f5373099fed04a4aab74e25892257ffa",
    "message_entity_uri": "spotify:track:08kTa3SL9sV6Iy8KLKtGql",
    "message_event": "downloaded",
    "message_metadata": [
    ],
    "message_source": "NPV"
  },
  {
    "timestamp_utc": "2024-03-21T14:40:25.642Z",
    "context_application_version": "8.7.20.1261",
    "context_conn_country": "IN",
    "context_device_manufacturer": "realme",
    "context_device_model": "RMX3392",
    "context_device_type": "mobile",
    "context_os_name": "android",
    "context_os_version": "13",
    "context_receiver_service_timestamp": 1711036813743,
    "context_time": 1711032025642,
    "message_canvas_id": "f5373099fed04a4aab74e25892257ffa",
    "message_entity_uri": "spotify:track:08kTa3SL9sV6Iy8KLKtGql",
    "message_event": "downloaded",
    "message_metadata": [
    ],
    "message_source": "NPV"
  },
  {
    "timestamp_utc": "2024-05-04T06:38:31.552Z",
    "context_application_version": "8.7.20.1261",
    "context_conn_country": "IN",
    "context_device_manufacturer": "realme",
    "context_device_model": "RMX3392",
    "context_device_type": "mobile",
    "context_os_name": "android",
    "context_os_version": "14",
    "context_receiver_service_timestamp": 1714804739085,
    "context_time": 1714804711552,
    "message_canvas_id": "98785ac1cb2b412891df74567e2a13da",
    "message_entity_uri": "spotify:track:4BV7aMOMZYc9PfV5jW3R7j",
    "message_event": "downloaded",
    "message_metadata": [
    ],
    "message_source": "NPV"
  },
  {
    "timestamp_utc": "2024-03-28T01:05:07.829Z",
    "context_application_version": "8.7.20.1261",
    "context_conn_country": "IN",
    "context_device_manufacturer": "realme",
    "context_device_model": "RMX3392",
    "context_device_type": "mobile",
    "context_os_name": "android",
    "context_os_version": "13",
    "context_receiver_service_timestamp": 1711587910738,
    "context_time": 1711587907829,
    "message_canvas_id": "6076a6f7b61340e1991ae1cd7d6a4d81",
    "message_entity_uri": "spotify:track:7eTy1IzCaICfm6JYy1BV4u",
    "message_event": "downloading",
    "message_metadata": [
    ],
    "message_source": "NPV"
  },
  {
    "timestamp_utc": "2024-03-12T20:48:40.468Z",
    "context_application_version": "8.7.20.1261",
    "context_conn_country": "IN",
    "context_device_manufacturer": "realme",
    "context_device_model": "RMX3392",
    "context_device_type": "mobile",
    "context_os_name": "android",
    "context_os_version": "13",
    "context_receiver_service_timestamp": 1710276539061,
    "context_time": 1710276520468,
    "message_canvas_id": "16a08844bdb944709813cba8a06e1b05",
    "message_entity_uri": "spotify:track:2J2Z1SkXYghSajLibnQHOa",
    "message_event": "downloading",
    "message_metadata": [
    ],
    "message_source": "NPV"
  },
  {
    "timestamp_utc": "2024-04-24T04:33:58.614Z",
    "context_application_version": "8.7.20.1261",
    "context_conn_country": "IN",
    "context_device_manufacturer": "realme",
    "context_device_model": "RMX3392",
    "context_device_type": "mobile",
    "context_os_name": "android",
    "context_os_version": "13",
    "context_receiver_service_timestamp": 1713934534641,
    "context_time": 1713933238614,
    "message_canvas_id": "cb3229f706904375b10b36b25223622b",
    "message_entity_uri": "spotify:track:117gRrOjnRkMCgWxNtDNSv",
    "message_event": "downloading",
    "message_metadata": [
    ],
    "message_source": "NPV"
  },
  {
    "timestamp_utc": "2024-03-28T01:00:07.045Z",
    "context_application_version": "8.7.20.1261",
    "context_conn_country": "IN",
    "context_device_manufacturer": "realme",
    "context_device_model": "RMX3392",
    "context_device_type": "mobile",
    "context_os_name": "android",
    "context_os_version": "13",
    "context_receiver_service_timestamp": 1711587620567,
    "context_time": 1711587607045,
    "message_canvas_id": "6076a6f7b61340e1991ae1cd7d6a4d81",
    "message_entity_uri": "spotify:track:7eTy1IzCaICfm6JYy1BV4u",
    "message_event": "downloading",
    "message_metadata": [
    ],
    "message_source": "NPV"
  },
  {
    "timestamp_utc": "2024-03-12T20:48:33.051Z",
    "context_application_version": "8.7.20.1261",
    "context_conn_country": "IN",
    "context_device_manufacturer": "realme",
    "context_device_model": "RMX3392",
    "context_device_type": "mobile",
    "context_os_name": "android",
    "context_os_version": "13",
    "context_receiver_service_timestamp": 1710276538162,
    "context_time": 1710276513051,
    "message_canvas_id": "5ec2781a7adf46b489b0b4693e4f331b",
    "message_entity_uri": "spotify:track:1zB4vmk8tFRmM9UULNzbLB",
    "message_event": "downloading",
    "message_metadata": [
    ],
    "message_source": "NPV"
  },
  {
    "timestamp_utc": "2024-03-11T08:39:15.690Z",
    "context_application_version": "8.7.20.1261",
    "context_conn_country": "IN",
    "context_device_manufacturer": "realme",
    "context_device_model": "RMX3392",
    "context_device_type": null,
    "context_os_name": "android",
    "context_os_version": "13",
    "context_receiver_service_timestamp": 1710146376072,
    "context_time": 1710146355690,
    "message_canvas_id": "05bb478dca0d40ceb0bf978d0d66033b",
    "message_entity_uri": "spotify:track:7Ie9W94M7OjPoZVV216Xus",
    "message_event": "downloaded",
    "message_metadata": [
    ],
    "message_source": "NPV"
  },
  {
    "timestamp_utc": "2024-03-21T14:40:25.005Z",
    "context_application_version": "8.7.20.1261",
    "context_conn_country": "IN",
    "context_device_manufacturer": "realme",
    "context_device_model": "RMX3392",
    "context_device_type": "mobile",
    "context_os_name": "android",
    "context_os_version": "13",
    "context_receiver_service_timestamp": 1711036813743,
    "context_time": 1711032025005,
    "message_canvas_id": "4b9b553623fe429da4081bb9fc75ce15",
    "message_entity_uri": "spotify:track:7uhINGViZPygI2AljxO8KN",
    "message_event": "downloading",
    "message_metadata": [
    ],
    "message_source": "NPV"
  },
  {
    "timestamp_utc": "2024-03-12T20:48:19.304Z",
    "context_application_version": "8.7.20.1261",
    "context_conn_country": "IN",
    "context_device_manufacturer": "realme",
    "context_device_model": "RMX3392",
    "context_device_type": "mobile",
    "context_os_name": "android",
    "context_os_version": "13",
    "context_receiver_service_timestamp": 1710276507879,
    "context_time": 1710276499304,
    "message_canvas_id": "5ec2781a7adf46b489b0b4693e4f331b",
    "message_entity_uri": "spotify:track:1zB4vmk8tFRmM9UULNzbLB",
    "message_event": "downloading",
    "message_metadata": [
    ],
    "message_source": "NPV"
  },
  {
    "timestamp_utc": "2024-03-28T01:15:00.724Z",
    "context_application_version": "8.7.20.1261",
    "context_conn_country": "IN",
    "context_device_manufacturer": "realme",
    "context_device_model": "RMX3392",
    "context_device_type": "mobile",
    "context_os_name": "android",
    "context_os_version": "13",
    "context_receiver_service_timestamp": 1711588510746,
    "context_time": 1711588500724,
    "message_canvas_id": "6076a6f7b61340e1991ae1cd7d6a4d81",
    "message_entity_uri": "spotify:track:7eTy1IzCaICfm6JYy1BV4u",
    "message_event": "downloading",
    "message_metadata": [
    ],
    "message_source": "NPV"
  },
  {
    "timestamp_utc": "2024-03-13T09:09:13.105Z",
    "context_application_version": "8.7.20.1261",
    "context_conn_country": "IN",
    "context_device_manufacturer": "realme",
    "context_device_model": "RMX3392",
    "context_device_type": "mobile",
    "context_os_name": "android",
    "context_os_version": "13",
    "context_receiver_service_timestamp": 1710320970383,
    "context_time": 1710320953105,
    "message_canvas_id": "f5373099fed04a4aab74e25892257ffa",
    "message_entity_uri": "spotify:track:08kTa3SL9sV6Iy8KLKtGql",
    "message_event": "downloading",
    "message_metadata": [
    ],
    "message_source": "NPV"
  },
  {
    "timestamp_utc": "2024-03-11T08:41:03.042Z",
    "context_application_version": "8.7.20.1261",
    "context_conn_country": "IN",
    "context_device_manufacturer": "realme",
    "context_device_model": "RMX3392",
    "context_device_type": null,
    "context_os_name": "android",
    "context_os_version": "13",
    "context_receiver_service_timestamp": 1710146465323,
    "context_time": 1710146463042,
    "message_canvas_id": "05bb478dca0d40ceb0bf978d0d66033b",
    "message_entity_uri": "spotify:track:7Ie9W94M7OjPoZVV216Xus",
    "message_event": "downloading",
    "message_metadata": [
    ],
    "message_source": "NPV"
  },
  {
    "timestamp_utc": "2024-04-24T04:33:59.410Z",
    "context_application_version": "8.7.20.1261",
    "context_conn_country": "IN",
    "context_device_manufacturer": "realme",
    "context_device_model": "RMX3392",
    "context_device_type": "mobile",
    "context_os_name": "android",
    "context_os_version": "13",
    "context_receiver_service_timestamp": 1713934534641,
    "context_time": 1713933239410,
    "message_canvas_id": "cb3229f706904375b10b36b25223622b",
    "message_entity_uri": "spotify:track:117gRrOjnRkMCgWxNtDNSv",
    "message_event": "downloaded",
    "message_metadata": [
    ],
    "message_source": "NPV"
  },
  {
    "timestamp_utc": "2024-03-15T11:57:02.654Z",
    "context_application_version": "8.7.20.1261",
    "context_conn_country": "IN",
    "context_device_manufacturer": "realme",
    "context_device_model": "RMX3392",
    "context_device_type": "mobile",
    "context_os_name": "android",
    "context_os_version": "13",
    "context_receiver_service_timestamp": 1710503839549,
    "context_time": 1710503822654,
    "message_canvas_id": "ddf24e5463ed422cad5a80f4e3ad0116",
    "message_entity_uri": "spotify:track:1ZiReD9pPTttQWwSoYqdyH",
    "message_event": "downloading",
    "message_metadata": [
    ],
    "message_source": "NPV"
  },
  {
    "timestamp_utc": "2024-03-12T20:47:38.112Z",
    "context_application_version": "8.7.20.1261",
    "context_conn_country": "IN",
    "context_device_manufacturer": "realme",
    "context_device_model": "RMX3392",
    "context_device_type": "mobile",
    "context_os_name": "android",
    "context_os_version": "13",
    "context_receiver_service_timestamp": 1710276479824,
    "context_time": 1710276458112,
    "message_canvas_id": "e16f6c84625a437ba51c76781a06e951",
    "message_entity_uri": "spotify:track:1E16f7KcZmuXuhlenRwA2m",
    "message_event": "downloading",
    "message_metadata": [
    ],
    "message_source": "NPV"
  },
  {
    "timestamp_utc": "2024-03-12T21:03:55.216Z",
    "context_application_version": "8.7.20.1261",
    "context_conn_country": "IN",
    "context_device_manufacturer": "realme",
    "context_device_model": "RMX3392",
    "context_device_type": "mobile",
    "context_os_name": "android",
    "context_os_version": "13",
    "context_receiver_service_timestamp": 1710277437749,
    "context_time": 1710277435216,
    "message_canvas_id": "cfc59193c4b044d5b4c0cbc9dcc78e24",
    "message_entity_uri": "spotify:track:2RSHsoi04658QL5xgQVov3",
    "message_event": "downloaded",
    "message_metadata": [
    ],
    "message_source": "NPV"
  },
  {
    "timestamp_utc": "2024-04-23T21:17:21.146Z",
    "context_application_version": "8.7.20.1261",
    "context_conn_country": "IN",
    "context_device_manufacturer": "realme",
    "context_device_model": "RMX3392",
    "context_device_type": "mobile",
    "context_os_name": "android",
    "context_os_version": "13",
    "context_receiver_service_timestamp": 1713907123363,
    "context_time": 1713907041146,
    "message_canvas_id": "f103854548094a6787818a53c42580ef",
    "message_entity_uri": "spotify:track:6Sflud15ff1KqBzg6wj78S",
    "message_event": "downloading",
    "message_metadata": [
    ],
    "message_source": "NPV"
  },
  {
    "timestamp_utc": "2024-03-12T20:48:33.086Z",
    "context_application_version": "8.7.20.1261",
    "context_conn_country": "IN",
    "context_device_manufacturer": "realme",
    "context_device_model": "RMX3392",
    "context_device_type": "mobile",
    "context_os_name": "android",
    "context_os_version": "13",
    "context_receiver_service_timestamp": 1710276538162,
    "context_time": 1710276513086,
    "message_canvas_id": "5ec2781a7adf46b489b0b4693e4f331b",
    "message_entity_uri": "spotify:track:1zB4vmk8tFRmM9UULNzbLB",
    "message_event": "downloaded",
    "message_metadata": [
    ],
    "message_source": "NPV"
  },
  {
    "timestamp_utc": "2024-03-28T00:35:19.318Z",
    "context_application_version": "8.7.20.1261",
    "context_conn_country": "IN",
    "context_device_manufacturer": "realme",
    "context_device_model": "RMX3392",
    "context_device_type": "mobile",
    "context_os_name": "android",
    "context_os_version": "13",
    "context_receiver_service_timestamp": 1711586131099,
    "context_time": 1711586119318,
    "message_canvas_id": "6076a6f7b61340e1991ae1cd7d6a4d81",
    "message_entity_uri": "spotify:track:7eTy1IzCaICfm6JYy1BV4u",
    "message_event": "downloading",
    "message_metadata": [
    ],
    "message_source": "NPV"
  },
  {
    "timestamp_utc": "2024-03-12T21:03:03.743Z",
    "context_application_version": "8.7.20.1261",
    "context_conn_country": "IN",
    "context_device_manufacturer": "realme",
    "context_device_model": "RMX3392",
    "context_device_type": "mobile",
    "context_os_name": "android",
    "context_os_version": "13",
    "context_receiver_service_timestamp": 1710277407779,
    "context_time": 1710277383743,
    "message_canvas_id": "cfc59193c4b044d5b4c0cbc9dcc78e24",
    "message_entity_uri": "spotify:track:2RSHsoi04658QL5xgQVov3",
    "message_event": "downloading",
    "message_metadata": [
    ],
    "message_source": "NPV"
  },
  {
    "timestamp_utc": "2024-03-13T09:09:13.986Z",
    "context_application_version": "8.7.20.1261",
    "context_conn_country": "IN",
    "context_device_manufacturer": "realme",
    "context_device_model": "RMX3392",
    "context_device_type": "mobile",
    "context_os_name": "android",
    "context_os_version": "13",
    "context_receiver_service_timestamp": 1710320970666,
    "context_time": 1710320953986,
    "message_canvas_id": "f5373099fed04a4aab74e25892257ffa",
    "message_entity_uri": "spotify:track:08kTa3SL9sV6Iy8KLKtGql",
    "message_event": "downloaded",
    "message_metadata": [
    ],
    "message_source": "NPV"
  },
  {
    "timestamp_utc": "2024-03-13T09:09:13.098Z",
    "context_application_version": "8.7.20.1261",
    "context_conn_country": "IN",
    "context_device_manufacturer": "realme",
    "context_device_model": "RMX3392",
    "context_device_type": "mobile",
    "context_os_name": "android",
    "context_os_version": "13",
    "context_receiver_service_timestamp": 1710320970383,
    "context_time": 1710320953098,
    "message_canvas_id": "cb3229f706904375b10b36b25223622b",
    "message_entity_uri": "spotify:track:117gRrOjnRkMCgWxNtDNSv",
    "message_event": "downloading",
    "message_metadata": [
    ],
    "message_source": "NPV"
  },
  {
    "timestamp_utc": "2024-03-20T20:11:52.174Z",
    "context_application_version": "8.7.20.1261",
    "context_conn_country": "IN",
    "context_device_manufacturer": "realme",
    "context_device_model": "RMX3392",
    "context_device_type": "mobile",
    "context_os_name": "android",
    "context_os_version": "13",
    "context_receiver_service_timestamp": 1710965522479,
    "context_time": 1710965512174,
    "message_canvas_id": "f825339940c64afdbdd940e8eb81f274",
    "message_entity_uri": "spotify:track:5rw5JFu9sa5sj5W9zQUVaL",
    "message_event": "downloading",
    "message_metadata": [
    ],
    "message_source": "NPV"
  },
  {
    "timestamp_utc": "2024-03-11T08:41:03.483Z",
    "context_application_version": "8.7.20.1261",
    "context_conn_country": "IN",
    "context_device_manufacturer": "realme",
    "context_device_model": "RMX3392",
    "context_device_type": null,
    "context_os_name": "android",
    "context_os_version": "13",
    "context_receiver_service_timestamp": 1710146465323,
    "context_time": 1710146463483,
    "message_canvas_id": "21fc11cef6934948886c35496e5e47c4",
    "message_entity_uri": "spotify:track:3UmaczJpikHgJFyBTAJVoz",
    "message_event": "downloading",
    "message_metadata": [
    ],
    "message_source": "NPV"
  },
  {
    "timestamp_utc": "2024-04-18T09:16:27.130Z",
    "context_application_version": "8.7.20.1261",
    "context_conn_country": "IN",
    "context_device_manufacturer": "realme",
    "context_device_model": "RMX3392",
    "context_device_type": "mobile",
    "context_os_name": "android",
    "context_os_version": "13",
    "context_receiver_service_timestamp": 1713431807289,
    "context_time": 1713431787130,
    "message_canvas_id": "cb3229f706904375b10b36b25223622b",
    "message_entity_uri": "spotify:track:117gRrOjnRkMCgWxNtDNSv",
    "message_event": "downloaded",
    "message_metadata": [
    ],
    "message_source": "NPV"
  },
  {
    "timestamp_utc": "2024-03-12T20:47:38.974Z",
    "context_application_version": "8.7.20.1261",
    "context_conn_country": "IN",
    "context_device_manufacturer": "realme",
    "context_device_model": "RMX3392",
    "context_device_type": "mobile",
    "context_os_name": "android",
    "context_os_version": "13",
    "context_receiver_service_timestamp": 1710276479824,
    "context_time": 1710276458974,
    "message_canvas_id": "feb72e0f63bb4c84abaa156ef2ca6712",
    "message_entity_uri": "spotify:track:7tjtWVu8RsshzPxQm8oT3y",
    "message_event": "downloaded",
    "message_metadata": [
    ],
    "message_source": "NPV"
  },
  {
    "timestamp_utc": "2024-04-23T21:11:53.845Z",
    "context_application_version": "8.7.20.1261",
    "context_conn_country": "IN",
    "context_device_manufacturer": "realme",
    "context_device_model": "RMX3392",
    "context_device_type": "mobile",
    "context_os_name": "android",
    "context_os_version": "13",
    "context_receiver_service_timestamp": 1713906731488,
    "context_time": 1713906713845,
    "message_canvas_id": "f103854548094a6787818a53c42580ef",
    "message_entity_uri": "spotify:track:6Sflud15ff1KqBzg6wj78S",
    "message_event": "downloading",
    "message_metadata": [
    ],
    "message_source": "NPV"
  },
  {
    "timestamp_utc": "2024-03-12T20:57:27.366Z",
    "context_application_version": "8.7.20.1261",
    "context_conn_country": "IN",
    "context_device_manufacturer": "realme",
    "context_device_model": "RMX3392",
    "context_device_type": "mobile",
    "context_os_name": "android",
    "context_os_version": "13",
    "context_receiver_service_timestamp": 1710277077833,
    "context_time": 1710277047366,
    "message_canvas_id": "0c739f33b31f4d19876e73ae61454c6c",
    "message_entity_uri": "spotify:track:08bNPGLD8AhKpnnERrAc6G",
    "message_event": "downloaded",
    "message_metadata": [
    ],
    "message_source": "NPV"
  },
  {
    "timestamp_utc": "2024-03-28T01:00:07.054Z",
    "context_application_version": "8.7.20.1261",
    "context_conn_country": "IN",
    "context_device_manufacturer": "realme",
    "context_device_model": "RMX3392",
    "context_device_type": "mobile",
    "context_os_name": "android",
    "context_os_version": "13",
    "context_receiver_service_timestamp": 1711587620567,
    "context_time": 1711587607054,
    "message_canvas_id": "6076a6f7b61340e1991ae1cd7d6a4d81",
    "message_entity_uri": "spotify:track:7eTy1IzCaICfm6JYy1BV4u",
    "message_event": "downloading",
    "message_metadata": [
    ],
    "message_source": "NPV"
  },
  {
    "timestamp_utc": "2024-03-11T08:41:03.045Z",
    "context_application_version": "8.7.20.1261",
    "context_conn_country": "IN",
    "context_device_manufacturer": "realme",
    "context_device_model": "RMX3392",
    "context_device_type": null,
    "context_os_name": "android",
    "context_os_version": "13",
    "context_receiver_service_timestamp": 1710146465323,
    "context_time": 1710146463045,
    "message_canvas_id": "21fc11cef6934948886c35496e5e47c4",
    "message_entity_uri": "spotify:track:3UmaczJpikHgJFyBTAJVoz",
    "message_event": "downloading",
    "message_metadata": [
    ],
    "message_source": "NPV"
  },
  {
    "timestamp_utc": "2024-03-14T05:20:52.130Z",
    "context_application_version": "8.7.20.1261",
    "context_conn_country": "IN",
    "context_device_manufacturer": "realme",
    "context_device_model": "RMX3392",
    "context_device_type": "mobile",
    "context_os_name": "android",
    "context_os_version": "13",
    "context_receiver_service_timestamp": 1710393673239,
    "context_time": 1710393652130,
    "message_canvas_id": "2ca59925589c426ca7eb4531ed0d9b6a",
    "message_entity_uri": "spotify:track:6MZyrnqwsLnrWY5Gk0AyXg",
    "message_event": "downloading",
    "message_metadata": [
    ],
    "message_source": "NPV"
  },
  {
    "timestamp_utc": "2024-04-23T02:48:34.047Z",
    "context_application_version": "8.7.20.1261",
    "context_conn_country": "IN",
    "context_device_manufacturer": "realme",
    "context_device_model": "RMX3392",
    "context_device_type": "mobile",
    "context_os_name": "android",
    "context_os_version": "13",
    "context_receiver_service_timestamp": 1713840534077,
    "context_time": 1713840514047,
    "message_canvas_id": "fd68754b2e2d4b7f9c610d8d76766452",
    "message_entity_uri": "spotify:track:54aFTarzdcaahrzXVTQ7Tr",
    "message_event": "downloading",
    "message_metadata": [
    ],
    "message_source": "NPV"
  },
  {
    "timestamp_utc": "2024-03-14T05:21:13.274Z",
    "context_application_version": "8.7.20.1261",
    "context_conn_country": "IN",
    "context_device_manufacturer": "realme",
    "context_device_model": "RMX3392",
    "context_device_type": "mobile",
    "context_os_name": "android",
    "context_os_version": "13",
    "context_receiver_service_timestamp": 1710393700453,
    "context_time": 1710393673274,
    "message_canvas_id": "2ca59925589c426ca7eb4531ed0d9b6a",
    "message_entity_uri": "spotify:track:6MZyrnqwsLnrWY5Gk0AyXg",
    "message_event": "downloading",
    "message_metadata": [
    ],
    "message_source": "NPV"
  },
  {
    "timestamp_utc": "2024-04-23T21:11:45.865Z",
    "context_application_version": "8.7.20.1261",
    "context_conn_country": "IN",
    "context_device_manufacturer": "realme",
    "context_device_model": "RMX3392",
    "context_device_type": "mobile",
    "context_os_name": "android",
    "context_os_version": "13",
    "context_receiver_service_timestamp": 1713906731248,
    "context_time": 1713906705865,
    "message_canvas_id": "f103854548094a6787818a53c42580ef",
    "message_entity_uri": "spotify:track:6Sflud15ff1KqBzg6wj78S",
    "message_event": "downloaded",
    "message_metadata": [
    ],
    "message_source": "NPV"
  }
]