[
  {
    "timestamp_utc": "2024-03-13T09:08:57.870Z",
    "context_application_version": "8.7.20.1261",
    "context_conn_country": "IN",
    "context_device_manufacturer": "realme",
    "context_device_model": "RMX3392",
    "context_device_type": "mobile",
    "context_os_name": "android",
    "context_os_version": "13",
    "context_receiver_service_timestamp": 1710320939817,
    "context_time": 1710320937870,
    "message_app_focus_state": "foreground",
    "message_audio_state": "paused",
    "message_canvas_id": "cb3229f706904375b10b36b25223622b",
    "message_entity_uri": "spotify:track:117gRrOjnRkMCgWxNtDNSv",
    "message_load_state": "not_loaded",
    "message_page_source": "spotify:app:canvas",
    "message_track_time": 68717,
    "message_visual_state": "visible_full"
  },
  {
    "timestamp_utc": "2024-03-12T20:48:32.828Z",
    "context_application_version": "8.7.20.1261",
    "context_conn_country": "IN",
    "context_device_manufacturer": "realme",
    "context_device_model": "RMX3392",
    "context_device_type": "mobile",
    "context_os_name": "android",
    "context_os_version": "13",
    "context_receiver_service_timestamp": 1710276538162,
    "context_time": 1710276512828,
    "message_app_focus_state": "foreground",
    "message_audio_state": "playing",
    "message_canvas_id": "e16f6c84625a437ba51c76781a06e951",
    "message_entity_uri": "spotify:track:1E16f7KcZmuXuhlenRwA2m",
    "message_load_state": "not_loaded",
    "message_page_source": "spotify:app:canvas",
    "message_track_time": 134,
    "message_visual_state": "visible_full"
  },
  {
    "timestamp_utc": "2024-03-12T21:01:42.005Z",
    "context_application_version": "8.7.20.1261",
    "context_conn_country": "IN",
    "context_device_manufacturer": "realme",
    "context_device_model": "RMX3392",
    "context_device_type": "mobile",
    "context_os_name": "android",
    "context_os_version": "13",
    "context_receiver_service_timestamp": 1710277317914,
    "context_time": 1710277302005,
    "message_app_focus_state": "foreground",
    "message_audio_state": "playing",
    "message_canvas_id": "cfc59193c4b044d5b4c0cbc9dcc78e24",
    "message_entity_uri": "spotify:track:2RSHsoi04658QL5xgQVov3",
    "message_load_state": "not_loaded",
    "message_page_source": "spotify:app:canvas",
    "message_track_time": 45,
    "message_visual_state": "visible_full"
  },
  {
    "timestamp_utc": "2024-03-12T20:48:19.090Z",
    "context_application_version": "8.7.20.1261",
    "context_conn_country": "IN",
    "context_device_manufacturer": "realme",
    "context_device_model": "RMX3392",
    "context_device_type": "mobile",
    "context_os_name": "android",
    "context_os_version": "13",
    "context_receiver_service_timestamp": 1710276507879,
    "context_time": 1710276499090,
    "message_app_focus_state": "foreground",
    "message_audio_state": "playing",
    "message_canvas_id": "e16f6c84625a437ba51c76781a06e951",
    "message_entity_uri": "spotify:track:1E16f7KcZmuXuhlenRwA2m",
    "message_load_state": "loaded",
    "message_page_source": "spotify:app:canvas",
    "message_track_time": 0,
    "message_visual_state": "visible_full"
  },
  {
    "timestamp_utc": "2024-03-13T09:09:13.197Z",
    "context_application_version": "8.7.20.1261",
    "context_conn_country": "IN",
    "context_device_manufacturer": "realme",
    "context_device_model": "RMX3392",
    "context_device_type": "mobile",
    "context_os_name": "android",
    "context_os_version": "13",
    "context_receiver_service_timestamp": 1710320970383,
    "context_time": 1710320953197,
    "message_app_focus_state": "foreground",
    "message_audio_state": "playing",
    "message_canvas_id": "cb3229f706904375b10b36b25223622b",
    "message_entity_uri": "spotify:track:117gRrOjnRkMCgWxNtDNSv",
    "message_load_state": "loaded",
    "message_page_source": "spotify:app:canvas",
    "message_track_time": 69183,
    "message_visual_state": "visible_full"
  },
  {
    "timestamp_utc": "2024-03-12T20:57:58.053Z",
    "context_application_version": "8.7.20.1261",
    "context_conn_country": "IN",
    "context_device_manufacturer": "realme",
    "context_device_model": "RMX3392",
    "context_device_type": "mobile",
    "context_os_name": "android",
    "context_os_version": "13",
    "context_receiver_service_timestamp": 1710277081536,
    "context_time": 1710277078053,
    "message_app_focus_state": "foreground",
    "message_audio_state": "playing",
    "message_canvas_id": "bcb03638de36428389669332f85ae55d",
    "message_entity_uri": "spotify:track:7wMq5n8mYSKlQIGECKUgTX",
    "message_load_state": "loaded",
    "message_page_source": "spotify:app:canvas",
    "message_track_time": 6,
    "message_visual_state": "visible_full"
  },
  {
    "timestamp_utc": "2024-04-16T08:24:02.543Z",
    "context_application_version": "8.7.20.1261",
    "context_conn_country": "IN",
    "context_device_manufacturer": "realme",
    "context_device_model": "RMX3392",
    "context_device_type": "mobile",
    "context_os_name": "android",
    "context_os_version": "13",
    "context_receiver_service_timestamp": 1713255845764,
    "context_time": 1713255842543,
    "message_app_focus_state": "foreground",
    "message_audio_state": "playing",
    "message_canvas_id": "a9b8e59e533d4f8680f7a1dc0397b4b5",
    "message_entity_uri": "spotify:track:1JelKGBph8gon106Wqjwu2",
    "message_load_state": "not_loaded",
    "message_page_source": "spotify:app:canvas",
    "message_track_time": 7,
    "message_visual_state": "visible_full"
  },
  {
    "timestamp_utc": "2024-03-11T08:41:02.728Z",
    "context_application_version": "8.7.20.1261",
    "context_conn_country": "IN",
    "context_device_manufacturer": "realme",
    "context_device_model": "RMX3392",
    "context_device_type": null,
    "context_os_name": "android",
    "context_os_version": "13",
    "context_receiver_service_timestamp": 1710146465323,
    "context_time": 1710146462728,
    "message_app_focus_state": "foreground",
    "message_audio_state": "playing",
    "message_canvas_id": "05bb478dca0d40ceb0bf978d0d66033b",
    "message_entity_uri": "spotify:track:7Ie9W94M7OjPoZVV216Xus",
    "message_load_state": "not_loaded",
    "message_page_source": "spotify:app:canvas",
    "message_track_time": 165,
    "message_visual_state": "visible_full"
  },
  {
    "timestamp_utc": "2024-04-23T02:48:25.145Z",
    "context_application_version": "8.7.20.1261",
    "context_conn_country": "IN",
    "context_device_manufacturer": "realme",
    "context_device_model": "RMX3392",
    "context_device_type": "mobile",
    "context_os_name": "android",
    "context_os_version": "13",
    "context_receiver_service_timestamp": 1713840533582,
    "context_time": 1713840505145,
    "message_app_focus_state": "foreground",
    "message_audio_state": "playing",
    "message_canvas_id": "fd68754b2e2d4b7f9c610d8d76766452",
    "message_entity_uri": "spotify:track:54aFTarzdcaahrzXVTQ7Tr",
    "message_load_state": "loaded",
    "message_page_source": "spotify:app:canvas",
    "message_track_time": 182093,
    "message_visual_state": "visible_full"
  },
  {
    "timestamp_utc": "2024-03-12T20:57:56.271Z",
    "context_application_version": "8.7.20.1261",
    "context_conn_country": "IN",
    "context_device_manufacturer": "realme",
    "context_device_model": "RMX3392",
    "context_device_type": "mobile",
    "context_os_name": "android",
    "context_os_version": "13",
    "context_receiver_service_timestamp": 1710277080834,
    "context_time": 1710277076271,
    "message_app_focus_state": "foreground",
    "message_audio_state": "playing",
    "message_canvas_id": "bcb03638de36428389669332f85ae55d",
    "message_entity_uri": "spotify:track:7wMq5n8mYSKlQIGECKUgTX",
    "message_load_state": "not_loaded",
    "message_page_source": "spotify:app:canvas",
    "message_track_time": 6,
    "message_visual_state": "visible_full"
  },
  {
    "timestamp_utc": "2024-03-13T09:09:12.940Z",
    "context_application_version": "8.7.20.1261",
    "context_conn_country": "IN",
    "context_device_manufacturer": "realme",
    "context_device_model": "RMX3392",
    "context_device_type": "mobile",
    "context_os_name": "android",
    "context_os_version": "13",
    "context_receiver_service_timestamp": 1710320970383,
    "context_time": 1710320952940,
    "message_app_focus_state": "foreground",
    "message_audio_state": "playing",
    "message_canvas_id": "cb3229f706904375b10b36b25223622b",
    "message_entity_uri": "spotify:track:117gRrOjnRkMCgWxNtDNSv",
    "message_load_state": "not_loaded",
    "message_page_source": "spotify:app:canvas",
    "message_track_time": 69183,
    "message_visual_state": "visible_full"
  },
  {
    "timestamp_utc": "2024-03-21T14:40:26.568Z",
    "context_application_version": "8.7.20.1261",
    "context_conn_country": "IN",
    "context_device_manufacturer": "realme",
    "context_device_model": "RMX3392",
    "context_device_type": "mobile",
    "context_os_name": "android",
    "context_os_version": "13",
    "context_receiver_service_timestamp": 1711036813743,
    "context_time": 1711032026568,
    "message_app_focus_state": "foreground",
    "message_audio_state": "playing",
    "message_canvas_id": "f5373099fed04a4aab74e25892257ffa",
    "message_entity_uri": "spotify:track:08kTa3SL9sV6Iy8KLKtGql",
    "message_load_state": "loaded",
    "message_page_source": "spotify:app:canvas",
    "message_track_time": 159740,
    "message_visual_state": "visible_full"
  },
  {
    "timestamp_utc": "2024-03-13T09:09:12.913Z",
    "context_application_version": "8.7.20.1261",
    "context_conn_country": "IN",
    "context_device_manufacturer": "realme",
    "context_device_model": "RMX3392",
    "context_device_type": "mobile",
    "context_os_name": "android",
    "context_os_version": "13",
    "context_receiver_service_timestamp": 1710320970383,
    "context_time": 1710320952913,
    "message_app_focus_state": "foreground",
    "message_audio_state": "playing",
    "message_canvas_id": "cb3229f706904375b10b36b25223622b",
    "message_entity_uri": "spotify:track:117gRrOjnRkMCgWxNtDNSv",
    "message_load_state": "not_loaded",
    "message_page_source": "spotify:app:canvas",
    "message_track_time": 69183,
    "message_visual_state": "visible_full"
  },
  {
    "timestamp_utc": "2024-04-23T02:48:33.956Z",
    "context_application_version": "8.7.20.1261",
    "context_conn_country": "IN",
    "context_device_manufacturer": "realme",
    "context_device_model": "RMX3392",
    "context_device_type": "mobile",
    "context_os_name": "android",
    "context_os_version": "13",
    "context_receiver_service_timestamp": 1713840534077,
    "context_time": 1713840513956,
    "message_app_focus_state": "foreground",
    "message_audio_state": "playing",
    "message_canvas_id": "fd68754b2e2d4b7f9c610d8d76766452",
    "message_entity_uri": "spotify:track:54aFTarzdcaahrzXVTQ7Tr",
    "message_load_state": "not_loaded",
    "message_page_source": "spotify:app:canvas",
    "message_track_time": 182093,
    "message_visual_state": "visible_full"
  },
  {
    "timestamp_utc": "2024-03-12T21:03:03.726Z",
    "context_application_version": "8.7.20.1261",
    "context_conn_country": "IN",
    "context_device_manufacturer": "realme",
    "context_device_model": "RMX3392",
    "context_device_type": "mobile",
    "context_os_name": "android",
    "context_os_version": "13",
    "context_receiver_service_timestamp": 1710277407779,
    "context_time": 1710277383726,
    "message_app_focus_state": "foreground",
    "message_audio_state": "playing",
    "message_canvas_id": "cfc59193c4b044d5b4c0cbc9dcc78e24",
    "message_entity_uri": "spotify:track:2RSHsoi04658QL5xgQVov3",
    "message_load_state": "not_loaded",
    "message_page_source": "spotify:app:canvas",
    "message_track_time": 45,
    "message_visual_state": "visible_full"
  },
  {
    "timestamp_utc": "2024-04-23T02:48:34.083Z",
    "context_application_version": "8.7.20.1261",
    "context_conn_country": "IN",
    "context_device_manufacturer": "realme",
    "context_device_model": "RMX3392",
    "context_device_type": "mobile",
    "context_os_name": "android",
    "context_os_version": "13",
    "context_receiver_service_timestamp": 1713840534077,
    "context_time": 1713840514083,
    "message_app_focus_state": "foreground",
    "message_audio_state": "playing",
    "message_canvas_id": "fd68754b2e2d4b7f9c610d8d76766452",
    "message_entity_uri": "spotify:track:54aFTarzdcaahrzXVTQ7Tr",
    "message_load_state": "loaded",
    "message_page_source": "spotify:app:canvas",
    "message_track_time": 182093,
    "message_visual_state": "visible_full"
  },
  {
    "timestamp_utc": "2024-03-12T20:48:19.104Z",
    "context_application_version": "8.7.20.1261",
    "context_conn_country": "IN",
    "context_device_manufacturer": "realme",
    "context_device_model": "RMX3392",
    "context_device_type": "mobile",
    "context_os_name": "android",
    "context_os_version": "13",
    "context_receiver_service_timestamp": 1710276507879,
    "context_time": 1710276499104,
    "message_app_focus_state": "foreground",
    "message_audio_state": "playing",
    "message_canvas_id": "e16f6c84625a437ba51c76781a06e951",
    "message_entity_uri": "spotify:track:1E16f7KcZmuXuhlenRwA2m",
    "message_load_state": "loaded",
    "message_page_source": "spotify:app:canvas",
    "message_track_time": 0,
    "message_visual_state": "visible_full"
  },
  {
    "timestamp_utc": "2024-03-12T20:48:32.798Z",
    "context_application_version": "8.7.20.1261",
    "context_conn_country": "IN",
    "context_device_manufacturer": "realme",
    "context_device_model": "RMX3392",
    "context_device_type": "mobile",
    "context_os_name": "android",
    "context_os_version": "13",
    "context_receiver_service_timestamp": 1710276538162,
    "context_time": 1710276512798,
    "message_app_focus_state": "foreground",
    "message_audio_state": "playing",
    "message_canvas_id": "e16f6c84625a437ba51c76781a06e951",
    "message_entity_uri": "spotify:track:1E16f7KcZmuXuhlenRwA2m",
    "message_load_state": "not_loaded",
    "message_page_source": "spotify:app:canvas",
    "message_track_time": 134,
    "message_visual_state": "visible_full"
  },
  {
    "timestamp_utc": "2024-04-22T03:13:13.122Z",
    "context_application_version": "8.7.20.1261",
    "context_conn_country": "IN",
    "context_device_manufacturer": "realme",
    "context_device_model": "RMX3392",
    "context_device_type": "mobile",
    "context_os_name": "android",
    "context_os_version": "13",
    "context_receiver_service_timestamp": 1713755613930,
    "context_time": 1713755593122,
    "message_app_focus_state": "foreground",
    "message_audio_state": "playing",
    "message_canvas_id": "4e07c4eab1124acabae2db89af48134f",
    "message_entity_uri": "spotify:track:4sHxclJmWy9lEdbZZ3WAfW",
    "message_load_state": "not_loaded",
    "message_page_source": "spotify:app:canvas",
    "message_track_time": 107,
    "message_visual_state": "visible_full"
  },
  {
    "timestamp_utc": "2024-04-23T02:48:23.799Z",
    "context_application_version": "8.7.20.1261",
    "context_conn_country": "IN",
    "context_device_manufacturer": "realme",
    "context_device_model": "RMX3392",
    "context_device_type": "mobile",
    "context_os_name": "android",
    "context_os_version": "13",
    "context_receiver_service_timestamp": 1713840533267,
    "context_time": 1713840503799,
    "message_app_focus_state": "foreground",
    "message_audio_state": "playing",
    "message_canvas_id": "fd68754b2e2d4b7f9c610d8d76766452",
    "message_entity_uri": "spotify:track:54aFTarzdcaahrzXVTQ7Tr",
    "message_load_state": "not_loaded",
    "message_page_source": "spotify:app:canvas",
    "message_track_time": 182093,
    "message_visual_state": "visible_full"
  },
  {
    "timestamp_utc": "2024-03-21T14:38:32.026Z",
    "context_application_version": "8.7.20.1261",
    "context_conn_country": "IN",
    "context_device_manufacturer": "realme",
    "context_device_model": "RMX3392",
    "context_device_type": "mobile",
    "context_os_name": "android",
    "context_os_version": "13",
    "context_receiver_service_timestamp": 1711031922375,
    "context_time": 1711031912026,
    "message_app_focus_state": "foreground",
    "message_audio_state": "playing",
    "message_canvas_id": "f5373099fed04a4aab74e25892257ffa",
    "message_entity_uri": "spotify:track:08kTa3SL9sV6Iy8KLKtGql",
    "message_load_state": "loaded",
    "message_page_source": "spotify:app:canvas",
    "message_track_time": 33,
    "message_visual_state": "visible_full"
  },
  {
    "timestamp_utc": "2024-04-23T02:48:25.245Z",
    "context_application_version": "8.7.20.1261",
    "context_conn_country": "IN",
    "context_device_manufacturer": "realme",
    "context_device_model": "RMX3392",
    "context_device_type": "mobile",
    "context_os_name": "android",
    "context_os_version": "13",
    "context_receiver_service_timestamp": 1713840533582,
    "context_time": 1713840505245,
    "message_app_focus_state": "foreground",
    "message_audio_state": "playing",
    "message_canvas_id": "fd68754b2e2d4b7f9c610d8d76766452",
    "message_entity_uri": "spotify:track:54aFTarzdcaahrzXVTQ7Tr",
    "message_load_state": "loaded",
    "message_page_source": "spotify:app:canvas",
    "message_track_time": 182093,
    "message_visual_state": "visible_full"
  },
  {
    "timestamp_utc": "2024-03-21T14:40:24.846Z",
    "context_application_version": "8.7.20.1261",
    "context_conn_country": "IN",
    "context_device_manufacturer": "realme",
    "context_device_model": "RMX3392",
    "context_device_type": "mobile",
    "context_os_name": "android",
    "context_os_version": "13",
    "context_receiver_service_timestamp": 1711036813743,
    "context_time": 1711032024846,
    "message_app_focus_state": "foreground",
    "message_audio_state": "paused",
    "message_canvas_id": "f5373099fed04a4aab74e25892257ffa",
    "message_entity_uri": "spotify:track:08kTa3SL9sV6Iy8KLKtGql",
    "message_load_state": "not_loaded",
    "message_page_source": "spotify:app:canvas",
    "message_track_time": 159600,
    "message_visual_state": "visible_full"
  },
  {
    "timestamp_utc": "2024-03-11T08:39:14.481Z",
    "context_application_version": "8.7.20.1261",
    "context_conn_country": "IN",
    "context_device_manufacturer": "realme",
    "context_device_model": "RMX3392",
    "context_device_type": null,
    "context_os_name": "android",
    "context_os_version": "13",
    "context_receiver_service_timestamp": 1710146375769,
    "context_time": 1710146354481,
    "message_app_focus_state": "foreground",
    "message_audio_state": "playing",
    "message_canvas_id": "05bb478dca0d40ceb0bf978d0d66033b",
    "message_entity_uri": "spotify:track:7Ie9W94M7OjPoZVV216Xus",
    "message_load_state": "not_loaded",
    "message_page_source": "spotify:app:canvas",
    "message_track_time": 165,
    "message_visual_state": "visible_full"
  },
  {
    "timestamp_utc": "2024-03-23T10:33:04.529Z",
    "context_application_version": "8.7.20.1261",
    "context_conn_country": "IN",
    "context_device_manufacturer": "realme",
    "context_device_model": "RMX3392",
    "context_device_type": "mobile",
    "context_os_name": "android",
    "context_os_version": "13",
    "context_receiver_service_timestamp": 1711189992390,
    "context_time": 1711189984529,
    "message_app_focus_state": "foreground",
    "message_audio_state": "playing",
    "message_canvas_id": "fbdb3cdda27e4a40af333a4a6af5e6b4",
    "message_entity_uri": "spotify:track:1TkyDEdjiUuYhoMkxdZCiO",
    "message_load_state": "not_loaded",
    "message_page_source": "spotify:app:canvas",
    "message_track_time": 77,
    "message_visual_state": "visible_full"
  },
  {
    "timestamp_utc": "2024-03-21T14:40:25.637Z",
    "context_application_version": "8.7.20.1261",
    "context_conn_country": "IN",
    "context_device_manufacturer": "realme",
    "context_device_model": "RMX3392",
    "context_device_type": "mobile",
    "context_os_name": "android",
    "context_os_version": "13",
    "context_receiver_service_timestamp": 1711036813743,
    "context_time": 1711032025637,
    "message_app_focus_state": "foreground",
    "message_audio_state": "paused",
    "message_canvas_id": "f5373099fed04a4aab74e25892257ffa",
    "message_entity_uri": "spotify:track:08kTa3SL9sV6Iy8KLKtGql",
    "message_load_state": "loaded",
    "message_page_source": "spotify:app:canvas",
    "message_track_time": 159600,
    "message_visual_state": "visible_full"
  },
  {
    "timestamp_utc": "2024-04-23T02:48:25.182Z",
    "context_application_version": "8.7.20.1261",
    "context_conn_country": "IN",
    "context_device_manufacturer": "realme",
    "context_device_model": "RMX3392",
    "context_device_type": "mobile",
    "context_os_name": "android",
    "context_os_version": "13",
    "context_receiver_service_timestamp": 1713840533582,
    "context_time": 1713840505182,
    "message_app_focus_state": "foreground",
    "message_audio_state": "playing",
    "message_canvas_id": "fd68754b2e2d4b7f9c610d8d76766452",
    "message_entity_uri": "spotify:track:54aFTarzdcaahrzXVTQ7Tr",
    "message_load_state": "not_loaded",
    "message_page_source": "spotify:app:canvas",
    "message_track_time": 182093,
    "message_visual_state": "visible_full"
  },
  {
    "timestamp_utc": "2024-03-21T14:38:30.943Z",
    "context_application_version": "8.7.20.1261",
    "context_conn_country": "IN",
    "context_device_manufacturer": "realme",
    "context_device_model": "RMX3392",
    "context_device_type": "mobile",
    "context_os_name": "android",
    "context_os_version": "13",
    "context_receiver_service_timestamp": 1711031922375,
    "context_time": 1711031910943,
    "message_app_focus_state": "foreground",
    "message_audio_state": "playing",
    "message_canvas_id": "f5373099fed04a4aab74e25892257ffa",
    "message_entity_uri": "spotify:track:08kTa3SL9sV6Iy8KLKtGql",
    "message_load_state": "not_loaded",
    "message_page_source": "spotify:app:canvas",
    "message_track_time": 33,
    "message_visual_state": "visible_full"
  },
  {
    "timestamp_utc": "2024-03-20T20:11:52.150Z",
    "context_application_version": "8.7.20.1261",
    "context_conn_country": "IN",
    "context_device_manufacturer": "realme",
    "context_device_model": "RMX3392",
    "context_device_type": "mobile",
    "context_os_name": "android",
    "context_os_version": "13",
    "context_receiver_service_timestamp": 1710965522479,
    "context_time": 1710965512150,
    "message_app_focus_state": "foreground",
    "message_audio_state": "playing",
    "message_canvas_id": "f825339940c64afdbdd940e8eb81f274",
    "message_entity_uri": "spotify:track:5rw5JFu9sa5sj5W9zQUVaL",
    "message_load_state": "not_loaded",
    "message_page_source": "spotify:app:canvas",
    "message_track_time": 0,
    "message_visual_state": "visible_full"
  },
  {
    "timestamp_utc": "2024-03-13T09:08:58.935Z",
    "context_application_version": "8.7.20.1261",
    "context_conn_country": "IN",
    "context_device_manufacturer": "realme",
    "context_device_model": "RMX3392",
    "context_device_type": "mobile",
    "context_os_name": "android",
    "context_os_version": "13",
    "context_receiver_service_timestamp": 1710320940016,
    "context_time": 1710320938935,
    "message_app_focus_state": "foreground",
    "message_audio_state": "playing",
    "message_canvas_id": "cb3229f706904375b10b36b25223622b",
    "message_entity_uri": "spotify:track:117gRrOjnRkMCgWxNtDNSv",
    "message_load_state": "not_loaded",
    "message_page_source": "spotify:app:canvas",
    "message_track_time": 69183,
    "message_visual_state": "visible_full"
  },
  {
    "timestamp_utc": "2024-03-13T09:08:58.933Z",
    "context_application_version": "8.7.20.1261",
    "context_conn_country": "IN",
    "context_device_manufacturer": "realme",
    "context_device_model": "RMX3392",
    "context_device_type": "mobile",
    "context_os_name": "android",
    "context_os_version": "13",
    "context_receiver_service_timestamp": 1710320940016,
    "context_time": 1710320938933,
    "message_app_focus_state": "foreground",
    "message_audio_state": "playing",
    "message_canvas_id": "cb3229f706904375b10b36b25223622b",
    "message_entity_uri": "spotify:track:117gRrOjnRkMCgWxNtDNSv",
    "message_load_state": "not_loaded",
    "message_page_source": "spotify:app:canvas",
    "message_track_time": 69183,
    "message_visual_state": "visible_full"
  },
  {
    "timestamp_utc": "2024-03-11T08:41:03.335Z",
    "context_application_version": "8.7.20.1261",
    "context_conn_country": "IN",
    "context_device_manufacturer": "realme",
    "context_device_model": "RMX3392",
    "context_device_type": null,
    "context_os_name": "android",
    "context_os_version": "13",
    "context_receiver_service_timestamp": 1710146465323,
    "context_time": 1710146463335,
    "message_app_focus_state": "foreground",
    "message_audio_state": "playing",
    "message_canvas_id": "05bb478dca0d40ceb0bf978d0d66033b",
    "message_entity_uri": "spotify:track:7Ie9W94M7OjPoZVV216Xus",
    "message_load_state": "loaded",
    "message_page_source": "spotify:app:canvas",
    "message_track_time": 165,
    "message_visual_state": "visible_full"
  },
  {
    "timestamp_utc": "2024-03-12T20:48:40.448Z",
    "context_application_version": "8.7.20.1261",
    "context_conn_country": "IN",
    "context_device_manufacturer": "realme",
    "context_device_model": "RMX3392",
    "context_device_type": "mobile",
    "context_os_name": "android",
    "context_os_version": "13",
    "context_receiver_service_timestamp": 1710276539061,
    "context_time": 1710276520448,
    "message_app_focus_state": "foreground",
    "message_audio_state": "playing",
    "message_canvas_id": "ab26d9ee4f7c4a808460c2425b86ca02",
    "message_entity_uri": "spotify:track:0pqnGHJpmpxLKifKRmU6WP",
    "message_load_state": "not_loaded",
    "message_page_source": "spotify:app:canvas",
    "message_track_time": 0,
    "message_visual_state": "visible_full"
  },
  {
    "timestamp_utc": "2024-03-12T20:48:33.074Z",
    "context_application_version": "8.7.20.1261",
    "context_conn_country": "IN",
    "context_device_manufacturer": "realme",
    "context_device_model": "RMX3392",
    "context_device_type": "mobile",
    "context_os_name": "android",
    "context_os_version": "13",
    "context_receiver_service_timestamp": 1710276538162,
    "context_time": 1710276513074,
    "message_app_focus_state": "foreground",
    "message_audio_state": "playing",
    "message_canvas_id": "e16f6c84625a437ba51c76781a06e951",
    "message_entity_uri": "spotify:track:1E16f7KcZmuXuhlenRwA2m",
    "message_load_state": "loaded",
    "message_page_source": "spotify:app:canvas",
    "message_track_time": 134,
    "message_visual_state": "visible_full"
  },
  {
    "timestamp_utc": "2024-03-12T21:03:54.984Z",
    "context_application_version": "8.7.20.1261",
    "context_conn_country": "IN",
    "context_device_manufacturer": "realme",
    "context_device_model": "RMX3392",
    "context_device_type": "mobile",
    "context_os_name": "android",
    "context_os_version": "13",
    "context_receiver_service_timestamp": 1710277437749,
    "context_time": 1710277434984,
    "message_app_focus_state": "foreground",
    "message_audio_state": "playing",
    "message_canvas_id": "cfc59193c4b044d5b4c0cbc9dcc78e24",
    "message_entity_uri": "spotify:track:2RSHsoi04658QL5xgQVov3",
    "message_load_state": "not_loaded",
    "message_page_source": "spotify:app:canvas",
    "message_track_time": 45,
    "message_visual_state": "visible_full"
  },
  {
    "timestamp_utc": "2024-03-12T21:03:55.214Z",
    "context_application_version": "8.7.20.1261",
    "context_conn_country": "IN",
    "context_device_manufacturer": "realme",
    "context_device_model": "RMX3392",
    "context_device_type": "mobile",
    "context_os_name": "android",
    "context_os_version": "13",
    "context_receiver_service_timestamp": 1710277437749,
    "context_time": 1710277435214,
    "message_app_focus_state": "foreground",
    "message_audio_state": "playing",
    "message_canvas_id": "cfc59193c4b044d5b4c0cbc9dcc78e24",
    "message_entity_uri": "spotify:track:2RSHsoi04658QL5xgQVov3",
    "message_load_state": "loaded",
    "message_page_source": "spotify:app:canvas",
    "message_track_time": 45,
    "message_visual_state": "visible_full"
  },
  {
    "timestamp_utc": "2024-03-12T21:01:15.541Z",
    "context_application_version": "8.7.20.1261",
    "context_conn_country": "IN",
    "context_device_manufacturer": "realme",
    "context_device_model": "RMX3392",
    "context_device_type": "mobile",
    "context_os_name": "android",
    "context_os_version": "13",
    "context_receiver_service_timestamp": 1710277288054,
    "context_time": 1710277275541,
    "message_app_focus_state": "foreground",
    "message_audio_state": "playing",
    "message_canvas_id": "cfc59193c4b044d5b4c0cbc9dcc78e24",
    "message_entity_uri": "spotify:track:2RSHsoi04658QL5xgQVov3",
    "message_load_state": "loaded",
    "message_page_source": "spotify:app:canvas",
    "message_track_time": 52,
    "message_visual_state": "visible_full"
  },
  {
    "timestamp_utc": "2024-03-12T20:48:41.460Z",
    "context_application_version": "8.7.20.1261",
    "context_conn_country": "IN",
    "context_device_manufacturer": "realme",
    "context_device_model": "RMX3392",
    "context_device_type": "mobile",
    "context_os_name": "android",
    "context_os_version": "13",
    "context_receiver_service_timestamp": 1710276539061,
    "context_time": 1710276521460,
    "message_app_focus_state": "foreground",
    "message_audio_state": "playing",
    "message_canvas_id": "ab26d9ee4f7c4a808460c2425b86ca02",
    "message_entity_uri": "spotify:track:0pqnGHJpmpxLKifKRmU6WP",
    "message_load_state": "loaded",
    "message_page_source": "spotify:app:canvas",
    "message_track_time": 0,
    "message_visual_state": "visible_full"
  },
  {
    "timestamp_utc": "2024-04-23T02:48:23.812Z",
    "context_application_version": "8.7.20.1261",
    "context_conn_country": "IN",
    "context_device_manufacturer": "realme",
    "context_device_model": "RMX3392",
    "context_device_type": "mobile",
    "context_os_name": "android",
    "context_os_version": "13",
    "context_receiver_service_timestamp": 1713840533267,
    "context_time": 1713840503812,
    "message_app_focus_state": "foreground",
    "message_audio_state": "playing",
    "message_canvas_id": "fd68754b2e2d4b7f9c610d8d76766452",
    "message_entity_uri": "spotify:track:54aFTarzdcaahrzXVTQ7Tr",
    "message_load_state": "not_loaded",
    "message_page_source": "spotify:app:canvas",
    "message_track_time": 182093,
    "message_visual_state": "visible_full"
  },
  {
    "timestamp_utc": "2024-03-11T08:39:15.689Z",
    "context_application_version": "8.7.20.1261",
    "context_conn_country": "IN",
    "context_device_manufacturer": "realme",
    "context_device_model": "RMX3392",
    "context_device_type": null,
    "context_os_name": "android",
    "context_os_version": "13",
    "context_receiver_service_timestamp": 1710146375769,
    "context_time": 1710146355689,
    "message_app_focus_state": "foreground",
    "message_audio_state": "playing",
    "message_canvas_id": "05bb478dca0d40ceb0bf978d0d66033b",
    "message_entity_uri": "spotify:track:7Ie9W94M7OjPoZVV216Xus",
    "message_load_state": "loaded",
    "message_page_source": "spotify:app:canvas",
    "message_track_time": 165,
    "message_visual_state": "visible_full"
  },
  {
    "timestamp_utc": "2024-04-23T02:48:33.970Z",
    "context_application_version": "8.7.20.1261",
    "context_conn_country": "IN",
    "context_device_manufacturer": "realme",
    "context_device_model": "RMX3392",
    "context_device_type": "mobile",
    "context_os_name": "android",
    "context_os_version": "13",
    "context_receiver_service_timestamp": 1713840534077,
    "context_time": 1713840513970,
    "message_app_focus_state": "foreground",
    "message_audio_state": "playing",
    "message_canvas_id": "fd68754b2e2d4b7f9c610d8d76766452",
    "message_entity_uri": "spotify:track:54aFTarzdcaahrzXVTQ7Tr",
    "message_load_state": "not_loaded",
    "message_page_source": "spotify:app:canvas",
    "message_track_time": 182093,
    "message_visual_state": "visible_full"
  },
  {
    "timestamp_utc": "2024-03-21T14:40:26.569Z",
    "context_application_version": "8.7.20.1261",
    "context_conn_country": "IN",
    "context_device_manufacturer": "realme",
    "context_device_model": "RMX3392",
    "context_device_type": "mobile",
    "context_os_name": "android",
    "context_os_version": "13",
    "context_receiver_service_timestamp": 1711036813743,
    "context_time": 1711032026569,
    "message_app_focus_state": "foreground",
    "message_audio_state": "playing",
    "message_canvas_id": "f5373099fed04a4aab74e25892257ffa",
    "message_entity_uri": "spotify:track:08kTa3SL9sV6Iy8KLKtGql",
    "message_load_state": "loaded",
    "message_page_source": "spotify:app:canvas",
    "message_track_time": 159740,
    "message_visual_state": "visible_full"
  },
  {
    "timestamp_utc": "2024-03-12T21:03:04.002Z",
    "context_application_version": "8.7.20.1261",
    "context_conn_country": "IN",
    "context_device_manufacturer": "realme",
    "context_device_model": "RMX3392",
    "context_device_type": "mobile",
    "context_os_name": "android",
    "context_os_version": "13",
    "context_receiver_service_timestamp": 1710277407779,
    "context_time": 1710277384002,
    "message_app_focus_state": "foreground",
    "message_audio_state": "playing",
    "message_canvas_id": "cfc59193c4b044d5b4c0cbc9dcc78e24",
    "message_entity_uri": "spotify:track:2RSHsoi04658QL5xgQVov3",
    "message_load_state": "loaded",
    "message_page_source": "spotify:app:canvas",
    "message_track_time": 45,
    "message_visual_state": "visible_full"
  },
  {
    "timestamp_utc": "2024-04-22T03:13:13.872Z",
    "context_application_version": "8.7.20.1261",
    "context_conn_country": "IN",
    "context_device_manufacturer": "realme",
    "context_device_model": "RMX3392",
    "context_device_type": "mobile",
    "context_os_name": "android",
    "context_os_version": "13",
    "context_receiver_service_timestamp": 1713755613930,
    "context_time": 1713755593872,
    "message_app_focus_state": "foreground",
    "message_audio_state": "playing",
    "message_canvas_id": "4e07c4eab1124acabae2db89af48134f",
    "message_entity_uri": "spotify:track:4sHxclJmWy9lEdbZZ3WAfW",
    "message_load_state": "loaded",
    "message_page_source": "spotify:app:canvas",
    "message_track_time": 107,
    "message_visual_state": "visible_full"
  },
  {
    "timestamp_utc": "2024-04-24T04:16:05.342Z",
    "context_application_version": "8.7.20.1261",
    "context_conn_country": "IN",
    "context_device_manufacturer": "realme",
    "context_device_model": "RMX3392",
    "context_device_type": "mobile",
    "context_os_name": "android",
    "context_os_version": "13",
    "context_receiver_service_timestamp": 1713932181503,
    "context_time": 1713932165342,
    "message_app_focus_state": "foreground",
    "message_audio_state": "playing",
    "message_canvas_id": "cb3229f706904375b10b36b25223622b",
    "message_entity_uri": "spotify:track:117gRrOjnRkMCgWxNtDNSv",
    "message_load_state": "not_loaded",
    "message_page_source": "spotify:app:canvas",
    "message_track_time": 93,
    "message_visual_state": "visible_full"
  },
  {
    "timestamp_utc": "2024-03-21T14:40:27.839Z",
    "context_application_version": "8.7.20.1261",
    "context_conn_country": "IN",
    "context_device_manufacturer": "realme",
    "context_device_model": "RMX3392",
    "context_device_type": "mobile",
    "context_os_name": "android",
    "context_os_version": "13",
    "context_receiver_service_timestamp": 1711036813956,
    "context_time": 1711032027839,
    "message_app_focus_state": "foreground",
    "message_audio_state": "paused",
    "message_canvas_id": "f5373099fed04a4aab74e25892257ffa",
    "message_entity_uri": "spotify:track:08kTa3SL9sV6Iy8KLKtGql",
    "message_load_state": "loaded",
    "message_page_source": "spotify:app:canvas",
    "message_track_time": 160964,
    "message_visual_state": "visible_full"
  },
  {
    "timestamp_utc": "2024-03-13T09:08:57.796Z",
    "context_application_version": "8.7.20.1261",
    "context_conn_country": "IN",
    "context_device_manufacturer": "realme",
    "context_device_model": "RMX3392",
    "context_device_type": "mobile",
    "context_os_name": "android",
    "context_os_version": "13",
    "context_receiver_service_timestamp": 1710320939817,
    "context_time": 1710320937796,
    "message_app_focus_state": "foreground",
    "message_audio_state": "paused",
    "message_canvas_id": "cb3229f706904375b10b36b25223622b",
    "message_entity_uri": "spotify:track:117gRrOjnRkMCgWxNtDNSv",
    "message_load_state": "not_loaded",
    "message_page_source": "spotify:app:canvas",
    "message_track_time": 68717,
    "message_visual_state": "visible_full"
  },
  {
    "timestamp_utc": "2024-04-24T04:16:05.734Z",
    "context_application_version": "8.7.20.1261",
    "context_conn_country": "IN",
    "context_device_manufacturer": "realme",
    "context_device_model": "RMX3392",
    "context_device_type": "mobile",
    "context_os_name": "android",
    "context_os_version": "13",
    "context_receiver_service_timestamp": 1713932181503,
    "context_time": 1713932165734,
    "message_app_focus_state": "foreground",
    "message_audio_state": "playing",
    "message_canvas_id": "cb3229f706904375b10b36b25223622b",
    "message_entity_uri": "spotify:track:117gRrOjnRkMCgWxNtDNSv",
    "message_load_state": "loaded",
    "message_page_source": "spotify:app:canvas",
    "message_track_time": 93,
    "message_visual_state": "visible_full"
  },
  {
    "timestamp_utc": "2024-03-23T10:33:04.554Z",
    "context_application_version": "8.7.20.1261",
    "context_conn_country": "IN",
    "context_device_manufacturer": "realme",
    "context_device_model": "RMX3392",
    "context_device_type": "mobile",
    "context_os_name": "android",
    "context_os_version": "13",
    "context_receiver_service_timestamp": 1711189992390,
    "context_time": 1711189984554,
    "message_app_focus_state": "foreground",
    "message_audio_state": "playing",
    "message_canvas_id": "fbdb3cdda27e4a40af333a4a6af5e6b4",
    "message_entity_uri": "spotify:track:1TkyDEdjiUuYhoMkxdZCiO",
    "message_load_state": "not_loaded",
    "message_page_source": "spotify:app:canvas",
    "message_track_time": 77,
    "message_visual_state": "visible_full"
  },
  {
    "timestamp_utc": "2024-03-23T10:33:05.422Z",
    "context_application_version": "8.7.20.1261",
    "context_conn_country": "IN",
    "context_device_manufacturer": "realme",
    "context_device_model": "RMX3392",
    "context_device_type": "mobile",
    "context_os_name": "android",
    "context_os_version": "13",
    "context_receiver_service_timestamp": 1711189992390,
    "context_time": 1711189985422,
    "message_app_focus_state": "foreground",
    "message_audio_state": "playing",
    "message_canvas_id": "fbdb3cdda27e4a40af333a4a6af5e6b4",
    "message_entity_uri": "spotify:track:1TkyDEdjiUuYhoMkxdZCiO",
    "message_load_state": "loaded",
    "message_page_source": "spotify:app:canvas",
    "message_track_time": 77,
    "message_visual_state": "visible_full"
  },
  {
    "timestamp_utc": "2024-03-12T20:48:32.813Z",
    "context_application_version": "8.7.20.1261",
    "context_conn_country": "IN",
    "context_device_manufacturer": "realme",
    "context_device_model": "RMX3392",
    "context_device_type": "mobile",
    "context_os_name": "android",
    "context_os_version": "13",
    "context_receiver_service_timestamp": 1710276538162,
    "context_time": 1710276512813,
    "message_app_focus_state": "foreground",
    "message_audio_state": "playing",
    "message_canvas_id": "e16f6c84625a437ba51c76781a06e951",
    "message_entity_uri": "spotify:track:1E16f7KcZmuXuhlenRwA2m",
    "message_load_state": "not_loaded",
    "message_page_source": "spotify:app:canvas",
    "message_track_time": 134,
    "message_visual_state": "visible_full"
  },
  {
    "timestamp_utc": "2024-03-12T20:47:38.087Z",
    "context_application_version": "8.7.20.1261",
    "context_conn_country": "IN",
    "context_device_manufacturer": "realme",
    "context_device_model": "RMX3392",
    "context_device_type": "mobile",
    "context_os_name": "android",
    "context_os_version": "13",
    "context_receiver_service_timestamp": 1710276479824,
    "context_time": 1710276458087,
    "message_app_focus_state": "foreground",
    "message_audio_state": "playing",
    "message_canvas_id": "feb72e0f63bb4c84abaa156ef2ca6712",
    "message_entity_uri": "spotify:track:7tjtWVu8RsshzPxQm8oT3y",
    "message_load_state": "not_loaded",
    "message_page_source": "spotify:app:canvas",
    "message_track_time": 105654,
    "message_visual_state": "visible_full"
  },
  {
    "timestamp_utc": "2024-03-11T08:41:02.752Z",
    "context_application_version": "8.7.20.1261",
    "context_conn_country": "IN",
    "context_device_manufacturer": "realme",
    "context_device_model": "RMX3392",
    "context_device_type": null,
    "context_os_name": "android",
    "context_os_version": "13",
    "context_receiver_service_timestamp": 1710146465323,
    "context_time": 1710146462752,
    "message_app_focus_state": "foreground",
    "message_audio_state": "playing",
    "message_canvas_id": "05bb478dca0d40ceb0bf978d0d66033b",
    "message_entity_uri": "spotify:track:7Ie9W94M7OjPoZVV216Xus",
    "message_load_state": "not_loaded",
    "message_page_source": "spotify:app:canvas",
    "message_track_time": 165,
    "message_visual_state": "visible_full"
  },
  {
    "timestamp_utc": "2024-03-12T21:01:42.549Z",
    "context_application_version": "8.7.20.1261",
    "context_conn_country": "IN",
    "context_device_manufacturer": "realme",
    "context_device_model": "RMX3392",
    "context_device_type": "mobile",
    "context_os_name": "android",
    "context_os_version": "13",
    "context_receiver_service_timestamp": 1710277318464,
    "context_time": 1710277302549,
    "message_app_focus_state": "foreground",
    "message_audio_state": "playing",
    "message_canvas_id": "cfc59193c4b044d5b4c0cbc9dcc78e24",
    "message_entity_uri": "spotify:track:2RSHsoi04658QL5xgQVov3",
    "message_load_state": "loaded",
    "message_page_source": "spotify:app:canvas",
    "message_track_time": 45,
    "message_visual_state": "visible_full"
  },
  {
    "timestamp_utc": "2024-03-12T20:48:19.268Z",
    "context_application_version": "8.7.20.1261",
    "context_conn_country": "IN",
    "context_device_manufacturer": "realme",
    "context_device_model": "RMX3392",
    "context_device_type": "mobile",
    "context_os_name": "android",
    "context_os_version": "13",
    "context_receiver_service_timestamp": 1710276507879,
    "context_time": 1710276499268,
    "message_app_focus_state": "foreground",
    "message_audio_state": "playing",
    "message_canvas_id": "e16f6c84625a437ba51c76781a06e951",
    "message_entity_uri": "spotify:track:1E16f7KcZmuXuhlenRwA2m",
    "message_load_state": "loaded",
    "message_page_source": "spotify:app:canvas",
    "message_track_time": 134,
    "message_visual_state": "visible_full"
  },
  {
    "timestamp_utc": "2024-03-12T20:47:38.072Z",
    "context_application_version": "8.7.20.1261",
    "context_conn_country": "IN",
    "context_device_manufacturer": "realme",
    "context_device_model": "RMX3392",
    "context_device_type": "mobile",
    "context_os_name": "android",
    "context_os_version": "13",
    "context_receiver_service_timestamp": 1710276479824,
    "context_time": 1710276458072,
    "message_app_focus_state": "foreground",
    "message_audio_state": "playing",
    "message_canvas_id": "feb72e0f63bb4c84abaa156ef2ca6712",
    "message_entity_uri": "spotify:track:7tjtWVu8RsshzPxQm8oT3y",
    "message_load_state": "not_loaded",
    "message_page_source": "spotify:app:canvas",
    "message_track_time": 105654,
    "message_visual_state": "visible_full"
  },
  {
    "timestamp_utc": "2024-04-22T03:50:18.048Z",
    "context_application_version": "8.7.20.1261",
    "context_conn_country": "IN",
    "context_device_manufacturer": "realme",
    "context_device_model": "RMX3392",
    "context_device_type": "mobile",
    "context_os_name": "android",
    "context_os_version": "13",
    "context_receiver_service_timestamp": 1713761556008,
    "context_time": 1713757818048,
    "message_app_focus_state": "foreground",
    "message_audio_state": "paused",
    "message_canvas_id": "7cfbdf14d15e4e7bab65807990b31f88",
    "message_entity_uri": "spotify:track:6rxTqUH90IfxJBc1dNgpLB",
    "message_load_state": "loaded",
    "message_page_source": "spotify:app:canvas",
    "message_track_time": 106876,
    "message_visual_state": "visible_full"
  },
  {
    "timestamp_utc": "2024-03-12T20:48:40.435Z",
    "context_application_version": "8.7.20.1261",
    "context_conn_country": "IN",
    "context_device_manufacturer": "realme",
    "context_device_model": "RMX3392",
    "context_device_type": "mobile",
    "context_os_name": "android",
    "context_os_version": "13",
    "context_receiver_service_timestamp": 1710276538775,
    "context_time": 1710276520435,
    "message_app_focus_state": "foreground",
    "message_audio_state": "playing",
    "message_canvas_id": "ab26d9ee4f7c4a808460c2425b86ca02",
    "message_entity_uri": "spotify:track:0pqnGHJpmpxLKifKRmU6WP",
    "message_load_state": "not_loaded",
    "message_page_source": "spotify:app:canvas",
    "message_track_time": 0,
    "message_visual_state": "visible_full"
  },
  {
    "timestamp_utc": "2024-03-21T14:38:32.260Z",
    "context_application_version": "8.7.20.1261",
    "context_conn_country": "IN",
    "context_device_manufacturer": "realme",
    "context_device_model": "RMX3392",
    "context_device_type": "mobile",
    "context_os_name": "android",
    "context_os_version": "13",
    "context_receiver_service_timestamp": 1711031922375,
    "context_time": 1711031912260,
    "message_app_focus_state": "foreground",
    "message_audio_state": "paused",
    "message_canvas_id": "f5373099fed04a4aab74e25892257ffa",
    "message_entity_uri": "spotify:track:08kTa3SL9sV6Iy8KLKtGql",
    "message_load_state": "loaded",
    "message_page_source": "spotify:app:canvas",
    "message_track_time": 159600,
    "message_visual_state": "visible_full"
  },
  {
    "timestamp_utc": "2024-03-21T14:40:24.857Z",
    "context_application_version": "8.7.20.1261",
    "context_conn_country": "IN",
    "context_device_manufacturer": "realme",
    "context_device_model": "RMX3392",
    "context_device_type": "mobile",
    "context_os_name": "android",
    "context_os_version": "13",
    "context_receiver_service_timestamp": 1711036813743,
    "context_time": 1711032024857,
    "message_app_focus_state": "foreground",
    "message_audio_state": "paused",
    "message_canvas_id": "f5373099fed04a4aab74e25892257ffa",
    "message_entity_uri": "spotify:track:08kTa3SL9sV6Iy8KLKtGql",
    "message_load_state": "not_loaded",
    "message_page_source": "spotify:app:canvas",
    "message_track_time": 159600,
    "message_visual_state": "visible_full"
  },
  {
    "timestamp_utc": "2024-04-22T03:50:16.718Z",
    "context_application_version": "8.7.20.1261",
    "context_conn_country": "IN",
    "context_device_manufacturer": "realme",
    "context_device_model": "RMX3392",
    "context_device_type": "mobile",
    "context_os_name": "android",
    "context_os_version": "13",
    "context_receiver_service_timestamp": 1713761556008,
    "context_time": 1713757816718,
    "message_app_focus_state": "foreground",
    "message_audio_state": "paused",
    "message_canvas_id": "7cfbdf14d15e4e7bab65807990b31f88",
    "message_entity_uri": "spotify:track:6rxTqUH90IfxJBc1dNgpLB",
    "message_load_state": "not_loaded",
    "message_page_source": "spotify:app:canvas",
    "message_track_time": 106876,
    "message_visual_state": "visible_full"
  },
  {
    "timestamp_utc": "2024-03-21T14:38:32.258Z",
    "context_application_version": "8.7.20.1261",
    "context_conn_country": "IN",
    "context_device_manufacturer": "realme",
    "context_device_model": "RMX3392",
    "context_device_type": "mobile",
    "context_os_name": "android",
    "context_os_version": "13",
    "context_receiver_service_timestamp": 1711031922375,
    "context_time": 1711031912258,
    "message_app_focus_state": "foreground",
    "message_audio_state": "paused",
    "message_canvas_id": "f5373099fed04a4aab74e25892257ffa",
    "message_entity_uri": "spotify:track:08kTa3SL9sV6Iy8KLKtGql",
    "message_load_state": "loaded",
    "message_page_source": "spotify:app:canvas",
    "message_track_time": 159600,
    "message_visual_state": "visible_full"
  },
  {
    "timestamp_utc": "2024-03-12T20:52:52.757Z",
    "context_application_version": "8.7.20.1261",
    "context_conn_country": "IN",
    "context_device_manufacturer": "realme",
    "context_device_model": "RMX3392",
    "context_device_type": "mobile",
    "context_os_name": "android",
    "context_os_version": "13",
    "context_receiver_service_timestamp": 1710276779832,
    "context_time": 1710276772757,
    "message_app_focus_state": "foreground",
    "message_audio_state": "playing",
    "message_canvas_id": "42b4050d8fd64fc78ca89902f37cd0f4",
    "message_entity_uri": "spotify:track:2qxmye6gAegTMjLKEBoR3d",
    "message_load_state": "not_loaded",
    "message_page_source": "spotify:app:canvas",
    "message_track_time": 18,
    "message_visual_state": "visible_full"
  },
  {
    "timestamp_utc": "2024-04-22T03:50:17.067Z",
    "context_application_version": "8.7.20.1261",
    "context_conn_country": "IN",
    "context_device_manufacturer": "realme",
    "context_device_model": "RMX3392",
    "context_device_type": "mobile",
    "context_os_name": "android",
    "context_os_version": "13",
    "context_receiver_service_timestamp": 1713761556008,
    "context_time": 1713757817067,
    "message_app_focus_state": "foreground",
    "message_audio_state": "paused",
    "message_canvas_id": "7cfbdf14d15e4e7bab65807990b31f88",
    "message_entity_uri": "spotify:track:6rxTqUH90IfxJBc1dNgpLB",
    "message_load_state": "not_loaded",
    "message_page_source": "spotify:app:canvas",
    "message_track_time": 106876,
    "message_visual_state": "visible_full"
  },
  {
    "timestamp_utc": "2024-03-12T21:01:14.015Z",
    "context_application_version": "8.7.20.1261",
    "context_conn_country": "IN",
    "context_device_manufacturer": "realme",
    "context_device_model": "RMX3392",
    "context_device_type": "mobile",
    "context_os_name": "android",
    "context_os_version": "13",
    "context_receiver_service_timestamp": 1710277287799,
    "context_time": 1710277274015,
    "message_app_focus_state": "foreground",
    "message_audio_state": "playing",
    "message_canvas_id": "cfc59193c4b044d5b4c0cbc9dcc78e24",
    "message_entity_uri": "spotify:track:2RSHsoi04658QL5xgQVov3",
    "message_load_state": "not_loaded",
    "message_page_source": "spotify:app:canvas",
    "message_track_time": 52,
    "message_visual_state": "visible_full"
  },
  {
    "timestamp_utc": "2024-03-11T08:39:14.499Z",
    "context_application_version": "8.7.20.1261",
    "context_conn_country": "IN",
    "context_device_manufacturer": "realme",
    "context_device_model": "RMX3392",
    "context_device_type": null,
    "context_os_name": "android",
    "context_os_version": "13",
    "context_receiver_service_timestamp": 1710146375769,
    "context_time": 1710146354499,
    "message_app_focus_state": "foreground",
    "message_audio_state": "playing",
    "message_canvas_id": "05bb478dca0d40ceb0bf978d0d66033b",
    "message_entity_uri": "spotify:track:7Ie9W94M7OjPoZVV216Xus",
    "message_load_state": "not_loaded",
    "message_page_source": "spotify:app:canvas",
    "message_track_time": 165,
    "message_visual_state": "visible_full"
  },
  {
    "timestamp_utc": "2024-04-22T03:50:17.012Z",
    "context_application_version": "8.7.20.1261",
    "context_conn_country": "IN",
    "context_device_manufacturer": "realme",
    "context_device_model": "RMX3392",
    "context_device_type": "mobile",
    "context_os_name": "android",
    "context_os_version": "13",
    "context_receiver_service_timestamp": 1713761556008,
    "context_time": 1713757817012,
    "message_app_focus_state": "foreground",
    "message_audio_state": "paused",
    "message_canvas_id": "7cfbdf14d15e4e7bab65807990b31f88",
    "message_entity_uri": "spotify:track:6rxTqUH90IfxJBc1dNgpLB",
    "message_load_state": "not_loaded",
    "message_page_source": "spotify:app:canvas",
    "message_track_time": 106876,
    "message_visual_state": "visible_full"
  },
  {
    "timestamp_utc": "2024-03-21T14:40:27.838Z",
    "context_application_version": "8.7.20.1261",
    "context_conn_country": "IN",
    "context_device_manufacturer": "realme",
    "context_device_model": "RMX3392",
    "context_device_type": "mobile",
    "context_os_name": "android",
    "context_os_version": "13",
    "context_receiver_service_timestamp": 1711036813956,
    "context_time": 1711032027838,
    "message_app_focus_state": "foreground",
    "message_audio_state": "paused",
    "message_canvas_id": "f5373099fed04a4aab74e25892257ffa",
    "message_entity_uri": "spotify:track:08kTa3SL9sV6Iy8KLKtGql",
    "message_load_state": "loaded",
    "message_page_source": "spotify:app:canvas",
    "message_track_time": 160964,
    "message_visual_state": "visible_full"
  },
  {
    "timestamp_utc": "2024-03-12T20:47:38.972Z",
    "context_application_version": "8.7.20.1261",
    "context_conn_country": "IN",
    "context_device_manufacturer": "realme",
    "context_device_model": "RMX3392",
    "context_device_type": "mobile",
    "context_os_name": "android",
    "context_os_version": "13",
    "context_receiver_service_timestamp": 1710276479824,
    "context_time": 1710276458972,
    "message_app_focus_state": "foreground",
    "message_audio_state": "playing",
    "message_canvas_id": "feb72e0f63bb4c84abaa156ef2ca6712",
    "message_entity_uri": "spotify:track:7tjtWVu8RsshzPxQm8oT3y",
    "message_load_state": "loaded",
    "message_page_source": "spotify:app:canvas",
    "message_track_time": 105654,
    "message_visual_state": "visible_full"
  },
  {
    "timestamp_utc": "2024-03-21T14:38:30.986Z",
    "context_application_version": "8.7.20.1261",
    "context_conn_country": "IN",
    "context_device_manufacturer": "realme",
    "context_device_model": "RMX3392",
    "context_device_type": "mobile",
    "context_os_name": "android",
    "context_os_version": "13",
    "context_receiver_service_timestamp": 1711031922375,
    "context_time": 1711031910986,
    "message_app_focus_state": "foreground",
    "message_audio_state": "playing",
    "message_canvas_id": "f5373099fed04a4aab74e25892257ffa",
    "message_entity_uri": "spotify:track:08kTa3SL9sV6Iy8KLKtGql",
    "message_load_state": "not_loaded",
    "message_page_source": "spotify:app:canvas",
    "message_track_time": 33,
    "message_visual_state": "visible_full"
  },
  {
    "timestamp_utc": "2024-03-12T20:52:49.771Z",
    "context_application_version": "8.7.20.1261",
    "context_conn_country": "IN",
    "context_device_manufacturer": "realme",
    "context_device_model": "RMX3392",
    "context_device_type": "mobile",
    "context_os_name": "android",
    "context_os_version": "13",
    "context_receiver_service_timestamp": 1710276778214,
    "context_time": 1710276769771,
    "message_app_focus_state": "foreground",
    "message_audio_state": "playing",
    "message_canvas_id": "42b4050d8fd64fc78ca89902f37cd0f4",
    "message_entity_uri": "spotify:track:2qxmye6gAegTMjLKEBoR3d",
    "message_load_state": "not_loaded",
    "message_page_source": "spotify:app:canvas",
    "message_track_time": 18,
    "message_visual_state": "visible_full"
  },
  {
    "timestamp_utc": "2024-04-23T21:17:20.491Z",
    "context_application_version": "8.7.20.1261",
    "context_conn_country": "IN",
    "context_device_manufacturer": "realme",
    "context_device_model": "RMX3392",
    "context_device_type": "mobile",
    "context_os_name": "android",
    "context_os_version": "13",
    "context_receiver_service_timestamp": 1713907123363,
    "context_time": 1713907040491,
    "message_app_focus_state": "foreground",
    "message_audio_state": "playing",
    "message_canvas_id": "f103854548094a6787818a53c42580ef",
    "message_entity_uri": "spotify:track:6Sflud15ff1KqBzg6wj78S",
    "message_load_state": "not_loaded",
    "message_page_source": "spotify:app:canvas",
    "message_track_time": 182,
    "message_visual_state": "visible_full"
  }
]