[
  {
    "timestamp_utc": "2024-03-12T14:53:01.777Z",
    "context_application_version": "8.7.20.1261",
    "context_conn_country": "IN",
    "context_device_manufacturer": "realme",
    "context_device_model": "RMX3392",
    "context_device_type": "mobile",
    "context_os_name": "android",
    "context_os_version": "13",
    "context_receiver_service_timestamp": 1710255208935,
    "context_time": 1710255181777,
    "message_brand": "Google",
    "message_device_type": "CASTVIDEO",
    "message_discovery_event_type": "found",
    "message_is_group": false,
    "message_model": "MiTV-AXSO0"
  },
  {
    "timestamp_utc": "2024-03-12T15:00:16.811Z",
    "context_application_version": "8.7.20.1261",
    "context_conn_country": "IN",
    "context_device_manufacturer": "realme",
    "context_device_model": "RMX3392",
    "context_device_type": "mobile",
    "context_os_name": "android",
    "context_os_version": "13",
    "context_receiver_service_timestamp": 1710255629834,
    "context_time": 1710255616811,
    "message_brand": "Google",
    "message_device_type": "CASTVIDEO",
    "message_discovery_event_type": "found",
    "message_is_group": false,
    "message_model": "MiTV-AXSO0"
  },
  {
    "timestamp_utc": "2024-03-28T14:21:59.285Z",
    "context_application_version": "8.7.20.1261",
    "context_conn_country": "IN",
    "context_device_manufacturer": "realme",
    "context_device_model": "RMX3392",
    "context_device_type": "mobile",
    "context_os_name": "android",
    "context_os_version": "13",
    "context_receiver_service_timestamp": 1711635750806,
    "context_time": 1711635719285,
    "message_brand": "Google",
    "message_device_type": "CASTVIDEO",
    "message_discovery_event_type": "found",
    "message_is_group": false,
    "message_model": "MiTV-AXSO0"
  },
  {
    "timestamp_utc": "2024-03-12T14:57:44.751Z",
    "context_application_version": "8.7.20.1261",
    "context_conn_country": "IN",
    "context_device_manufacturer": "realme",
    "context_device_model": "RMX3392",
    "context_device_type": "mobile",
    "context_os_name": "android",
    "context_os_version": "13",
    "context_receiver_service_timestamp": 1710255492733,
    "context_time": 1710255464751,
    "message_brand": "Google",
    "message_device_type": "CASTVIDEO",
    "message_discovery_event_type": "found",
    "message_is_group": false,
    "message_model": "MiTV-AXSO0"
  },
  {
    "timestamp_utc": "2024-03-12T15:00:16.658Z",
    "context_application_version": "8.7.20.1261",
    "context_conn_country": "IN",
    "context_device_manufacturer": "realme",
    "context_device_model": "RMX3392",
    "context_device_type": "mobile",
    "context_os_name": "android",
    "context_os_version": "13",
    "context_receiver_service_timestamp": 1710255629834,
    "context_time": 1710255616658,
    "message_brand": "Google",
    "message_device_type": "CASTVIDEO",
    "message_discovery_event_type": "lost",
    "message_is_group": false,
    "message_model": "MiTV-AXSO0"
  },
  {
    "timestamp_utc": "2024-03-28T14:22:56.769Z",
    "context_application_version": "8.7.20.1261",
    "context_conn_country": "IN",
    "context_device_manufacturer": "realme",
    "context_device_model": "RMX3392",
    "context_device_type": "mobile",
    "context_os_name": "android",
    "context_os_version": "13",
    "context_receiver_service_timestamp": 1711635783597,
    "context_time": 1711635776769,
    "message_brand": "Google",
    "message_device_type": "CASTVIDEO",
    "message_discovery_event_type": "lost",
    "message_is_group": false,
    "message_model": "MiTV-AXSO0"
  }
]