[
  {
    "message_context_uri": "spotify:playlist:3klHoHnflXy95Y8x4d3NIZ",
    "message_source_device_id": "d0bb1674b9635ea57362db0c296e5d57f8c46e1d",
    "message_source_ip_hash": "wQYQ+mE5xQcQxnXjQgNInw==",
    "message_target_device_id": "34c03aacc68ff8ecb133fb182f446c84a97e7cc4",
    "timestamp_utc": "2024-04-18T06:07:47.777Z",
    "context_time": 1713420467777,
    "message_command_correlation_id": "eDpXM+WVEty6R5HbGraCqw==",
    "message_command_type": "ResumeCommand",
    "message_device_type": "COMPUTER",
    "message_device_version": "harmony:4.41.0-7cd3d1d1/track-playback",
    "message_system_initiated": null,
    "message_target_device_brand": "realme",
    "message_target_device_model": "RMX3392",
    "message_target_device_software_version": "8.7.20.1261",
    "message_target_device_supports_command_acks": true,
    "message_target_device_type": "SMARTPHONE",
    "message_user_catalogue_string": "free"
  },
  {
    "message_context_uri": "spotify:search",
    "message_source_device_id": "7ec5389b9d61f670e5baf5781efb12c52fe6cab5",
    "message_source_ip_hash": "w7c5LoiS7aiG9HipdGpcxQ==",
    "message_target_device_id": "7ec5389b9d61f670e5baf5781efb12c52fe6cab5",
    "timestamp_utc": "2024-05-31T20:12:38.175Z",
    "context_time": 1717186358175,
    "message_command_correlation_id": "+Qw5dw9/FDt2JnEoyHIswA==",
    "message_command_type": "TransferCommand",
    "message_device_type": "COMPUTER",
    "message_device_version": "harmony:4.42.0-2780565f/track-playback",
    "message_system_initiated": null,
    "message_target_device_brand": "spotify",
    "message_target_device_model": "web_player",
    "message_target_device_software_version": "harmony:4.42.0-2780565f/track-playback",
    "message_target_device_supports_command_acks": true,
    "message_target_device_type": "COMPUTER",
    "message_user_catalogue_string": "free"
  },
  {
    "message_context_uri": "spotify:search",
    "message_source_device_id": "b39c97b12281283a444a3bad62a79251412b724c",
    "message_source_ip_hash": "w7c5LoiS7aiG9HipdGpcxQ==",
    "message_target_device_id": "b39c97b12281283a444a3bad62a79251412b724c",
    "timestamp_utc": "2024-06-04T09:39:24.002Z",
    "context_time": 1717493964002,
    "message_command_correlation_id": "ar4E6dfm6a7RgeO0xhWuyw==",
    "message_command_type": "TransferCommand",
    "message_device_type": "COMPUTER",
    "message_device_version": "harmony:4.42.0-2780565f/track-playback",
    "message_system_initiated": null,
    "message_target_device_brand": "spotify",
    "message_target_device_model": "web_player",
    "message_target_device_software_version": "harmony:4.42.0-2780565f/track-playback",
    "message_target_device_supports_command_acks": true,
    "message_target_device_type": "COMPUTER",
    "message_user_catalogue_string": "free"
  },
  {
    "message_context_uri": "spotify:search",
    "message_source_device_id": "7ec5389b9d61f670e5baf5781efb12c52fe6cab5",
    "message_source_ip_hash": "w7c5LoiS7aiG9HipdGpcxQ==",
    "message_target_device_id": "7ec5389b9d61f670e5baf5781efb12c52fe6cab5",
    "timestamp_utc": "2024-05-31T20:12:39.025Z",
    "context_time": 1717186359025,
    "message_command_correlation_id": "OpxHoC11cwZlvkG9VykioQ==",
    "message_command_type": "ResumeCommand",
    "message_device_type": "COMPUTER",
    "message_device_version": "harmony:4.42.0-2780565f/track-playback",
    "message_system_initiated": null,
    "message_target_device_brand": "spotify",
    "message_target_device_model": "web_player",
    "message_target_device_software_version": "harmony:4.42.0-2780565f/track-playback",
    "message_target_device_supports_command_acks": true,
    "message_target_device_type": "COMPUTER",
    "message_user_catalogue_string": "free"
  },
  {
    "message_context_uri": "spotify:playlist:3klHoHnflXy95Y8x4d3NIZ",
    "message_source_device_id": "68956a6ebe141c7b20dbca62bfc1341516c69091",
    "message_source_ip_hash": "eZk28CIUnsrWzL2pQRwSsw==",
    "message_target_device_id": "68956a6ebe141c7b20dbca62bfc1341516c69091",
    "timestamp_utc": "2024-03-30T18:38:22.844Z",
    "context_time": 1711823902844,
    "message_command_correlation_id": "yNzeCCS+HFcPr9PKnaBPqg==",
    "message_command_type": "PlayCommand",
    "message_device_type": "COMPUTER",
    "message_device_version": "harmony:4.40.0-3be5ea84/track-playback",
    "message_system_initiated": null,
    "message_target_device_brand": "spotify",
    "message_target_device_model": "web_player",
    "message_target_device_software_version": "harmony:4.40.0-3be5ea84/track-playback",
    "message_target_device_supports_command_acks": true,
    "message_target_device_type": "COMPUTER",
    "message_user_catalogue_string": "free"
  },
  {
    "message_context_uri": "spotify:search",
    "message_source_device_id": "cea6c54c9df6d1416947edb122d1b77efde80025",
    "message_source_ip_hash": "w7c5LoiS7aiG9HipdGpcxQ==",
    "message_target_device_id": "cea6c54c9df6d1416947edb122d1b77efde80025",
    "timestamp_utc": "2024-06-05T21:30:18.495Z",
    "context_time": 1717623018495,
    "message_command_correlation_id": "yyLzut5+PrVjaEtrZQRhaQ==",
    "message_command_type": "SeekToCommand",
    "message_device_type": "COMPUTER",
    "message_device_version": "harmony:4.42.0-2780565f/track-playback",
    "message_system_initiated": null,
    "message_target_device_brand": "spotify",
    "message_target_device_model": "web_player",
    "message_target_device_software_version": "harmony:4.42.0-2780565f/track-playback",
    "message_target_device_supports_command_acks": true,
    "message_target_device_type": "COMPUTER",
    "message_user_catalogue_string": "free"
  },
  {
    "message_context_uri": "spotify:search",
    "message_source_device_id": "624b80bca9966129d0f8c3c2e8eb3137761d992b",
    "message_source_ip_hash": "w7c5LoiS7aiG9HipdGpcxQ==",
    "message_target_device_id": "34c03aacc68ff8ecb133fb182f446c84a97e7cc4",
    "timestamp_utc": "2024-06-02T09:25:01.778Z",
    "context_time": 1717320301778,
    "message_command_correlation_id": "2lAtxccXHh//688nroJDMA==",
    "message_command_type": "PauseCommand",
    "message_device_type": "COMPUTER",
    "message_device_version": "harmony:4.42.0-2780565f/track-playback",
    "message_system_initiated": null,
    "message_target_device_brand": "realme",
    "message_target_device_model": "RMX3392",
    "message_target_device_software_version": "8.7.20.1261",
    "message_target_device_supports_command_acks": true,
    "message_target_device_type": "SMARTPHONE",
    "message_user_catalogue_string": "free"
  },
  {
    "message_context_uri": "spotify:search",
    "message_source_device_id": "b009d849ddad858c5c00b7e8319c911d76690d8e",
    "message_source_ip_hash": "w7c5LoiS7aiG9HipdGpcxQ==",
    "message_target_device_id": "34c03aacc68ff8ecb133fb182f446c84a97e7cc4",
    "timestamp_utc": "2024-06-02T23:09:23.988Z",
    "context_time": 1717369763988,
    "message_command_correlation_id": "5niCY3x+GKE1Rc6IYrIr+A==",
    "message_command_type": "ResumeCommand",
    "message_device_type": "TABLET",
    "message_device_version": "8.7.20.1261",
    "message_system_initiated": null,
    "message_target_device_brand": "realme",
    "message_target_device_model": "RMX3392",
    "message_target_device_software_version": "8.7.20.1261",
    "message_target_device_supports_command_acks": true,
    "message_target_device_type": "SMARTPHONE",
    "message_user_catalogue_string": "free"
  },
  {
    "message_context_uri": "spotify:playlist:3oK2pZZvkoK4EqYee9nxz8",
    "message_source_device_id": "b9758dac8106cde3bde911ca46f44b53efbb2967",
    "message_source_ip_hash": "wQYQ+mE5xQcQxnXjQgNInw==",
    "message_target_device_id": "b9758dac8106cde3bde911ca46f44b53efbb2967",
    "timestamp_utc": "2024-04-17T18:34:30.843Z",
    "context_time": 1713378870843,
    "message_command_correlation_id": "1Zrf2der0dD+4XLUe49BtA==",
    "message_command_type": "ResumeCommand",
    "message_device_type": "COMPUTER",
    "message_device_version": "harmony:4.41.0-7cd3d1d1/track-playback",
    "message_system_initiated": null,
    "message_target_device_brand": "spotify",
    "message_target_device_model": "web_player",
    "message_target_device_software_version": "harmony:4.41.0-7cd3d1d1/track-playback",
    "message_target_device_supports_command_acks": true,
    "message_target_device_type": "COMPUTER",
    "message_user_catalogue_string": "free"
  },
  {
    "message_context_uri": "spotify:playlist:3klHoHnflXy95Y8x4d3NIZ",
    "message_source_device_id": "68956a6ebe141c7b20dbca62bfc1341516c69091",
    "message_source_ip_hash": "eZk28CIUnsrWzL2pQRwSsw==",
    "message_target_device_id": "68956a6ebe141c7b20dbca62bfc1341516c69091",
    "timestamp_utc": "2024-03-30T18:38:16.877Z",
    "context_time": 1711823896877,
    "message_command_correlation_id": "/2b8HAQKvbjpqovPa5jlaQ==",
    "message_command_type": "ResumeCommand",
    "message_device_type": "COMPUTER",
    "message_device_version": "harmony:4.40.0-3be5ea84/track-playback",
    "message_system_initiated": null,
    "message_target_device_brand": "spotify",
    "message_target_device_model": "web_player",
    "message_target_device_software_version": "harmony:4.40.0-3be5ea84/track-playback",
    "message_target_device_supports_command_acks": true,
    "message_target_device_type": "COMPUTER",
    "message_user_catalogue_string": "free"
  },
  {
    "message_context_uri": "spotify:search",
    "message_source_device_id": "3ecdff1a2fb182e923d81de497acaf663691c040",
    "message_source_ip_hash": "w7c5LoiS7aiG9HipdGpcxQ==",
    "message_target_device_id": "3ecdff1a2fb182e923d81de497acaf663691c040",
    "timestamp_utc": "2024-05-31T21:43:29.241Z",
    "context_time": 1717191809241,
    "message_command_correlation_id": "xQqisX9TDOLrL5MFdXdvGw==",
    "message_command_type": "TransferCommand",
    "message_device_type": "COMPUTER",
    "message_device_version": "harmony:4.42.0-2780565f/track-playback",
    "message_system_initiated": null,
    "message_target_device_brand": "spotify",
    "message_target_device_model": "web_player",
    "message_target_device_software_version": "harmony:4.42.0-2780565f/track-playback",
    "message_target_device_supports_command_acks": true,
    "message_target_device_type": "COMPUTER",
    "message_user_catalogue_string": "free"
  },
  {
    "message_context_uri": "spotify:playlist:3klHoHnflXy95Y8x4d3NIZ",
    "message_source_device_id": "34c03aacc68ff8ecb133fb182f446c84a97e7cc4",
    "message_source_ip_hash": "88qUvtIo8XsbzWNQwoZCpA==",
    "message_target_device_id": "b009d849ddad858c5c00b7e8319c911d76690d8e",
    "timestamp_utc": "2024-03-05T21:24:11.116Z",
    "context_time": 1709673851116,
    "message_command_correlation_id": "hRDxdfsNd5MHUwoKUcBfvA==",
    "message_command_type": "PauseCommand",
    "message_device_type": "SMARTPHONE",
    "message_device_version": "8.7.20.1261",
    "message_system_initiated": null,
    "message_target_device_brand": "Lenovo",
    "message_target_device_model": "Lenovo TB-8504X",
    "message_target_device_software_version": "8.7.20.1261",
    "message_target_device_supports_command_acks": true,
    "message_target_device_type": "TABLET",
    "message_user_catalogue_string": "free"
  },
  {
    "message_context_uri": "spotify:search",
    "message_source_device_id": "b39c97b12281283a444a3bad62a79251412b724c",
    "message_source_ip_hash": "w7c5LoiS7aiG9HipdGpcxQ==",
    "message_target_device_id": "b39c97b12281283a444a3bad62a79251412b724c",
    "timestamp_utc": "2024-06-04T09:39:25.153Z",
    "context_time": 1717493965153,
    "message_command_correlation_id": "JWTLKvCrWfQqS3FAwbg7jA==",
    "message_command_type": "SeekToCommand",
    "message_device_type": "COMPUTER",
    "message_device_version": "harmony:4.42.0-2780565f/track-playback",
    "message_system_initiated": null,
    "message_target_device_brand": "spotify",
    "message_target_device_model": "web_player",
    "message_target_device_software_version": "harmony:4.42.0-2780565f/track-playback",
    "message_target_device_supports_command_acks": true,
    "message_target_device_type": "COMPUTER",
    "message_user_catalogue_string": "free"
  },
  {
    "message_context_uri": "spotify:search",
    "message_source_device_id": "fc19acd069be2af647153391ee6aca83762d761c",
    "message_source_ip_hash": "w7c5LoiS7aiG9HipdGpcxQ==",
    "message_target_device_id": "fc19acd069be2af647153391ee6aca83762d761c",
    "timestamp_utc": "2024-06-04T23:15:54.676Z",
    "context_time": 1717542954676,
    "message_command_correlation_id": "uSTlFWxZJMGDoJcX9t6Clw==",
    "message_command_type": "SeekToCommand",
    "message_device_type": "COMPUTER",
    "message_device_version": "harmony:4.42.0-2780565f/track-playback",
    "message_system_initiated": null,
    "message_target_device_brand": "spotify",
    "message_target_device_model": "web_player",
    "message_target_device_software_version": "harmony:4.42.0-2780565f/track-playback",
    "message_target_device_supports_command_acks": true,
    "message_target_device_type": "COMPUTER",
    "message_user_catalogue_string": "free"
  },
  {
    "message_context_uri": "spotify:track:3zSSCPpLZ5Oc8nelhhGjKz",
    "message_source_device_id": "94d43575ab239ab1fb0dc91f5f7f4566ccb4a03b",
    "message_source_ip_hash": "w7c5LoiS7aiG9HipdGpcxQ==",
    "message_target_device_id": "94d43575ab239ab1fb0dc91f5f7f4566ccb4a03b",
    "timestamp_utc": "2024-06-02T00:35:25.598Z",
    "context_time": 1717288525598,
    "message_command_correlation_id": "UQ2MIyTF6qm5Fgs+5iY/9w==",
    "message_command_type": "PlayCommand",
    "message_device_type": "COMPUTER",
    "message_device_version": "harmony:4.42.0-2780565f/track-playback",
    "message_system_initiated": null,
    "message_target_device_brand": "spotify",
    "message_target_device_model": "web_player",
    "message_target_device_software_version": "harmony:4.42.0-2780565f/track-playback",
    "message_target_device_supports_command_acks": true,
    "message_target_device_type": "COMPUTER",
    "message_user_catalogue_string": "free"
  },
  {
    "message_context_uri": "spotify:playlist:3oK2pZZvkoK4EqYee9nxz8",
    "message_source_device_id": "b9758dac8106cde3bde911ca46f44b53efbb2967",
    "message_source_ip_hash": "wQYQ+mE5xQcQxnXjQgNInw==",
    "message_target_device_id": "b9758dac8106cde3bde911ca46f44b53efbb2967",
    "timestamp_utc": "2024-04-17T18:34:30.908Z",
    "context_time": 1713378870908,
    "message_command_correlation_id": "0M3clsdMWBb81H0IDHiXbA==",
    "message_command_type": "ResumeCommand",
    "message_device_type": "COMPUTER",
    "message_device_version": "harmony:4.41.0-7cd3d1d1/track-playback",
    "message_system_initiated": null,
    "message_target_device_brand": "spotify",
    "message_target_device_model": "web_player",
    "message_target_device_software_version": "harmony:4.41.0-7cd3d1d1/track-playback",
    "message_target_device_supports_command_acks": true,
    "message_target_device_type": "COMPUTER",
    "message_user_catalogue_string": "free"
  },
  {
    "message_context_uri": "spotify:playlist:4SxV9autAMugEWlAuql8qk",
    "message_source_device_id": "102991310cdd1dcbfd8f46de3e9266278b3f2edd",
    "message_source_ip_hash": "w7c5LoiS7aiG9HipdGpcxQ==",
    "message_target_device_id": "102991310cdd1dcbfd8f46de3e9266278b3f2edd",
    "timestamp_utc": "2024-06-05T08:56:21.539Z",
    "context_time": 1717577781539,
    "message_command_correlation_id": "mfOpT6pdDC5QBTDw7AT3CQ==",
    "message_command_type": "ResumeCommand",
    "message_device_type": "COMPUTER",
    "message_device_version": "harmony:4.42.0-2780565f/track-playback",
    "message_system_initiated": null,
    "message_target_device_brand": "spotify",
    "message_target_device_model": "web_player",
    "message_target_device_software_version": "harmony:4.42.0-2780565f/track-playback",
    "message_target_device_supports_command_acks": true,
    "message_target_device_type": "COMPUTER",
    "message_user_catalogue_string": "free"
  },
  {
    "message_context_uri": "spotify:track:3zSSCPpLZ5Oc8nelhhGjKz",
    "message_source_device_id": "26a50264616248d21ce1b38ea42cb835d5d70121",
    "message_source_ip_hash": "w7c5LoiS7aiG9HipdGpcxQ==",
    "message_target_device_id": "26a50264616248d21ce1b38ea42cb835d5d70121",
    "timestamp_utc": "2024-06-02T08:51:31.346Z",
    "context_time": 1717318291346,
    "message_command_correlation_id": "EDuAKRHJVCPlNwTf3AYRAg==",
    "message_command_type": "TransferCommand",
    "message_device_type": "COMPUTER",
    "message_device_version": "harmony:4.42.0-2780565f/track-playback",
    "message_system_initiated": null,
    "message_target_device_brand": "spotify",
    "message_target_device_model": "web_player",
    "message_target_device_software_version": "harmony:4.42.0-2780565f/track-playback",
    "message_target_device_supports_command_acks": true,
    "message_target_device_type": "COMPUTER",
    "message_user_catalogue_string": "free"
  },
  {
    "message_context_uri": "spotify:playlist:3klHoHnflXy95Y8x4d3NIZ",
    "message_source_device_id": "2dc7123e8de6df5c627369fe1e7d1f7721fc927c",
    "message_source_ip_hash": "CgwCiskDMttAmWiUS8buSg==",
    "message_target_device_id": "2dc7123e8de6df5c627369fe1e7d1f7721fc927c",
    "timestamp_utc": "2024-04-04T17:55:06.479Z",
    "context_time": 1712253306479,
    "message_command_correlation_id": "XeDkZsP0FMnZisO3OWLfPw==",
    "message_command_type": "TransferCommand",
    "message_device_type": "COMPUTER",
    "message_device_version": "harmony:4.41.0-7cd3d1d1/track-playback",
    "message_system_initiated": null,
    "message_target_device_brand": "spotify",
    "message_target_device_model": "web_player",
    "message_target_device_software_version": "harmony:4.41.0-7cd3d1d1/track-playback",
    "message_target_device_supports_command_acks": true,
    "message_target_device_type": "COMPUTER",
    "message_user_catalogue_string": "free"
  },
  {
    "message_context_uri": "spotify:search",
    "message_source_device_id": "624b80bca9966129d0f8c3c2e8eb3137761d992b",
    "message_source_ip_hash": "w7c5LoiS7aiG9HipdGpcxQ==",
    "message_target_device_id": "34c03aacc68ff8ecb133fb182f446c84a97e7cc4",
    "timestamp_utc": "2024-06-02T09:43:34.581Z",
    "context_time": 1717321414581,
    "message_command_correlation_id": "Uhb1xBc1620V0EFWizK1Ng==",
    "message_command_type": "PauseCommand",
    "message_device_type": "COMPUTER",
    "message_device_version": "harmony:4.42.0-2780565f/track-playback",
    "message_system_initiated": null,
    "message_target_device_brand": "realme",
    "message_target_device_model": "RMX3392",
    "message_target_device_software_version": "8.7.20.1261",
    "message_target_device_supports_command_acks": true,
    "message_target_device_type": "SMARTPHONE",
    "message_user_catalogue_string": "free"
  },
  {
    "message_context_uri": "spotify:playlist:3oK2pZZvkoK4EqYee9nxz8",
    "message_source_device_id": "b9758dac8106cde3bde911ca46f44b53efbb2967",
    "message_source_ip_hash": "wQYQ+mE5xQcQxnXjQgNInw==",
    "message_target_device_id": "b9758dac8106cde3bde911ca46f44b53efbb2967",
    "timestamp_utc": "2024-04-17T18:34:36.469Z",
    "context_time": 1713378876469,
    "message_command_correlation_id": "JThmxQZMs3tbuuLbwISqEg==",
    "message_command_type": "ResumeCommand",
    "message_device_type": "COMPUTER",
    "message_device_version": "harmony:4.41.0-7cd3d1d1/track-playback",
    "message_system_initiated": null,
    "message_target_device_brand": "spotify",
    "message_target_device_model": "web_player",
    "message_target_device_software_version": "harmony:4.41.0-7cd3d1d1/track-playback",
    "message_target_device_supports_command_acks": true,
    "message_target_device_type": "COMPUTER",
    "message_user_catalogue_string": "free"
  },
  {
    "message_context_uri": "spotify:search",
    "message_source_device_id": "624b80bca9966129d0f8c3c2e8eb3137761d992b",
    "message_source_ip_hash": "w7c5LoiS7aiG9HipdGpcxQ==",
    "message_target_device_id": "34c03aacc68ff8ecb133fb182f446c84a97e7cc4",
    "timestamp_utc": "2024-06-02T09:32:22.117Z",
    "context_time": 1717320742117,
    "message_command_correlation_id": "ASLsm792c3gLT4jgmBuNfg==",
    "message_command_type": "ResumeCommand",
    "message_device_type": "COMPUTER",
    "message_device_version": "harmony:4.42.0-2780565f/track-playback",
    "message_system_initiated": null,
    "message_target_device_brand": "realme",
    "message_target_device_model": "RMX3392",
    "message_target_device_software_version": "8.7.20.1261",
    "message_target_device_supports_command_acks": true,
    "message_target_device_type": "SMARTPHONE",
    "message_user_catalogue_string": "free"
  },
  {
    "message_context_uri": "spotify:show:0OD6eRTev4p50EHsYqPCrp",
    "message_source_device_id": "34c03aacc68ff8ecb133fb182f446c84a97e7cc4",
    "message_source_ip_hash": "USo+OpLsNJQgvwBMoxbc8A==",
    "message_target_device_id": "b009d849ddad858c5c00b7e8319c911d76690d8e",
    "timestamp_utc": "2023-12-21T19:46:45.932Z",
    "context_time": 1703188005932,
    "message_command_correlation_id": "IK290d0nGq7jFrR1cb1IpA==",
    "message_command_type": "TransferCommand",
    "message_device_type": "SMARTPHONE",
    "message_device_version": "8.7.20.1261",
    "message_system_initiated": null,
    "message_target_device_brand": "Lenovo",
    "message_target_device_model": "Lenovo TB-8504X",
    "message_target_device_software_version": "8.7.20.1261",
    "message_target_device_supports_command_acks": true,
    "message_target_device_type": "TABLET",
    "message_user_catalogue_string": "free"
  },
  {
    "message_context_uri": "spotify:search:tu%20he%20kahs%20",
    "message_source_device_id": "52bf878c4bcbb43935c18a9191c9e12d1dc2e168",
    "message_source_ip_hash": "sn+rAG49HgHC2wP3bv6+Nw==",
    "message_target_device_id": "52bf878c4bcbb43935c18a9191c9e12d1dc2e168",
    "timestamp_utc": "2024-05-28T19:47:51.009Z",
    "context_time": 1716925671009,
    "message_command_correlation_id": "ZNWLzutExUig0khTYRmciA==",
    "message_command_type": "TransferCommand",
    "message_device_type": "COMPUTER",
    "message_device_version": "harmony:4.42.0-2780565f/track-playback",
    "message_system_initiated": null,
    "message_target_device_brand": "spotify",
    "message_target_device_model": "web_player",
    "message_target_device_software_version": "harmony:4.42.0-2780565f/track-playback",
    "message_target_device_supports_command_acks": true,
    "message_target_device_type": "COMPUTER",
    "message_user_catalogue_string": "free"
  },
  {
    "message_context_uri": "spotify:episode:0jRdZaOpdASt4m9jNBUlqg",
    "message_source_device_id": "fa5e3a6103880be6f3ad72e638ee1d3462732a93",
    "message_source_ip_hash": "GJxzkj5e3enz9+QauGn7Lg==",
    "message_target_device_id": "fa5e3a6103880be6f3ad72e638ee1d3462732a93",
    "timestamp_utc": "2024-04-06T12:41:31.948Z",
    "context_time": 1712407291948,
    "message_command_correlation_id": "OfC+2am6EqO83mN8rejg5w==",
    "message_command_type": "PlayCommand",
    "message_device_type": "COMPUTER",
    "message_device_version": "harmony:4.41.0-7cd3d1d1/track-playback",
    "message_system_initiated": null,
    "message_target_device_brand": "spotify",
    "message_target_device_model": "web_player",
    "message_target_device_software_version": "harmony:4.41.0-7cd3d1d1/track-playback",
    "message_target_device_supports_command_acks": true,
    "message_target_device_type": "COMPUTER",
    "message_user_catalogue_string": "free"
  },
  {
    "message_context_uri": "spotify:search",
    "message_source_device_id": "fc19acd069be2af647153391ee6aca83762d761c",
    "message_source_ip_hash": "w7c5LoiS7aiG9HipdGpcxQ==",
    "message_target_device_id": "fc19acd069be2af647153391ee6aca83762d761c",
    "timestamp_utc": "2024-06-04T23:15:53.777Z",
    "context_time": 1717542953777,
    "message_command_correlation_id": "0YiObs2Ajlxad7XbxSJC1Q==",
    "message_command_type": "TransferCommand",
    "message_device_type": "COMPUTER",
    "message_device_version": "harmony:4.42.0-2780565f/track-playback",
    "message_system_initiated": null,
    "message_target_device_brand": "spotify",
    "message_target_device_model": "web_player",
    "message_target_device_software_version": "harmony:4.42.0-2780565f/track-playback",
    "message_target_device_supports_command_acks": true,
    "message_target_device_type": "COMPUTER",
    "message_user_catalogue_string": "free"
  },
  {
    "message_context_uri": "spotify:playlist:3klHoHnflXy95Y8x4d3NIZ",
    "message_source_device_id": "68956a6ebe141c7b20dbca62bfc1341516c69091",
    "message_source_ip_hash": "eZk28CIUnsrWzL2pQRwSsw==",
    "message_target_device_id": "68956a6ebe141c7b20dbca62bfc1341516c69091",
    "timestamp_utc": "2024-03-30T18:38:18.930Z",
    "context_time": 1711823898930,
    "message_command_correlation_id": "W4ARNHZHuUQZVPyl9PLjYg==",
    "message_command_type": "ResumeCommand",
    "message_device_type": "COMPUTER",
    "message_device_version": "harmony:4.40.0-3be5ea84/track-playback",
    "message_system_initiated": null,
    "message_target_device_brand": "spotify",
    "message_target_device_model": "web_player",
    "message_target_device_software_version": "harmony:4.40.0-3be5ea84/track-playback",
    "message_target_device_supports_command_acks": true,
    "message_target_device_type": "COMPUTER",
    "message_user_catalogue_string": "free"
  },
  {
    "message_context_uri": "spotify:playlist:3klHoHnflXy95Y8x4d3NIZ",
    "message_source_device_id": "d0bb1674b9635ea57362db0c296e5d57f8c46e1d",
    "message_source_ip_hash": "wQYQ+mE5xQcQxnXjQgNInw==",
    "message_target_device_id": "34c03aacc68ff8ecb133fb182f446c84a97e7cc4",
    "timestamp_utc": "2024-04-18T06:07:44.947Z",
    "context_time": 1713420464947,
    "message_command_correlation_id": "4UbSDLPdzcH/N3kLJ2oE4A==",
    "message_command_type": "PauseCommand",
    "message_device_type": "COMPUTER",
    "message_device_version": "harmony:4.41.0-7cd3d1d1/track-playback",
    "message_system_initiated": null,
    "message_target_device_brand": "realme",
    "message_target_device_model": "RMX3392",
    "message_target_device_software_version": "8.7.20.1261",
    "message_target_device_supports_command_acks": true,
    "message_target_device_type": "SMARTPHONE",
    "message_user_catalogue_string": "free"
  },
  {
    "message_context_uri": "spotify:track:3zSSCPpLZ5Oc8nelhhGjKz",
    "message_source_device_id": "102991310cdd1dcbfd8f46de3e9266278b3f2edd",
    "message_source_ip_hash": "w7c5LoiS7aiG9HipdGpcxQ==",
    "message_target_device_id": "102991310cdd1dcbfd8f46de3e9266278b3f2edd",
    "timestamp_utc": "2024-06-05T08:56:51.148Z",
    "context_time": 1717577811148,
    "message_command_correlation_id": "DVwM5U+0/BLaxG1CGaLLmg==",
    "message_command_type": "PlayCommand",
    "message_device_type": "COMPUTER",
    "message_device_version": "harmony:4.42.0-2780565f/track-playback",
    "message_system_initiated": null,
    "message_target_device_brand": "spotify",
    "message_target_device_model": "web_player",
    "message_target_device_software_version": "harmony:4.42.0-2780565f/track-playback",
    "message_target_device_supports_command_acks": true,
    "message_target_device_type": "COMPUTER",
    "message_user_catalogue_string": "free"
  },
  {
    "message_context_uri": "spotify:search",
    "message_source_device_id": "2e192ae2c4837a70b7665769441446a3c8ca3878",
    "message_source_ip_hash": "w7c5LoiS7aiG9HipdGpcxQ==",
    "message_target_device_id": "2e192ae2c4837a70b7665769441446a3c8ca3878",
    "timestamp_utc": "2024-06-05T00:22:56.204Z",
    "context_time": 1717546976204,
    "message_command_correlation_id": "cbB17bACNdBJHxGNfoF4qA==",
    "message_command_type": "ResumeCommand",
    "message_device_type": "COMPUTER",
    "message_device_version": "harmony:4.42.0-2780565f/track-playback",
    "message_system_initiated": null,
    "message_target_device_brand": "spotify",
    "message_target_device_model": "web_player",
    "message_target_device_software_version": "harmony:4.42.0-2780565f/track-playback",
    "message_target_device_supports_command_acks": true,
    "message_target_device_type": "COMPUTER",
    "message_user_catalogue_string": "free"
  },
  {
    "message_context_uri": "spotify:search",
    "message_source_device_id": "88c32d862fde44865a3f36faa7b56d7c9aa5d0f4",
    "message_source_ip_hash": "w7c5LoiS7aiG9HipdGpcxQ==",
    "message_target_device_id": "88c32d862fde44865a3f36faa7b56d7c9aa5d0f4",
    "timestamp_utc": "2024-05-31T19:02:06.250Z",
    "context_time": 1717182126250,
    "message_command_correlation_id": "KAPqeRGcU/UoCNSEbYq1Nw==",
    "message_command_type": "TransferCommand",
    "message_device_type": "COMPUTER",
    "message_device_version": "harmony:4.42.0-2780565f/track-playback",
    "message_system_initiated": null,
    "message_target_device_brand": "spotify",
    "message_target_device_model": "web_player",
    "message_target_device_software_version": "harmony:4.42.0-2780565f/track-playback",
    "message_target_device_supports_command_acks": true,
    "message_target_device_type": "COMPUTER",
    "message_user_catalogue_string": "free"
  },
  {
    "message_context_uri": "spotify:playlist:3klHoHnflXy95Y8x4d3NIZ",
    "message_source_device_id": "34c03aacc68ff8ecb133fb182f446c84a97e7cc4",
    "message_source_ip_hash": "88qUvtIo8XsbzWNQwoZCpA==",
    "message_target_device_id": "b009d849ddad858c5c00b7e8319c911d76690d8e",
    "timestamp_utc": "2024-03-05T21:23:50.567Z",
    "context_time": 1709673830567,
    "message_command_correlation_id": "iN+j/WCzSuXMcdz+Evhggw==",
    "message_command_type": "PlayCommand",
    "message_device_type": "SMARTPHONE",
    "message_device_version": "8.7.20.1261",
    "message_system_initiated": null,
    "message_target_device_brand": "Lenovo",
    "message_target_device_model": "Lenovo TB-8504X",
    "message_target_device_software_version": "8.7.20.1261",
    "message_target_device_supports_command_acks": true,
    "message_target_device_type": "TABLET",
    "message_user_catalogue_string": "free"
  },
  {
    "message_context_uri": "spotify:playlist:3klHoHnflXy95Y8x4d3NIZ",
    "message_source_device_id": "d0bb1674b9635ea57362db0c296e5d57f8c46e1d",
    "message_source_ip_hash": "wQYQ+mE5xQcQxnXjQgNInw==",
    "message_target_device_id": "d0bb1674b9635ea57362db0c296e5d57f8c46e1d",
    "timestamp_utc": "2024-04-18T06:08:00.913Z",
    "context_time": 1713420480913,
    "message_command_correlation_id": "PHNZ+QAQEgRy8fG42ACTBg==",
    "message_command_type": "TransferCommand",
    "message_device_type": "COMPUTER",
    "message_device_version": "harmony:4.41.0-7cd3d1d1/track-playback",
    "message_system_initiated": null,
    "message_target_device_brand": "spotify",
    "message_target_device_model": "web_player",
    "message_target_device_software_version": "harmony:4.41.0-7cd3d1d1/track-playback",
    "message_target_device_supports_command_acks": true,
    "message_target_device_type": "COMPUTER",
    "message_user_catalogue_string": "free"
  },
  {
    "message_context_uri": "spotify:track:3zSSCPpLZ5Oc8nelhhGjKz",
    "message_source_device_id": "88c32d862fde44865a3f36faa7b56d7c9aa5d0f4",
    "message_source_ip_hash": "w7c5LoiS7aiG9HipdGpcxQ==",
    "message_target_device_id": "88c32d862fde44865a3f36faa7b56d7c9aa5d0f4",
    "timestamp_utc": "2024-05-31T18:07:09.735Z",
    "context_time": 1717178829735,
    "message_command_correlation_id": "Ah/dsn4JCfnL2lxdiZW7QQ==",
    "message_command_type": "PlayCommand",
    "message_device_type": "COMPUTER",
    "message_device_version": "harmony:4.42.0-2780565f/track-playback",
    "message_system_initiated": null,
    "message_target_device_brand": "spotify",
    "message_target_device_model": "web_player",
    "message_target_device_software_version": "harmony:4.42.0-2780565f/track-playback",
    "message_target_device_supports_command_acks": true,
    "message_target_device_type": "COMPUTER",
    "message_user_catalogue_string": "free"
  },
  {
    "message_context_uri": "spotify:search",
    "message_source_device_id": "624b80bca9966129d0f8c3c2e8eb3137761d992b",
    "message_source_ip_hash": "w7c5LoiS7aiG9HipdGpcxQ==",
    "message_target_device_id": "34c03aacc68ff8ecb133fb182f446c84a97e7cc4",
    "timestamp_utc": "2024-06-02T09:25:01.866Z",
    "context_time": 1717320301866,
    "message_command_correlation_id": "AFMPRUmr7e1T4Jac1zCBOg==",
    "message_command_type": "PauseCommand",
    "message_device_type": "COMPUTER",
    "message_device_version": "harmony:4.42.0-2780565f/track-playback",
    "message_system_initiated": null,
    "message_target_device_brand": "realme",
    "message_target_device_model": "RMX3392",
    "message_target_device_software_version": "8.7.20.1261",
    "message_target_device_supports_command_acks": true,
    "message_target_device_type": "SMARTPHONE",
    "message_user_catalogue_string": "free"
  },
  {
    "message_context_uri": "spotify:playlist:3oK2pZZvkoK4EqYee9nxz8",
    "message_source_device_id": "88c32d862fde44865a3f36faa7b56d7c9aa5d0f4",
    "message_source_ip_hash": "w7c5LoiS7aiG9HipdGpcxQ==",
    "message_target_device_id": "88c32d862fde44865a3f36faa7b56d7c9aa5d0f4",
    "timestamp_utc": "2024-05-31T18:06:39.609Z",
    "context_time": 1717178799609,
    "message_command_correlation_id": "Y/M37A2XPj4ejSV9cdKH9w==",
    "message_command_type": "TransferCommand",
    "message_device_type": "COMPUTER",
    "message_device_version": "harmony:4.42.0-2780565f/track-playback",
    "message_system_initiated": null,
    "message_target_device_brand": "spotify",
    "message_target_device_model": "web_player",
    "message_target_device_software_version": "harmony:4.42.0-2780565f/track-playback",
    "message_target_device_supports_command_acks": true,
    "message_target_device_type": "COMPUTER",
    "message_user_catalogue_string": "free"
  },
  {
    "message_context_uri": "spotify:playlist:3klHoHnflXy95Y8x4d3NIZ",
    "message_source_device_id": "9d3ae2d0b882bb15551e853dc2869940038bd404",
    "message_source_ip_hash": "wQYQ+mE5xQcQxnXjQgNInw==",
    "message_target_device_id": "9d3ae2d0b882bb15551e853dc2869940038bd404",
    "timestamp_utc": "2024-04-20T09:18:12.719Z",
    "context_time": 1713604692719,
    "message_command_correlation_id": "9qk/VpTTLsrDCj7ccxBM6w==",
    "message_command_type": "TransferCommand",
    "message_device_type": "COMPUTER",
    "message_device_version": "harmony:4.41.0-7cd3d1d1/track-playback",
    "message_system_initiated": null,
    "message_target_device_brand": "spotify",
    "message_target_device_model": "web_player",
    "message_target_device_software_version": "harmony:4.41.0-7cd3d1d1/track-playback",
    "message_target_device_supports_command_acks": true,
    "message_target_device_type": "COMPUTER",
    "message_user_catalogue_string": "free"
  },
  {
    "message_context_uri": "spotify:search",
    "message_source_device_id": "b009d849ddad858c5c00b7e8319c911d76690d8e",
    "message_source_ip_hash": "w7c5LoiS7aiG9HipdGpcxQ==",
    "message_target_device_id": "34c03aacc68ff8ecb133fb182f446c84a97e7cc4",
    "timestamp_utc": "2024-06-02T23:09:25.640Z",
    "context_time": 1717369765640,
    "message_command_correlation_id": "8VrK34luqLHeaxSYCHgm1A==",
    "message_command_type": "PauseCommand",
    "message_device_type": "TABLET",
    "message_device_version": "8.7.20.1261",
    "message_system_initiated": null,
    "message_target_device_brand": "realme",
    "message_target_device_model": "RMX3392",
    "message_target_device_software_version": "8.7.20.1261",
    "message_target_device_supports_command_acks": true,
    "message_target_device_type": "SMARTPHONE",
    "message_user_catalogue_string": "free"
  },
  {
    "message_context_uri": "spotify:search",
    "message_source_device_id": "624b80bca9966129d0f8c3c2e8eb3137761d992b",
    "message_source_ip_hash": "w7c5LoiS7aiG9HipdGpcxQ==",
    "message_target_device_id": "624b80bca9966129d0f8c3c2e8eb3137761d992b",
    "timestamp_utc": "2024-06-02T11:05:51.106Z",
    "context_time": 1717326351106,
    "message_command_correlation_id": "XHbJ7WpohnqKVzFae/MIDA==",
    "message_command_type": "TransferCommand",
    "message_device_type": "COMPUTER",
    "message_device_version": "harmony:4.42.0-2780565f/track-playback",
    "message_system_initiated": null,
    "message_target_device_brand": "spotify",
    "message_target_device_model": "web_player",
    "message_target_device_software_version": "harmony:4.42.0-2780565f/track-playback",
    "message_target_device_supports_command_acks": true,
    "message_target_device_type": "COMPUTER",
    "message_user_catalogue_string": "free"
  },
  {
    "message_context_uri": "spotify:track:5p6Fx7EGe2zi49J8X8jR9s",
    "message_source_device_id": "15281e7a8a9a03f82952a0480ef22124b6f8e645",
    "message_source_ip_hash": "HplEuP4MJ7swogjJGUiQ2g==",
    "message_target_device_id": "15281e7a8a9a03f82952a0480ef22124b6f8e645",
    "timestamp_utc": "2024-03-21T19:11:00.302Z",
    "context_time": 1711048260302,
    "message_command_correlation_id": "migeV8JBRxURFJE4n3u/4Q==",
    "message_command_type": "PlayCommand",
    "message_device_type": "COMPUTER",
    "message_device_version": "harmony:4.40.0-3be5ea84/track-playback",
    "message_system_initiated": null,
    "message_target_device_brand": "spotify",
    "message_target_device_model": "web_player",
    "message_target_device_software_version": "harmony:4.40.0-3be5ea84/track-playback",
    "message_target_device_supports_command_acks": true,
    "message_target_device_type": "COMPUTER",
    "message_user_catalogue_string": "free"
  },
  {
    "message_context_uri": "spotify:playlist:4SxV9autAMugEWlAuql8qk",
    "message_source_device_id": "102991310cdd1dcbfd8f46de3e9266278b3f2edd",
    "message_source_ip_hash": "w7c5LoiS7aiG9HipdGpcxQ==",
    "message_target_device_id": "102991310cdd1dcbfd8f46de3e9266278b3f2edd",
    "timestamp_utc": "2024-06-05T08:56:20.339Z",
    "context_time": 1717577780339,
    "message_command_correlation_id": "uaCJUuSXNCNzJKH4NQ8huA==",
    "message_command_type": "TransferCommand",
    "message_device_type": "COMPUTER",
    "message_device_version": "harmony:4.42.0-2780565f/track-playback",
    "message_system_initiated": null,
    "message_target_device_brand": "spotify",
    "message_target_device_model": "web_player",
    "message_target_device_software_version": "harmony:4.42.0-2780565f/track-playback",
    "message_target_device_supports_command_acks": true,
    "message_target_device_type": "COMPUTER",
    "message_user_catalogue_string": "free"
  },
  {
    "message_context_uri": "spotify:search",
    "message_source_device_id": "fb8ebd3efc9279aaca759ad2de37df1551ab08ce",
    "message_source_ip_hash": "w7c5LoiS7aiG9HipdGpcxQ==",
    "message_target_device_id": "fb8ebd3efc9279aaca759ad2de37df1551ab08ce",
    "timestamp_utc": "2024-06-02T19:53:41.741Z",
    "context_time": 1717358021741,
    "message_command_correlation_id": "uJQ4YhrVEIIPSSRhZ6/DuQ==",
    "message_command_type": "ResumeCommand",
    "message_device_type": "COMPUTER",
    "message_device_version": "harmony:4.42.0-2780565f/track-playback",
    "message_system_initiated": null,
    "message_target_device_brand": "spotify",
    "message_target_device_model": "web_player",
    "message_target_device_software_version": "harmony:4.42.0-2780565f/track-playback",
    "message_target_device_supports_command_acks": true,
    "message_target_device_type": "COMPUTER",
    "message_user_catalogue_string": "free"
  },
  {
    "message_context_uri": "spotify:playlist:3klHoHnflXy95Y8x4d3NIZ",
    "message_source_device_id": "34c03aacc68ff8ecb133fb182f446c84a97e7cc4",
    "message_source_ip_hash": "wQYQ+mE5xQcQxnXjQgNInw==",
    "message_target_device_id": "d0bb1674b9635ea57362db0c296e5d57f8c46e1d",
    "timestamp_utc": "2024-04-18T09:16:31.952Z",
    "context_time": 1713431791952,
    "message_command_correlation_id": "oK5VjcXMZYcPJpgqvG0ulQ==",
    "message_command_type": "TransferCommand",
    "message_device_type": "SMARTPHONE",
    "message_device_version": "8.7.20.1261",
    "message_system_initiated": null,
    "message_target_device_brand": "spotify",
    "message_target_device_model": "web_player",
    "message_target_device_software_version": "harmony:4.41.0-7cd3d1d1/track-playback",
    "message_target_device_supports_command_acks": true,
    "message_target_device_type": "COMPUTER",
    "message_user_catalogue_string": "free"
  },
  {
    "message_context_uri": "spotify:playlist:3klHoHnflXy95Y8x4d3NIZ",
    "message_source_device_id": "fa5e3a6103880be6f3ad72e638ee1d3462732a93",
    "message_source_ip_hash": "GJxzkj5e3enz9+QauGn7Lg==",
    "message_target_device_id": "fa5e3a6103880be6f3ad72e638ee1d3462732a93",
    "timestamp_utc": "2024-04-06T13:43:44.291Z",
    "context_time": 1712411024291,
    "message_command_correlation_id": "xcxl4ZI5brGZrFndOozWnw==",
    "message_command_type": "PlayCommand",
    "message_device_type": "COMPUTER",
    "message_device_version": "harmony:4.41.0-7cd3d1d1/track-playback",
    "message_system_initiated": null,
    "message_target_device_brand": "spotify",
    "message_target_device_model": "web_player",
    "message_target_device_software_version": "harmony:4.41.0-7cd3d1d1/track-playback",
    "message_target_device_supports_command_acks": true,
    "message_target_device_type": "COMPUTER",
    "message_user_catalogue_string": "free"
  },
  {
    "message_context_uri": "spotify:search",
    "message_source_device_id": "fb8ebd3efc9279aaca759ad2de37df1551ab08ce",
    "message_source_ip_hash": "w7c5LoiS7aiG9HipdGpcxQ==",
    "message_target_device_id": "fb8ebd3efc9279aaca759ad2de37df1551ab08ce",
    "timestamp_utc": "2024-06-02T19:53:40.583Z",
    "context_time": 1717358020583,
    "message_command_correlation_id": "Z9v9G4tFuaK8MesKYzAELg==",
    "message_command_type": "TransferCommand",
    "message_device_type": "COMPUTER",
    "message_device_version": "harmony:4.42.0-2780565f/track-playback",
    "message_system_initiated": null,
    "message_target_device_brand": "spotify",
    "message_target_device_model": "web_player",
    "message_target_device_software_version": "harmony:4.42.0-2780565f/track-playback",
    "message_target_device_supports_command_acks": true,
    "message_target_device_type": "COMPUTER",
    "message_user_catalogue_string": "free"
  },
  {
    "message_context_uri": "spotify:playlist:3klHoHnflXy95Y8x4d3NIZ",
    "message_source_device_id": "68956a6ebe141c7b20dbca62bfc1341516c69091",
    "message_source_ip_hash": "eZk28CIUnsrWzL2pQRwSsw==",
    "message_target_device_id": "68956a6ebe141c7b20dbca62bfc1341516c69091",
    "timestamp_utc": "2024-03-30T18:38:18.905Z",
    "context_time": 1711823898905,
    "message_command_correlation_id": "4+5K4MeaYBI1OJW2g0txaA==",
    "message_command_type": "TransferCommand",
    "message_device_type": "COMPUTER",
    "message_device_version": "harmony:4.40.0-3be5ea84/track-playback",
    "message_system_initiated": null,
    "message_target_device_brand": "spotify",
    "message_target_device_model": "web_player",
    "message_target_device_software_version": "harmony:4.40.0-3be5ea84/track-playback",
    "message_target_device_supports_command_acks": true,
    "message_target_device_type": "COMPUTER",
    "message_user_catalogue_string": "free"
  },
  {
    "message_context_uri": "spotify:search",
    "message_source_device_id": "624b80bca9966129d0f8c3c2e8eb3137761d992b",
    "message_source_ip_hash": "w7c5LoiS7aiG9HipdGpcxQ==",
    "message_target_device_id": "624b80bca9966129d0f8c3c2e8eb3137761d992b",
    "timestamp_utc": "2024-06-02T11:05:52.635Z",
    "context_time": 1717326352635,
    "message_command_correlation_id": "1BcuOKH9ZzmOLVbAuOhlLw==",
    "message_command_type": "ResumeCommand",
    "message_device_type": "COMPUTER",
    "message_device_version": "harmony:4.42.0-2780565f/track-playback",
    "message_system_initiated": null,
    "message_target_device_brand": "spotify",
    "message_target_device_model": "web_player",
    "message_target_device_software_version": "harmony:4.42.0-2780565f/track-playback",
    "message_target_device_supports_command_acks": true,
    "message_target_device_type": "COMPUTER",
    "message_user_catalogue_string": "free"
  },
  {
    "message_context_uri": "spotify:search",
    "message_source_device_id": "73a9ae270d680d8c2ecb77c742f4036bf6795e6a",
    "message_source_ip_hash": "w7c5LoiS7aiG9HipdGpcxQ==",
    "message_target_device_id": "73a9ae270d680d8c2ecb77c742f4036bf6795e6a",
    "timestamp_utc": "2024-05-31T23:17:31.701Z",
    "context_time": 1717197451701,
    "message_command_correlation_id": "UznfpYCLwI4VUNp7kFNO6w==",
    "message_command_type": "ResumeCommand",
    "message_device_type": "COMPUTER",
    "message_device_version": "harmony:4.42.0-2780565f/track-playback",
    "message_system_initiated": null,
    "message_target_device_brand": "spotify",
    "message_target_device_model": "web_player",
    "message_target_device_software_version": "harmony:4.42.0-2780565f/track-playback",
    "message_target_device_supports_command_acks": true,
    "message_target_device_type": "COMPUTER",
    "message_user_catalogue_string": "free"
  },
  {
    "message_context_uri": "spotify:playlist:3klHoHnflXy95Y8x4d3NIZ",
    "message_source_device_id": "86531f32dbd06f32aa99cdec264d2105feb2c82a",
    "message_source_ip_hash": "wQYQ+mE5xQcQxnXjQgNInw==",
    "message_target_device_id": "86531f32dbd06f32aa99cdec264d2105feb2c82a",
    "timestamp_utc": "2024-04-20T08:56:37.609Z",
    "context_time": 1713603397609,
    "message_command_correlation_id": "9/LCG2tqMDl+aACIr4PBLQ==",
    "message_command_type": "TransferCommand",
    "message_device_type": "COMPUTER",
    "message_device_version": "harmony:4.41.0-7cd3d1d1/track-playback",
    "message_system_initiated": null,
    "message_target_device_brand": "spotify",
    "message_target_device_model": "web_player",
    "message_target_device_software_version": "harmony:4.41.0-7cd3d1d1/track-playback",
    "message_target_device_supports_command_acks": true,
    "message_target_device_type": "COMPUTER",
    "message_user_catalogue_string": "free"
  },
  {
    "message_context_uri": "spotify:search",
    "message_source_device_id": "88c32d862fde44865a3f36faa7b56d7c9aa5d0f4",
    "message_source_ip_hash": "w7c5LoiS7aiG9HipdGpcxQ==",
    "message_target_device_id": "88c32d862fde44865a3f36faa7b56d7c9aa5d0f4",
    "timestamp_utc": "2024-05-31T19:02:07.086Z",
    "context_time": 1717182127086,
    "message_command_correlation_id": "/X5Vmvyuk3ZB0Js17FBH7A==",
    "message_command_type": "ResumeCommand",
    "message_device_type": "COMPUTER",
    "message_device_version": "harmony:4.42.0-2780565f/track-playback",
    "message_system_initiated": null,
    "message_target_device_brand": "spotify",
    "message_target_device_model": "web_player",
    "message_target_device_software_version": "harmony:4.42.0-2780565f/track-playback",
    "message_target_device_supports_command_acks": true,
    "message_target_device_type": "COMPUTER",
    "message_user_catalogue_string": "free"
  },
  {
    "message_context_uri": "spotify:search",
    "message_source_device_id": "2e192ae2c4837a70b7665769441446a3c8ca3878",
    "message_source_ip_hash": "w7c5LoiS7aiG9HipdGpcxQ==",
    "message_target_device_id": "2e192ae2c4837a70b7665769441446a3c8ca3878",
    "timestamp_utc": "2024-06-05T00:22:55.224Z",
    "context_time": 1717546975224,
    "message_command_correlation_id": "Hb9qkXD5Fs37FoSIbkc19w==",
    "message_command_type": "TransferCommand",
    "message_device_type": "COMPUTER",
    "message_device_version": "harmony:4.42.0-2780565f/track-playback",
    "message_system_initiated": null,
    "message_target_device_brand": "spotify",
    "message_target_device_model": "web_player",
    "message_target_device_software_version": "harmony:4.42.0-2780565f/track-playback",
    "message_target_device_supports_command_acks": true,
    "message_target_device_type": "COMPUTER",
    "message_user_catalogue_string": "free"
  },
  {
    "message_context_uri": "spotify:search",
    "message_source_device_id": "3ecdff1a2fb182e923d81de497acaf663691c040",
    "message_source_ip_hash": "w7c5LoiS7aiG9HipdGpcxQ==",
    "message_target_device_id": "3ecdff1a2fb182e923d81de497acaf663691c040",
    "timestamp_utc": "2024-05-31T21:43:30.136Z",
    "context_time": 1717191810136,
    "message_command_correlation_id": "RCYzN9y4atfvqiL2Qvbxgg==",
    "message_command_type": "ResumeCommand",
    "message_device_type": "COMPUTER",
    "message_device_version": "harmony:4.42.0-2780565f/track-playback",
    "message_system_initiated": null,
    "message_target_device_brand": "spotify",
    "message_target_device_model": "web_player",
    "message_target_device_software_version": "harmony:4.42.0-2780565f/track-playback",
    "message_target_device_supports_command_acks": true,
    "message_target_device_type": "COMPUTER",
    "message_user_catalogue_string": "free"
  },
  {
    "message_context_uri": "spotify:search:tu%20he%20kahs%20",
    "message_source_device_id": "52bf878c4bcbb43935c18a9191c9e12d1dc2e168",
    "message_source_ip_hash": "sn+rAG49HgHC2wP3bv6+Nw==",
    "message_target_device_id": "52bf878c4bcbb43935c18a9191c9e12d1dc2e168",
    "timestamp_utc": "2024-05-28T19:21:57.402Z",
    "context_time": 1716924117402,
    "message_command_correlation_id": "/mR4G9OeVXIVnFmVX1CwKA==",
    "message_command_type": "TransferCommand",
    "message_device_type": "COMPUTER",
    "message_device_version": "harmony:4.42.0-2780565f/track-playback",
    "message_system_initiated": null,
    "message_target_device_brand": "spotify",
    "message_target_device_model": "web_player",
    "message_target_device_software_version": "harmony:4.42.0-2780565f/track-playback",
    "message_target_device_supports_command_acks": true,
    "message_target_device_type": "COMPUTER",
    "message_user_catalogue_string": "free"
  },
  {
    "message_context_uri": "spotify:playlist:3klHoHnflXy95Y8x4d3NIZ",
    "message_source_device_id": "86531f32dbd06f32aa99cdec264d2105feb2c82a",
    "message_source_ip_hash": "wQYQ+mE5xQcQxnXjQgNInw==",
    "message_target_device_id": "86531f32dbd06f32aa99cdec264d2105feb2c82a",
    "timestamp_utc": "2024-04-20T08:56:38.954Z",
    "context_time": 1713603398954,
    "message_command_correlation_id": "58lpP8FrYmBCPOklmHH0Lg==",
    "message_command_type": "ResumeCommand",
    "message_device_type": "COMPUTER",
    "message_device_version": "harmony:4.41.0-7cd3d1d1/track-playback",
    "message_system_initiated": null,
    "message_target_device_brand": "spotify",
    "message_target_device_model": "web_player",
    "message_target_device_software_version": "harmony:4.41.0-7cd3d1d1/track-playback",
    "message_target_device_supports_command_acks": true,
    "message_target_device_type": "COMPUTER",
    "message_user_catalogue_string": "free"
  },
  {
    "message_context_uri": "spotify:show:0OD6eRTev4p50EHsYqPCrp",
    "message_source_device_id": "34c03aacc68ff8ecb133fb182f446c84a97e7cc4",
    "message_source_ip_hash": "USo+OpLsNJQgvwBMoxbc8A==",
    "message_target_device_id": "b009d849ddad858c5c00b7e8319c911d76690d8e",
    "timestamp_utc": "2023-12-21T19:46:52.464Z",
    "context_time": 1703188012464,
    "message_command_correlation_id": "hAszk28fyng/jKcku3RwQw==",
    "message_command_type": "PauseCommand",
    "message_device_type": "SMARTPHONE",
    "message_device_version": "8.7.20.1261",
    "message_system_initiated": null,
    "message_target_device_brand": "Lenovo",
    "message_target_device_model": "Lenovo TB-8504X",
    "message_target_device_software_version": "8.7.20.1261",
    "message_target_device_supports_command_acks": true,
    "message_target_device_type": "TABLET",
    "message_user_catalogue_string": "free"
  },
  {
    "message_context_uri": "spotify:search",
    "message_source_device_id": "624b80bca9966129d0f8c3c2e8eb3137761d992b",
    "message_source_ip_hash": "w7c5LoiS7aiG9HipdGpcxQ==",
    "message_target_device_id": "34c03aacc68ff8ecb133fb182f446c84a97e7cc4",
    "timestamp_utc": "2024-06-02T09:31:21.135Z",
    "context_time": 1717320681135,
    "message_command_correlation_id": "hf9UOngweehmECHgoyG03g==",
    "message_command_type": "ResumeCommand",
    "message_device_type": "COMPUTER",
    "message_device_version": "harmony:4.42.0-2780565f/track-playback",
    "message_system_initiated": null,
    "message_target_device_brand": "realme",
    "message_target_device_model": "RMX3392",
    "message_target_device_software_version": "8.7.20.1261",
    "message_target_device_supports_command_acks": true,
    "message_target_device_type": "SMARTPHONE",
    "message_user_catalogue_string": "free"
  },
  {
    "message_context_uri": "spotify:search",
    "message_source_device_id": "b009d849ddad858c5c00b7e8319c911d76690d8e",
    "message_source_ip_hash": "w7c5LoiS7aiG9HipdGpcxQ==",
    "message_target_device_id": "34c03aacc68ff8ecb133fb182f446c84a97e7cc4",
    "timestamp_utc": "2024-06-02T23:09:23.247Z",
    "context_time": 1717369763247,
    "message_command_correlation_id": "jP/8QGTep00UJX+9qnlxiA==",
    "message_command_type": "PauseCommand",
    "message_device_type": "TABLET",
    "message_device_version": "8.7.20.1261",
    "message_system_initiated": null,
    "message_target_device_brand": "realme",
    "message_target_device_model": "RMX3392",
    "message_target_device_software_version": "8.7.20.1261",
    "message_target_device_supports_command_acks": true,
    "message_target_device_type": "SMARTPHONE",
    "message_user_catalogue_string": "free"
  },
  {
    "message_context_uri": "spotify:search",
    "message_source_device_id": "9097a05163a47a85eb9c86a62eef89c99e18cbde",
    "message_source_ip_hash": "w7c5LoiS7aiG9HipdGpcxQ==",
    "message_target_device_id": "9097a05163a47a85eb9c86a62eef89c99e18cbde",
    "timestamp_utc": "2024-05-31T22:05:21.850Z",
    "context_time": 1717193121850,
    "message_command_correlation_id": "8mnMZv9jKCmTR2smTbnrPA==",
    "message_command_type": "TransferCommand",
    "message_device_type": "COMPUTER",
    "message_device_version": "harmony:4.42.0-2780565f/track-playback",
    "message_system_initiated": null,
    "message_target_device_brand": "spotify",
    "message_target_device_model": "web_player",
    "message_target_device_software_version": "harmony:4.42.0-2780565f/track-playback",
    "message_target_device_supports_command_acks": true,
    "message_target_device_type": "COMPUTER",
    "message_user_catalogue_string": "free"
  },
  {
    "message_context_uri": "spotify:playlist:3klHoHnflXy95Y8x4d3NIZ",
    "message_source_device_id": "9d3ae2d0b882bb15551e853dc2869940038bd404",
    "message_source_ip_hash": "wQYQ+mE5xQcQxnXjQgNInw==",
    "message_target_device_id": "9d3ae2d0b882bb15551e853dc2869940038bd404",
    "timestamp_utc": "2024-04-20T09:18:15.518Z",
    "context_time": 1713604695518,
    "message_command_correlation_id": "yGSLgVmg7lkKwfpPoL6vQQ==",
    "message_command_type": "ResumeCommand",
    "message_device_type": "COMPUTER",
    "message_device_version": "harmony:4.41.0-7cd3d1d1/track-playback",
    "message_system_initiated": null,
    "message_target_device_brand": "spotify",
    "message_target_device_model": "web_player",
    "message_target_device_software_version": "harmony:4.41.0-7cd3d1d1/track-playback",
    "message_target_device_supports_command_acks": true,
    "message_target_device_type": "COMPUTER",
    "message_user_catalogue_string": "free"
  },
  {
    "message_context_uri": "spotify:search",
    "message_source_device_id": "73a9ae270d680d8c2ecb77c742f4036bf6795e6a",
    "message_source_ip_hash": "w7c5LoiS7aiG9HipdGpcxQ==",
    "message_target_device_id": "73a9ae270d680d8c2ecb77c742f4036bf6795e6a",
    "timestamp_utc": "2024-05-31T23:17:30.836Z",
    "context_time": 1717197450836,
    "message_command_correlation_id": "Aaj0z66Ljyq9A8Vf3FBWfQ==",
    "message_command_type": "TransferCommand",
    "message_device_type": "COMPUTER",
    "message_device_version": "harmony:4.42.0-2780565f/track-playback",
    "message_system_initiated": null,
    "message_target_device_brand": "spotify",
    "message_target_device_model": "web_player",
    "message_target_device_software_version": "harmony:4.42.0-2780565f/track-playback",
    "message_target_device_supports_command_acks": true,
    "message_target_device_type": "COMPUTER",
    "message_user_catalogue_string": "free"
  },
  {
    "message_context_uri": "spotify:search:tum%20hi%20",
    "message_source_device_id": "94d43575ab239ab1fb0dc91f5f7f4566ccb4a03b",
    "message_source_ip_hash": "w7c5LoiS7aiG9HipdGpcxQ==",
    "message_target_device_id": "94d43575ab239ab1fb0dc91f5f7f4566ccb4a03b",
    "timestamp_utc": "2024-06-02T00:27:26.436Z",
    "context_time": 1717288046436,
    "message_command_correlation_id": "e9MGGC1+8uK9wT09SqOoKQ==",
    "message_command_type": "ResumeCommand",
    "message_device_type": "COMPUTER",
    "message_device_version": "harmony:4.42.0-2780565f/track-playback",
    "message_system_initiated": null,
    "message_target_device_brand": "spotify",
    "message_target_device_model": "web_player",
    "message_target_device_software_version": "harmony:4.42.0-2780565f/track-playback",
    "message_target_device_supports_command_acks": true,
    "message_target_device_type": "COMPUTER",
    "message_user_catalogue_string": "free"
  },
  {
    "message_context_uri": "spotify:search",
    "message_source_device_id": "624b80bca9966129d0f8c3c2e8eb3137761d992b",
    "message_source_ip_hash": "w7c5LoiS7aiG9HipdGpcxQ==",
    "message_target_device_id": "34c03aacc68ff8ecb133fb182f446c84a97e7cc4",
    "timestamp_utc": "2024-06-02T09:32:15.420Z",
    "context_time": 1717320735420,
    "message_command_correlation_id": "MbbaGInnPsCRgWmRI5CejQ==",
    "message_command_type": "PauseCommand",
    "message_device_type": "COMPUTER",
    "message_device_version": "harmony:4.42.0-2780565f/track-playback",
    "message_system_initiated": null,
    "message_target_device_brand": "realme",
    "message_target_device_model": "RMX3392",
    "message_target_device_software_version": "8.7.20.1261",
    "message_target_device_supports_command_acks": true,
    "message_target_device_type": "SMARTPHONE",
    "message_user_catalogue_string": "free"
  },
  {
    "message_context_uri": "spotify:search:tu%20he%20kahs%20",
    "message_source_device_id": "52bf878c4bcbb43935c18a9191c9e12d1dc2e168",
    "message_source_ip_hash": "sn+rAG49HgHC2wP3bv6+Nw==",
    "message_target_device_id": "34c03aacc68ff8ecb133fb182f446c84a97e7cc4",
    "timestamp_utc": "2024-05-28T19:20:48.060Z",
    "context_time": 1716924048060,
    "message_command_correlation_id": "rV+5qCUV6LNoNj6KcdtPoQ==",
    "message_command_type": "ResumeCommand",
    "message_device_type": "COMPUTER",
    "message_device_version": "harmony:4.42.0-2780565f/track-playback",
    "message_system_initiated": null,
    "message_target_device_brand": "realme",
    "message_target_device_model": "RMX3392",
    "message_target_device_software_version": "8.7.20.1261",
    "message_target_device_supports_command_acks": true,
    "message_target_device_type": "SMARTPHONE",
    "message_user_catalogue_string": "free"
  },
  {
    "message_context_uri": "spotify:search:tum%20hi%20",
    "message_source_device_id": "94d43575ab239ab1fb0dc91f5f7f4566ccb4a03b",
    "message_source_ip_hash": "w7c5LoiS7aiG9HipdGpcxQ==",
    "message_target_device_id": "94d43575ab239ab1fb0dc91f5f7f4566ccb4a03b",
    "timestamp_utc": "2024-06-02T00:27:25.192Z",
    "context_time": 1717288045192,
    "message_command_correlation_id": "xnOQy9N3Af8PZz4yLsmbrg==",
    "message_command_type": "TransferCommand",
    "message_device_type": "COMPUTER",
    "message_device_version": "harmony:4.42.0-2780565f/track-playback",
    "message_system_initiated": null,
    "message_target_device_brand": "spotify",
    "message_target_device_model": "web_player",
    "message_target_device_software_version": "harmony:4.42.0-2780565f/track-playback",
    "message_target_device_supports_command_acks": true,
    "message_target_device_type": "COMPUTER",
    "message_user_catalogue_string": "free"
  },
  {
    "message_context_uri": "spotify:playlist:3klHoHnflXy95Y8x4d3NIZ",
    "message_source_device_id": "34c03aacc68ff8ecb133fb182f446c84a97e7cc4",
    "message_source_ip_hash": "wQYQ+mE5xQcQxnXjQgNInw==",
    "message_target_device_id": "d0bb1674b9635ea57362db0c296e5d57f8c46e1d",
    "timestamp_utc": "2024-04-18T08:44:18.854Z",
    "context_time": 1713429858854,
    "message_command_correlation_id": "6ocEGUecs0qh6058ONwehw==",
    "message_command_type": "TransferCommand",
    "message_device_type": "SMARTPHONE",
    "message_device_version": "8.7.20.1261",
    "message_system_initiated": null,
    "message_target_device_brand": "spotify",
    "message_target_device_model": "web_player",
    "message_target_device_software_version": "harmony:4.41.0-7cd3d1d1/track-playback",
    "message_target_device_supports_command_acks": true,
    "message_target_device_type": "COMPUTER",
    "message_user_catalogue_string": "free"
  },
  {
    "message_context_uri": "spotify:playlist:3klHoHnflXy95Y8x4d3NIZ",
    "message_source_device_id": "2dc7123e8de6df5c627369fe1e7d1f7721fc927c",
    "message_source_ip_hash": "CgwCiskDMttAmWiUS8buSg==",
    "message_target_device_id": "2dc7123e8de6df5c627369fe1e7d1f7721fc927c",
    "timestamp_utc": "2024-04-04T17:55:11.034Z",
    "context_time": 1712253311034,
    "message_command_correlation_id": "fPbX+TUnzGQp1wiEM8hJsQ==",
    "message_command_type": "ResumeCommand",
    "message_device_type": "COMPUTER",
    "message_device_version": "harmony:4.41.0-7cd3d1d1/track-playback",
    "message_system_initiated": null,
    "message_target_device_brand": "spotify",
    "message_target_device_model": "web_player",
    "message_target_device_software_version": "harmony:4.41.0-7cd3d1d1/track-playback",
    "message_target_device_supports_command_acks": true,
    "message_target_device_type": "COMPUTER",
    "message_user_catalogue_string": "free"
  },
  {
    "message_context_uri": "spotify:search:tu%20he%20kahs%20",
    "message_source_device_id": "52dd27d7afec12b1431c5ed7e32c081415275afa",
    "message_source_ip_hash": "sn+rAG49HgHC2wP3bv6+Nw==",
    "message_target_device_id": "52dd27d7afec12b1431c5ed7e32c081415275afa",
    "timestamp_utc": "2024-05-28T19:01:43.492Z",
    "context_time": 1716922903492,
    "message_command_correlation_id": "CFTGGvlelPo9Ihsc7BP0Yw==",
    "message_command_type": "TransferCommand",
    "message_device_type": "COMPUTER",
    "message_device_version": "harmony:4.42.0-2780565f/track-playback",
    "message_system_initiated": null,
    "message_target_device_brand": "spotify",
    "message_target_device_model": "web_player",
    "message_target_device_software_version": "harmony:4.42.0-2780565f/track-playback",
    "message_target_device_supports_command_acks": true,
    "message_target_device_type": "COMPUTER",
    "message_user_catalogue_string": "free"
  },
  {
    "message_context_uri": "spotify:playlist:3klHoHnflXy95Y8x4d3NIZ",
    "message_source_device_id": "68956a6ebe141c7b20dbca62bfc1341516c69091",
    "message_source_ip_hash": "eZk28CIUnsrWzL2pQRwSsw==",
    "message_target_device_id": "68956a6ebe141c7b20dbca62bfc1341516c69091",
    "timestamp_utc": "2024-03-30T18:38:24.681Z",
    "context_time": 1711823904681,
    "message_command_correlation_id": "ODJu0Kp2YUsmiXJybxDoOQ==",
    "message_command_type": "ResumeCommand",
    "message_device_type": "COMPUTER",
    "message_device_version": "harmony:4.40.0-3be5ea84/track-playback",
    "message_system_initiated": null,
    "message_target_device_brand": "spotify",
    "message_target_device_model": "web_player",
    "message_target_device_software_version": "harmony:4.40.0-3be5ea84/track-playback",
    "message_target_device_supports_command_acks": true,
    "message_target_device_type": "COMPUTER",
    "message_user_catalogue_string": "free"
  },
  {
    "message_context_uri": "spotify:playlist:3klHoHnflXy95Y8x4d3NIZ",
    "message_source_device_id": "34c03aacc68ff8ecb133fb182f446c84a97e7cc4",
    "message_source_ip_hash": "88qUvtIo8XsbzWNQwoZCpA==",
    "message_target_device_id": "b009d849ddad858c5c00b7e8319c911d76690d8e",
    "timestamp_utc": "2024-03-05T21:24:11.706Z",
    "context_time": 1709673851706,
    "message_command_correlation_id": "+jx3pMz73m8+5/PQZu0RSA==",
    "message_command_type": "PauseCommand",
    "message_device_type": "SMARTPHONE",
    "message_device_version": "8.7.20.1261",
    "message_system_initiated": null,
    "message_target_device_brand": "Lenovo",
    "message_target_device_model": "Lenovo TB-8504X",
    "message_target_device_software_version": "8.7.20.1261",
    "message_target_device_supports_command_acks": true,
    "message_target_device_type": "TABLET",
    "message_user_catalogue_string": "free"
  },
  {
    "message_context_uri": "spotify:search",
    "message_source_device_id": "9097a05163a47a85eb9c86a62eef89c99e18cbde",
    "message_source_ip_hash": "w7c5LoiS7aiG9HipdGpcxQ==",
    "message_target_device_id": "9097a05163a47a85eb9c86a62eef89c99e18cbde",
    "timestamp_utc": "2024-05-31T22:05:22.782Z",
    "context_time": 1717193122782,
    "message_command_correlation_id": "jwaToBqmsHynR6kIwSjJtA==",
    "message_command_type": "ResumeCommand",
    "message_device_type": "COMPUTER",
    "message_device_version": "harmony:4.42.0-2780565f/track-playback",
    "message_system_initiated": null,
    "message_target_device_brand": "spotify",
    "message_target_device_model": "web_player",
    "message_target_device_software_version": "harmony:4.42.0-2780565f/track-playback",
    "message_target_device_supports_command_acks": true,
    "message_target_device_type": "COMPUTER",
    "message_user_catalogue_string": "free"
  },
  {
    "message_context_uri": "spotify:search:tu%20he%20kahs%20",
    "message_source_device_id": "52dd27d7afec12b1431c5ed7e32c081415275afa",
    "message_source_ip_hash": "sn+rAG49HgHC2wP3bv6+Nw==",
    "message_target_device_id": "52dd27d7afec12b1431c5ed7e32c081415275afa",
    "timestamp_utc": "2024-05-28T19:01:44.612Z",
    "context_time": 1716922904612,
    "message_command_correlation_id": "foZ+xONlVQ6tJz2sFnZ7TQ==",
    "message_command_type": "ResumeCommand",
    "message_device_type": "COMPUTER",
    "message_device_version": "harmony:4.42.0-2780565f/track-playback",
    "message_system_initiated": null,
    "message_target_device_brand": "spotify",
    "message_target_device_model": "web_player",
    "message_target_device_software_version": "harmony:4.42.0-2780565f/track-playback",
    "message_target_device_supports_command_acks": true,
    "message_target_device_type": "COMPUTER",
    "message_user_catalogue_string": "free"
  },
  {
    "message_context_uri": "spotify:search",
    "message_source_device_id": "b009d849ddad858c5c00b7e8319c911d76690d8e",
    "message_source_ip_hash": "w7c5LoiS7aiG9HipdGpcxQ==",
    "message_target_device_id": "34c03aacc68ff8ecb133fb182f446c84a97e7cc4",
    "timestamp_utc": "2024-06-02T23:09:22.181Z",
    "context_time": 1717369762181,
    "message_command_correlation_id": "Gf/686AHft5hpfWNlK8yhw==",
    "message_command_type": "ResumeCommand",
    "message_device_type": "TABLET",
    "message_device_version": "8.7.20.1261",
    "message_system_initiated": null,
    "message_target_device_brand": "realme",
    "message_target_device_model": "RMX3392",
    "message_target_device_software_version": "8.7.20.1261",
    "message_target_device_supports_command_acks": true,
    "message_target_device_type": "SMARTPHONE",
    "message_user_catalogue_string": "free"
  },
  {
    "message_context_uri": "spotify:search:tu%20he%20kahs%20",
    "message_source_device_id": "52bf878c4bcbb43935c18a9191c9e12d1dc2e168",
    "message_source_ip_hash": "sn+rAG49HgHC2wP3bv6+Nw==",
    "message_target_device_id": "52bf878c4bcbb43935c18a9191c9e12d1dc2e168",
    "timestamp_utc": "2024-05-28T19:47:51.590Z",
    "context_time": 1716925671590,
    "message_command_correlation_id": "OZS4nu+dY4XsvjM7MWsA8Q==",
    "message_command_type": "ResumeCommand",
    "message_device_type": "COMPUTER",
    "message_device_version": "harmony:4.42.0-2780565f/track-playback",
    "message_system_initiated": null,
    "message_target_device_brand": "spotify",
    "message_target_device_model": "web_player",
    "message_target_device_software_version": "harmony:4.42.0-2780565f/track-playback",
    "message_target_device_supports_command_acks": true,
    "message_target_device_type": "COMPUTER",
    "message_user_catalogue_string": "free"
  },
  {
    "message_context_uri": "spotify:playlist:3oK2pZZvkoK4EqYee9nxz8",
    "message_source_device_id": "88c32d862fde44865a3f36faa7b56d7c9aa5d0f4",
    "message_source_ip_hash": "w7c5LoiS7aiG9HipdGpcxQ==",
    "message_target_device_id": "88c32d862fde44865a3f36faa7b56d7c9aa5d0f4",
    "timestamp_utc": "2024-05-31T18:06:42.634Z",
    "context_time": 1717178802634,
    "message_command_correlation_id": "QbBMQnoFgNbYKHpaKe3W7A==",
    "message_command_type": "ResumeCommand",
    "message_device_type": "COMPUTER",
    "message_device_version": "harmony:4.42.0-2780565f/track-playback",
    "message_system_initiated": null,
    "message_target_device_brand": "spotify",
    "message_target_device_model": "web_player",
    "message_target_device_software_version": "harmony:4.42.0-2780565f/track-playback",
    "message_target_device_supports_command_acks": true,
    "message_target_device_type": "COMPUTER",
    "message_user_catalogue_string": "free"
  },
  {
    "message_context_uri": "spotify:playlist:3oK2pZZvkoK4EqYee9nxz8",
    "message_source_device_id": "b9758dac8106cde3bde911ca46f44b53efbb2967",
    "message_source_ip_hash": "wQYQ+mE5xQcQxnXjQgNInw==",
    "message_target_device_id": "b9758dac8106cde3bde911ca46f44b53efbb2967",
    "timestamp_utc": "2024-04-17T18:34:27.920Z",
    "context_time": 1713378867920,
    "message_command_correlation_id": "XJDRQAf0lHXFXAwI3f9nTg==",
    "message_command_type": "TransferCommand",
    "message_device_type": "COMPUTER",
    "message_device_version": "harmony:4.41.0-7cd3d1d1/track-playback",
    "message_system_initiated": null,
    "message_target_device_brand": "spotify",
    "message_target_device_model": "web_player",
    "message_target_device_software_version": "harmony:4.41.0-7cd3d1d1/track-playback",
    "message_target_device_supports_command_acks": true,
    "message_target_device_type": "COMPUTER",
    "message_user_catalogue_string": "free"
  },
  {
    "message_context_uri": "spotify:track:3zSSCPpLZ5Oc8nelhhGjKz",
    "message_source_device_id": "26a50264616248d21ce1b38ea42cb835d5d70121",
    "message_source_ip_hash": "w7c5LoiS7aiG9HipdGpcxQ==",
    "message_target_device_id": "26a50264616248d21ce1b38ea42cb835d5d70121",
    "timestamp_utc": "2024-06-02T08:51:34.428Z",
    "context_time": 1717318294428,
    "message_command_correlation_id": "V7RlDWXrXvglgphpU75LlA==",
    "message_command_type": "ResumeCommand",
    "message_device_type": "COMPUTER",
    "message_device_version": "harmony:4.42.0-2780565f/track-playback",
    "message_system_initiated": null,
    "message_target_device_brand": "spotify",
    "message_target_device_model": "web_player",
    "message_target_device_software_version": "harmony:4.42.0-2780565f/track-playback",
    "message_target_device_supports_command_acks": true,
    "message_target_device_type": "COMPUTER",
    "message_user_catalogue_string": "free"
  },
  {
    "message_context_uri": "spotify:search",
    "message_source_device_id": "cea6c54c9df6d1416947edb122d1b77efde80025",
    "message_source_ip_hash": "w7c5LoiS7aiG9HipdGpcxQ==",
    "message_target_device_id": "cea6c54c9df6d1416947edb122d1b77efde80025",
    "timestamp_utc": "2024-06-05T21:30:17.431Z",
    "context_time": 1717623017431,
    "message_command_correlation_id": "jDTZMbB/6X4+yBwn414s1g==",
    "message_command_type": "TransferCommand",
    "message_device_type": "COMPUTER",
    "message_device_version": "harmony:4.42.0-2780565f/track-playback",
    "message_system_initiated": null,
    "message_target_device_brand": "spotify",
    "message_target_device_model": "web_player",
    "message_target_device_software_version": "harmony:4.42.0-2780565f/track-playback",
    "message_target_device_supports_command_acks": true,
    "message_target_device_type": "COMPUTER",
    "message_user_catalogue_string": "free"
  }
]