[
  {
    "message_discovered_device_id": "34c03aacc68ff8ecb133fb182f446c84a97e7cc4",
    "message_discovered_device_name": "realme 9 Pro+",
    "timestamp_utc": "2024-05-28T19:21:56.761Z",
    "context_application_version": "web-player_2024-05-28_1716920683435_8d51a66",
    "context_conn_country": "IN",
    "context_device_manufacturer": null,
    "context_device_model": null,
    "context_device_type": null,
    "context_os_name": null,
    "context_os_version": null,
    "context_receiver_service_timestamp": 1716924121964,
    "context_time": 1716924116761,
    "context_user_agent": "Mozilla/5.0 (Windows NT 10.0; Win64; x64) AppleWebKit/537.36 (KHTML, like Gecko) Chrome/125.0.0.0 Safari/537.36",
    "message_discovered_device_brand_display_name": null,
    "message_discovered_device_is_active": true,
    "message_discovered_device_is_local": null,
    "message_discovered_device_model": null,
    "message_discovered_device_state": null,
    "message_discovered_device_type": "smartphone"
  },
  {
    "message_discovered_device_id": "52bf878c4bcbb43935c18a9191c9e12d1dc2e168",
    "message_discovered_device_name": "Web Player (Chrome)",
    "timestamp_utc": "2024-05-28T19:21:56.761Z",
    "context_application_version": "web-player_2024-05-28_1716920683435_8d51a66",
    "context_conn_country": "IN",
    "context_device_manufacturer": null,
    "context_device_model": null,
    "context_device_type": null,
    "context_os_name": null,
    "context_os_version": null,
    "context_receiver_service_timestamp": 1716924121964,
    "context_time": 1716924116761,
    "context_user_agent": "Mozilla/5.0 (Windows NT 10.0; Win64; x64) AppleWebKit/537.36 (KHTML, like Gecko) Chrome/125.0.0.0 Safari/537.36",
    "message_discovered_device_brand_display_name": null,
    "message_discovered_device_is_active": false,
    "message_discovered_device_is_local": null,
    "message_discovered_device_model": null,
    "message_discovered_device_state": null,
    "message_discovered_device_type": "computer"
  },
  {
    "message_discovered_device_id": "d0bb1674b9635ea57362db0c296e5d57f8c46e1d",
    "message_discovered_device_name": "Web Player (Chrome)",
    "timestamp_utc": "2024-04-18T08:44:26.270Z",
    "context_application_version": "8.7.20.1261",
    "context_conn_country": "IN",
    "context_device_manufacturer": "realme",
    "context_device_model": "RMX3392",
    "context_device_type": "mobile",
    "context_os_name": "android",
    "context_os_version": "13",
    "context_receiver_service_timestamp": 1713429888000,
    "context_time": 1713429866270,
    "context_user_agent": null,
    "message_discovered_device_brand_display_name": "spotify",
    "message_discovered_device_is_active": true,
    "message_discovered_device_is_local": true,
    "message_discovered_device_model": "web_player",
    "message_discovered_device_state": "LOGGED_IN",
    "message_discovered_device_type": "COMPUTER"
  },
  {
    "message_discovered_device_id": "d0bb1674b9635ea57362db0c296e5d57f8c46e1d",
    "message_discovered_device_name": "Web Player (Chrome)",
    "timestamp_utc": "2024-04-18T09:16:30.978Z",
    "context_application_version": "8.7.20.1261",
    "context_conn_country": "IN",
    "context_device_manufacturer": "realme",
    "context_device_model": "RMX3392",
    "context_device_type": "mobile",
    "context_os_name": "android",
    "context_os_version": "13",
    "context_receiver_service_timestamp": 1713431807469,
    "context_time": 1713431790978,
    "context_user_agent": null,
    "message_discovered_device_brand_display_name": "spotify",
    "message_discovered_device_is_active": false,
    "message_discovered_device_is_local": true,
    "message_discovered_device_model": "web_player",
    "message_discovered_device_state": "CONNECTING",
    "message_discovered_device_type": "COMPUTER"
  },
  {
    "message_discovered_device_id": "34c03aacc68ff8ecb133fb182f446c84a97e7cc4",
    "message_discovered_device_name": "realme 9 Pro+",
    "timestamp_utc": "2024-05-28T19:21:51.239Z",
    "context_application_version": "web-player_2024-05-28_1716920683435_8d51a66",
    "context_conn_country": "IN",
    "context_device_manufacturer": null,
    "context_device_model": null,
    "context_device_type": null,
    "context_os_name": null,
    "context_os_version": null,
    "context_receiver_service_timestamp": 1716924112262,
    "context_time": 1716924111239,
    "context_user_agent": "Mozilla/5.0 (Windows NT 10.0; Win64; x64) AppleWebKit/537.36 (KHTML, like Gecko) Chrome/125.0.0.0 Safari/537.36",
    "message_discovered_device_brand_display_name": null,
    "message_discovered_device_is_active": true,
    "message_discovered_device_is_local": null,
    "message_discovered_device_model": null,
    "message_discovered_device_state": null,
    "message_discovered_device_type": "smartphone"
  },
  {
    "message_discovered_device_id": "34c03aacc68ff8ecb133fb182f446c84a97e7cc4",
    "message_discovered_device_name": "RMX3392",
    "timestamp_utc": "2024-04-18T09:16:30.976Z",
    "context_application_version": "8.7.20.1261",
    "context_conn_country": "IN",
    "context_device_manufacturer": "realme",
    "context_device_model": "RMX3392",
    "context_device_type": "mobile",
    "context_os_name": "android",
    "context_os_version": "13",
    "context_receiver_service_timestamp": 1713431807469,
    "context_time": 1713431790976,
    "context_user_agent": null,
    "message_discovered_device_brand_display_name": "realme",
    "message_discovered_device_is_active": true,
    "message_discovered_device_is_local": true,
    "message_discovered_device_model": "RMX3392",
    "message_discovered_device_state": "LOGGED_IN",
    "message_discovered_device_type": "SMARTPHONE"
  },
  {
    "message_discovered_device_id": "34c03aacc68ff8ecb133fb182f446c84a97e7cc4",
    "message_discovered_device_name": "RMX3392",
    "timestamp_utc": "2024-04-18T06:07:59.185Z",
    "context_application_version": "web-player_2024-04-18_1713413506061_da0ecf4",
    "context_conn_country": "IN",
    "context_device_manufacturer": null,
    "context_device_model": null,
    "context_device_type": null,
    "context_os_name": null,
    "context_os_version": null,
    "context_receiver_service_timestamp": 1713420483283,
    "context_time": 1713420479185,
    "context_user_agent": "Mozilla/5.0 (Windows NT 10.0; Win64; x64) AppleWebKit/537.36 (KHTML, like Gecko) Chrome/124.0.0.0 Safari/537.36",
    "message_discovered_device_brand_display_name": null,
    "message_discovered_device_is_active": true,
    "message_discovered_device_is_local": null,
    "message_discovered_device_model": null,
    "message_discovered_device_state": null,
    "message_discovered_device_type": "smartphone"
  },
  {
    "message_discovered_device_id": "d0bb1674b9635ea57362db0c296e5d57f8c46e1d",
    "message_discovered_device_name": "Web Player (Chrome)",
    "timestamp_utc": "2024-04-18T06:07:59.185Z",
    "context_application_version": "web-player_2024-04-18_1713413506061_da0ecf4",
    "context_conn_country": "IN",
    "context_device_manufacturer": null,
    "context_device_model": null,
    "context_device_type": null,
    "context_os_name": null,
    "context_os_version": null,
    "context_receiver_service_timestamp": 1713420483283,
    "context_time": 1713420479185,
    "context_user_agent": "Mozilla/5.0 (Windows NT 10.0; Win64; x64) AppleWebKit/537.36 (KHTML, like Gecko) Chrome/124.0.0.0 Safari/537.36",
    "message_discovered_device_brand_display_name": null,
    "message_discovered_device_is_active": false,
    "message_discovered_device_is_local": null,
    "message_discovered_device_model": null,
    "message_discovered_device_state": null,
    "message_discovered_device_type": "computer"
  },
  {
    "message_discovered_device_id": "88c32d862fde44865a3f36faa7b56d7c9aa5d0f4",
    "message_discovered_device_name": "Web Player (Chrome)",
    "timestamp_utc": "2024-05-31T19:20:25.153Z",
    "context_application_version": "web-player_2024-05-31_1717175061327_2f4b769",
    "context_conn_country": "IN",
    "context_device_manufacturer": null,
    "context_device_model": null,
    "context_device_type": null,
    "context_os_name": null,
    "context_os_version": null,
    "context_receiver_service_timestamp": 1717183226197,
    "context_time": 1717183225153,
    "context_user_agent": "Mozilla/5.0 (Windows NT 10.0; Win64; x64) AppleWebKit/537.36 (KHTML, like Gecko) Chrome/125.0.0.0 Safari/537.36",
    "message_discovered_device_brand_display_name": null,
    "message_discovered_device_is_active": true,
    "message_discovered_device_is_local": null,
    "message_discovered_device_model": null,
    "message_discovered_device_state": null,
    "message_discovered_device_type": "computer"
  },
  {
    "message_discovered_device_id": "34c03aacc68ff8ecb133fb182f446c84a97e7cc4",
    "message_discovered_device_name": "RMX3392",
    "timestamp_utc": "2024-04-18T08:44:26.268Z",
    "context_application_version": "8.7.20.1261",
    "context_conn_country": "IN",
    "context_device_manufacturer": "realme",
    "context_device_model": "RMX3392",
    "context_device_type": "mobile",
    "context_os_name": "android",
    "context_os_version": "13",
    "context_receiver_service_timestamp": 1713429888000,
    "context_time": 1713429866268,
    "context_user_agent": null,
    "message_discovered_device_brand_display_name": "realme",
    "message_discovered_device_is_active": false,
    "message_discovered_device_is_local": true,
    "message_discovered_device_model": "RMX3392",
    "message_discovered_device_state": "LOGGED_IN",
    "message_discovered_device_type": "SMARTPHONE"
  },
  {
    "message_discovered_device_id": "52bf878c4bcbb43935c18a9191c9e12d1dc2e168",
    "message_discovered_device_name": "Web Player (Chrome)",
    "timestamp_utc": "2024-05-28T19:21:51.239Z",
    "context_application_version": "web-player_2024-05-28_1716920683435_8d51a66",
    "context_conn_country": "IN",
    "context_device_manufacturer": null,
    "context_device_model": null,
    "context_device_type": null,
    "context_os_name": null,
    "context_os_version": null,
    "context_receiver_service_timestamp": 1716924112262,
    "context_time": 1716924111239,
    "context_user_agent": "Mozilla/5.0 (Windows NT 10.0; Win64; x64) AppleWebKit/537.36 (KHTML, like Gecko) Chrome/125.0.0.0 Safari/537.36",
    "message_discovered_device_brand_display_name": null,
    "message_discovered_device_is_active": false,
    "message_discovered_device_is_local": null,
    "message_discovered_device_model": null,
    "message_discovered_device_state": null,
    "message_discovered_device_type": "computer"
  }
]