[
  {
    "message_active_device_id": "624b80bca9966129d0f8c3c2e8eb3137761d992b",
    "timestamp_utc": "2024-06-02T11:09:29.367Z",
    "context_application_version": "8.7.20.1261",
    "context_conn_country": "IN",
    "context_device_manufacturer": "realme",
    "context_device_model": "RMX3392",
    "context_device_type": "mobile",
    "context_os_name": "android",
    "context_os_version": "14",
    "context_receiver_service_timestamp": 1717326599249,
    "context_time": 1717326569367,
    "message_action": "remote_volume_received",
    "message_action_parameter": "core",
    "message_application_state": "background_lockscreen",
    "message_current_route_type": null,
    "message_is_social_connect": null,
    "message_old_volume": null,
    "message_social_connect_session_id": null,
    "message_volume": 1
  },
  {
    "message_active_device_id": "34c03aacc68ff8ecb133fb182f446c84a97e7cc4",
    "timestamp_utc": "2024-06-02T23:09:20.409Z",
    "context_application_version": "8.7.20.1261",
    "context_conn_country": "IN",
    "context_device_manufacturer": "LENOVO",
    "context_device_model": "Lenovo TB-8504X",
    "context_device_type": "tablet",
    "context_os_name": "android",
    "context_os_version": "8.1.0",
    "context_receiver_service_timestamp": 1717409883842,
    "context_time": 1717369760409,
    "message_action": "remote_volume_received",
    "message_action_parameter": "core",
    "message_application_state": "foreground",
    "message_current_route_type": null,
    "message_is_social_connect": null,
    "message_old_volume": null,
    "message_social_connect_session_id": null,
    "message_volume": 1
  },
  {
    "message_active_device_id": "52dd27d7afec12b1431c5ed7e32c081415275afa",
    "timestamp_utc": "2024-05-28T19:01:43.635Z",
    "context_application_version": "8.7.20.1261",
    "context_conn_country": "IN",
    "context_device_manufacturer": "realme",
    "context_device_model": "RMX3392",
    "context_device_type": "mobile",
    "context_os_name": "android",
    "context_os_version": "14",
    "context_receiver_service_timestamp": 1716922927835,
    "context_time": 1716922903635,
    "message_action": "remote_volume_received",
    "message_action_parameter": "core",
    "message_application_state": "background_lockscreen",
    "message_current_route_type": null,
    "message_is_social_connect": null,
    "message_old_volume": null,
    "message_social_connect_session_id": null,
    "message_volume": 1
  },
  {
    "message_active_device_id": "15281e7a8a9a03f82952a0480ef22124b6f8e645",
    "timestamp_utc": "2024-03-21T19:10:59.902Z",
    "context_application_version": "8.7.20.1261",
    "context_conn_country": "IN",
    "context_device_manufacturer": "realme",
    "context_device_model": "RMX3392",
    "context_device_type": "mobile",
    "context_os_name": "android",
    "context_os_version": "13",
    "context_receiver_service_timestamp": 1711048269354,
    "context_time": 1711048259902,
    "message_action": "remote_volume_received",
    "message_action_parameter": "core",
    "message_application_state": "background_lockscreen",
    "message_current_route_type": null,
    "message_is_social_connect": null,
    "message_old_volume": null,
    "message_social_connect_session_id": null,
    "message_volume": 1
  },
  {
    "message_active_device_id": "d0bb1674b9635ea57362db0c296e5d57f8c46e1d",
    "timestamp_utc": "2024-04-18T06:08:01.061Z",
    "context_application_version": "8.7.20.1261",
    "context_conn_country": "IN",
    "context_device_manufacturer": "realme",
    "context_device_model": "RMX3392",
    "context_device_type": "mobile",
    "context_os_name": "android",
    "context_os_version": "13",
    "context_receiver_service_timestamp": 1713420616840,
    "context_time": 1713420481061,
    "message_action": "remote_volume_received",
    "message_action_parameter": "core",
    "message_application_state": "background_lockscreen",
    "message_current_route_type": null,
    "message_is_social_connect": null,
    "message_old_volume": null,
    "message_social_connect_session_id": null,
    "message_volume": 1
  },
  {
    "message_active_device_id": "34c03aacc68ff8ecb133fb182f446c84a97e7cc4",
    "timestamp_utc": "2024-05-06T17:52:08.120Z",
    "context_application_version": "8.7.20.1261",
    "context_conn_country": "IN",
    "context_device_manufacturer": "LENOVO",
    "context_device_model": "Lenovo TB-8504X",
    "context_device_type": "tablet",
    "context_os_name": "android",
    "context_os_version": "8.1.0",
    "context_receiver_service_timestamp": 1715018044827,
    "context_time": 1715017928120,
    "message_action": "remote_volume_received",
    "message_action_parameter": "core",
    "message_application_state": "background_lockscreen",
    "message_current_route_type": null,
    "message_is_social_connect": null,
    "message_old_volume": null,
    "message_social_connect_session_id": null,
    "message_volume": 1
  },
  {
    "message_active_device_id": "34c03aacc68ff8ecb133fb182f446c84a97e7cc4",
    "timestamp_utc": "2024-05-02T18:33:03.923Z",
    "context_application_version": "8.7.20.1261",
    "context_conn_country": "IN",
    "context_device_manufacturer": "LENOVO",
    "context_device_model": "Lenovo TB-8504X",
    "context_device_type": "tablet",
    "context_os_name": "android",
    "context_os_version": "8.1.0",
    "context_receiver_service_timestamp": 1714674798794,
    "context_time": 1714674783923,
    "message_action": "remote_volume_received",
    "message_action_parameter": "core",
    "message_application_state": "background_lockscreen",
    "message_current_route_type": null,
    "message_is_social_connect": null,
    "message_old_volume": null,
    "message_social_connect_session_id": null,
    "message_volume": 1
  },
  {
    "message_active_device_id": "52bf878c4bcbb43935c18a9191c9e12d1dc2e168",
    "timestamp_utc": "2024-05-28T19:38:05.882Z",
    "context_application_version": "8.7.20.1261",
    "context_conn_country": "IN",
    "context_device_manufacturer": "realme",
    "context_device_model": "RMX3392",
    "context_device_type": "mobile",
    "context_os_name": "android",
    "context_os_version": "14",
    "context_receiver_service_timestamp": 1716929789072,
    "context_time": 1716925085882,
    "message_action": "remote_volume_received",
    "message_action_parameter": "core",
    "message_application_state": "background_lockscreen",
    "message_current_route_type": null,
    "message_is_social_connect": null,
    "message_old_volume": 1,
    "message_social_connect_session_id": null,
    "message_volume": 1
  },
  {
    "message_active_device_id": "b009d849ddad858c5c00b7e8319c911d76690d8e",
    "timestamp_utc": "2024-05-02T18:33:02.085Z",
    "context_application_version": "8.7.20.1261",
    "context_conn_country": "IN",
    "context_device_manufacturer": "realme",
    "context_device_model": "RMX3392",
    "context_device_type": "mobile",
    "context_os_name": "android",
    "context_os_version": "14",
    "context_receiver_service_timestamp": 1714674837951,
    "context_time": 1714674782085,
    "message_action": "remote_volume_received",
    "message_action_parameter": "core",
    "message_application_state": "foreground",
    "message_current_route_type": null,
    "message_is_social_connect": null,
    "message_old_volume": null,
    "message_social_connect_session_id": null,
    "message_volume": 1
  },
  {
    "message_active_device_id": "624b80bca9966129d0f8c3c2e8eb3137761d992b",
    "timestamp_utc": "2024-06-02T11:09:06.185Z",
    "context_application_version": "8.7.20.1261",
    "context_conn_country": "IN",
    "context_device_manufacturer": "realme",
    "context_device_model": "RMX3392",
    "context_device_type": "mobile",
    "context_os_name": "android",
    "context_os_version": "14",
    "context_receiver_service_timestamp": 1717326597504,
    "context_time": 1717326546185,
    "message_action": "remote_volume_received",
    "message_action_parameter": "core",
    "message_application_state": "background_lockscreen",
    "message_current_route_type": null,
    "message_is_social_connect": null,
    "message_old_volume": null,
    "message_social_connect_session_id": null,
    "message_volume": 1
  },
  {
    "message_active_device_id": "b009d849ddad858c5c00b7e8319c911d76690d8e",
    "timestamp_utc": "2024-05-02T18:33:02.141Z",
    "context_application_version": "8.7.20.1261",
    "context_conn_country": "IN",
    "context_device_manufacturer": "realme",
    "context_device_model": "RMX3392",
    "context_device_type": "mobile",
    "context_os_name": "android",
    "context_os_version": "14",
    "context_receiver_service_timestamp": 1714674837951,
    "context_time": 1714674782141,
    "message_action": "system_volume_updated",
    "message_action_parameter": "volume_set",
    "message_application_state": "foreground",
    "message_current_route_type": null,
    "message_is_social_connect": null,
    "message_old_volume": 0.5,
    "message_social_connect_session_id": null,
    "message_volume": 0.5625
  },
  {
    "message_active_device_id": "d0bb1674b9635ea57362db0c296e5d57f8c46e1d",
    "timestamp_utc": "2024-04-18T07:37:55.575Z",
    "context_application_version": "8.7.20.1261",
    "context_conn_country": "IN",
    "context_device_manufacturer": "realme",
    "context_device_model": "RMX3392",
    "context_device_type": "mobile",
    "context_os_name": "android",
    "context_os_version": "13",
    "context_receiver_service_timestamp": 1713425906523,
    "context_time": 1713425875575,
    "message_action": "remote_volume_received",
    "message_action_parameter": "core",
    "message_application_state": "foreground",
    "message_current_route_type": null,
    "message_is_social_connect": null,
    "message_old_volume": 1,
    "message_social_connect_session_id": null,
    "message_volume": 1
  },
  {
    "message_active_device_id": "fc19acd069be2af647153391ee6aca83762d761c",
    "timestamp_utc": "2024-06-04T23:17:45.336Z",
    "context_application_version": "8.7.20.1261",
    "context_conn_country": "IN",
    "context_device_manufacturer": "realme",
    "context_device_model": "RMX3392",
    "context_device_type": "mobile",
    "context_os_name": "android",
    "context_os_version": "14",
    "context_receiver_service_timestamp": 1717543085241,
    "context_time": 1717543065336,
    "message_action": "system_volume_updated",
    "message_action_parameter": "volume_set",
    "message_application_state": "background_lockscreen",
    "message_current_route_type": null,
    "message_is_social_connect": null,
    "message_old_volume": 0.5,
    "message_social_connect_session_id": null,
    "message_volume": 0.625
  },
  {
    "message_active_device_id": "fc19acd069be2af647153391ee6aca83762d761c",
    "timestamp_utc": "2024-06-04T23:15:53.831Z",
    "context_application_version": "8.7.20.1261",
    "context_conn_country": "IN",
    "context_device_manufacturer": "realme",
    "context_device_model": "RMX3392",
    "context_device_type": "mobile",
    "context_os_name": "android",
    "context_os_version": "14",
    "context_receiver_service_timestamp": 1717543008941,
    "context_time": 1717542953831,
    "message_action": "remote_volume_received",
    "message_action_parameter": "core",
    "message_application_state": "background_lockscreen",
    "message_current_route_type": null,
    "message_is_social_connect": null,
    "message_old_volume": null,
    "message_social_connect_session_id": null,
    "message_volume": 1
  },
  {
    "message_active_device_id": "52dd27d7afec12b1431c5ed7e32c081415275afa",
    "timestamp_utc": "2024-05-28T19:03:34.124Z",
    "context_application_version": "8.7.20.1261",
    "context_conn_country": "IN",
    "context_device_manufacturer": "realme",
    "context_device_model": "RMX3392",
    "context_device_type": "mobile",
    "context_os_name": "android",
    "context_os_version": "14",
    "context_receiver_service_timestamp": 1716923025118,
    "context_time": 1716923014124,
    "message_action": "system_volume_updated",
    "message_action_parameter": "volume_set",
    "message_application_state": "background_lockscreen",
    "message_current_route_type": null,
    "message_is_social_connect": null,
    "message_old_volume": 0,
    "message_social_connect_session_id": null,
    "message_volume": 0.4375
  },
  {
    "message_active_device_id": "52dd27d7afec12b1431c5ed7e32c081415275afa",
    "timestamp_utc": "2024-05-28T19:18:03.737Z",
    "context_application_version": "8.7.20.1261",
    "context_conn_country": "IN",
    "context_device_manufacturer": "realme",
    "context_device_model": "RMX3392",
    "context_device_type": "mobile",
    "context_os_name": "android",
    "context_os_version": "14",
    "context_receiver_service_timestamp": 1716923911289,
    "context_time": 1716923883737,
    "message_action": "system_volume_updated",
    "message_action_parameter": "volume_set",
    "message_application_state": "background_lockscreen",
    "message_current_route_type": null,
    "message_is_social_connect": null,
    "message_old_volume": 0.4375,
    "message_social_connect_session_id": null,
    "message_volume": 0
  },
  {
    "message_active_device_id": "d0bb1674b9635ea57362db0c296e5d57f8c46e1d",
    "timestamp_utc": "2024-04-18T08:44:18.947Z",
    "context_application_version": "8.7.20.1261",
    "context_conn_country": "IN",
    "context_device_manufacturer": "realme",
    "context_device_model": "RMX3392",
    "context_device_type": "mobile",
    "context_os_name": "android",
    "context_os_version": "13",
    "context_receiver_service_timestamp": 1713429887347,
    "context_time": 1713429858947,
    "message_action": "remote_volume_received",
    "message_action_parameter": "core",
    "message_application_state": "foreground",
    "message_current_route_type": null,
    "message_is_social_connect": null,
    "message_old_volume": 1,
    "message_social_connect_session_id": null,
    "message_volume": 1
  }
]