[
  {
    "message_target_device_id": "d0bb1674b9635ea57362db0c296e5d57f8c46e1d",
    "timestamp_utc": "2024-04-18T08:44:18.667Z",
    "context_application_version": "8.7.20.1261",
    "context_conn_country": "IN",
    "context_device_manufacturer": "realme",
    "context_device_model": "RMX3392",
    "context_device_type": "mobile",
    "context_os_name": "android",
    "context_os_version": "13",
    "context_receiver_service_timestamp": 1713429887110,
    "context_time": 1713429858667,
    "message_add_user_duration": null,
    "message_device_brand": "spotify",
    "message_device_model": "web_player",
    "message_device_software_version": "harmony:4.41.0-7cd3d1d1/track-playback",
    "message_device_type": "computer",
    "message_discovery_class": "logged_in",
    "message_duration": 858,
    "message_error_code": "",
    "message_final_device_state": "logged_in",
    "message_final_transfer_state": null,
    "message_http_response_code": 0,
    "message_initial_device_state": "logged_in",
    "message_login_duration": 0,
    "message_login_error_codes": [
    ],
    "message_login_retry_count": 0,
    "message_result": "success",
    "message_retry_count": 0,
    "message_target_device_is_group": null,
    "message_target_device_is_local": true,
    "message_transfer_intent_id": "db727a1ce9da9100f97bc4a160a6658d"
  },
  {
    "message_target_device_id": "d0bb1674b9635ea57362db0c296e5d57f8c46e1d",
    "timestamp_utc": "2024-04-18T09:16:31.697Z",
    "context_application_version": "8.7.20.1261",
    "context_conn_country": "IN",
    "context_device_manufacturer": "realme",
    "context_device_model": "RMX3392",
    "context_device_type": "mobile",
    "context_os_name": "android",
    "context_os_version": "13",
    "context_receiver_service_timestamp": 1713431807469,
    "context_time": 1713431791697,
    "message_add_user_duration": null,
    "message_device_brand": "spotify",
    "message_device_model": "web_player",
    "message_device_software_version": "harmony:4.41.0-7cd3d1d1/track-playback",
    "message_device_type": "computer",
    "message_discovery_class": "logged_in",
    "message_duration": 838,
    "message_error_code": "",
    "message_final_device_state": "logged_in",
    "message_final_transfer_state": null,
    "message_http_response_code": 0,
    "message_initial_device_state": "logged_in",
    "message_login_duration": 0,
    "message_login_error_codes": [
    ],
    "message_login_retry_count": 0,
    "message_result": "success",
    "message_retry_count": 0,
    "message_target_device_is_group": null,
    "message_target_device_is_local": true,
    "message_transfer_intent_id": "522f24c041a53d28da0b35c8a55e9732"
  },
  {
    "message_target_device_id": "b009d849ddad858c5c00b7e8319c911d76690d8e",
    "timestamp_utc": "2023-12-21T19:46:44.847Z",
    "context_application_version": "8.7.20.1261",
    "context_conn_country": "IN",
    "context_device_manufacturer": "realme",
    "context_device_model": "RMX3392",
    "context_device_type": null,
    "context_os_name": "android",
    "context_os_version": "13",
    "context_receiver_service_timestamp": 1703188028218,
    "context_time": 1703188004847,
    "message_add_user_duration": null,
    "message_device_brand": "Lenovo",
    "message_device_model": "Lenovo TB-8504X",
    "message_device_software_version": "8.7.20.1261",
    "message_device_type": "tablet",
    "message_discovery_class": "logged_in",
    "message_duration": 869,
    "message_error_code": "",
    "message_final_device_state": "logged_in",
    "message_final_transfer_state": null,
    "message_http_response_code": 0,
    "message_initial_device_state": "logged_in",
    "message_login_duration": 0,
    "message_login_error_codes": [
    ],
    "message_login_retry_count": 0,
    "message_result": "success",
    "message_retry_count": 0,
    "message_target_device_is_group": null,
    "message_target_device_is_local": true,
    "message_transfer_intent_id": "06284e6ef33346614bce82b902a07bb9"
  }
]