[
  {
    "message_short_link": null,
    "timestamp_utc": "2024-03-09T18:24:43.451Z",
    "context_application_version": "8.7.20.1261",
    "context_conn_country": "IN",
    "context_device_manufacturer": "realme",
    "context_device_model": "RMX3392",
    "context_device_type": null,
    "context_os_name": "android",
    "context_os_version": "13",
    "context_receiver_service_timestamp": 1710008714265,
    "context_time": 1710008683451,
    "context_user_agent": null,
    "message_deeplink_session_id": "6beeb6aa-5403-48ba-9ba0-59185b7e8683",
    "message_entity_uri": "spotify:playlist:1pY8pEMZRfz6xQOlDo0I93:play",
    "message_link": "spotify:playlist:1pY8pEMZRfz6xQOlDo0I93:play",
    "message_shortlink_source": null,
    "message_source": "app_shortcut"
  },
  {
    "message_short_link": null,
    "timestamp_utc": "2024-02-28T19:52:43.520Z",
    "context_application_version": "8.7.20.1261",
    "context_conn_country": "IN",
    "context_device_manufacturer": "realme",
    "context_device_model": "RMX3392",
    "context_device_type": null,
    "context_os_name": "android",
    "context_os_version": "13",
    "context_receiver_service_timestamp": 1709149977815,
    "context_time": 1709149963520,
    "context_user_agent": null,
    "message_deeplink_session_id": "c1d2f4a8-b442-425f-806c-8d31bfbec2ed",
    "message_entity_uri": "spotify:station:playlist:3klHoHnflXy95Y8x4d3NIZ",
    "message_link": "spotify:station:playlist:3klHoHnflXy95Y8x4d3NIZ",
    "message_shortlink_source": null,
    "message_source": "android-app://com.spotify.music"
  },
  {
    "message_short_link": null,
    "timestamp_utc": "2024-03-14T11:10:34.359Z",
    "context_application_version": "8.7.20.1261",
    "context_conn_country": "IN",
    "context_device_manufacturer": "realme",
    "context_device_model": "RMX3392",
    "context_device_type": "mobile",
    "context_os_name": "android",
    "context_os_version": "13",
    "context_receiver_service_timestamp": 1710414664548,
    "context_time": 1710414634359,
    "context_user_agent": null,
    "message_deeplink_session_id": "ef8b2e73-bffd-4c91-acc4-ea0804648d6b",
    "message_entity_uri": "spotify:playlist:3klHoHnflXy95Y8x4d3NIZ:play",
    "message_link": "spotify:playlist:3klHoHnflXy95Y8x4d3NIZ:play",
    "message_shortlink_source": null,
    "message_source": "app_shortcut"
  },
  {
    "message_short_link": null,
    "timestamp_utc": "2024-04-06T18:58:54.372Z",
    "context_application_version": "8.7.20.1261",
    "context_conn_country": "IN",
    "context_device_manufacturer": "realme",
    "context_device_model": "RMX3392",
    "context_device_type": "mobile",
    "context_os_name": "android",
    "context_os_version": "13",
    "context_receiver_service_timestamp": 1712429965200,
    "context_time": 1712429934372,
    "context_user_agent": null,
    "message_deeplink_session_id": "821e9475-038c-4f65-a0cf-5752bb18a6c5",
    "message_entity_uri": "spotify:playlist:3klHoHnflXy95Y8x4d3NIZ:play",
    "message_link": "spotify:playlist:3klHoHnflXy95Y8x4d3NIZ:play",
    "message_shortlink_source": null,
    "message_source": "app_shortcut"
  },
  {
    "message_short_link": null,
    "timestamp_utc": "2024-05-18T21:14:11.623Z",
    "context_application_version": "8.7.20.1261",
    "context_conn_country": "IN",
    "context_device_manufacturer": "realme",
    "context_device_model": "RMX3392",
    "context_device_type": "mobile",
    "context_os_name": "android",
    "context_os_version": "14",
    "context_receiver_service_timestamp": 1716066856923,
    "context_time": 1716066851623,
    "context_user_agent": null,
    "message_deeplink_session_id": "6870c877-cac2-47f4-b1f6-d291fad59f7a",
    "message_entity_uri": "spotify:playlist:3klHoHnflXy95Y8x4d3NIZ:play",
    "message_link": "spotify:playlist:3klHoHnflXy95Y8x4d3NIZ:play",
    "message_shortlink_source": null,
    "message_source": "app_shortcut"
  },
  {
    "message_short_link": null,
    "timestamp_utc": "2024-04-06T13:56:43.787Z",
    "context_application_version": "web-player_2024-04-06_1712398192972_ec764ca",
    "context_conn_country": "IN",
    "context_device_manufacturer": null,
    "context_device_model": null,
    "context_device_type": null,
    "context_os_name": null,
    "context_os_version": null,
    "context_receiver_service_timestamp": 1713378848526,
    "context_time": 1712411803787,
    "context_user_agent": "Mozilla/5.0 (Windows NT 10.0; Win64; x64) AppleWebKit/537.36 (KHTML, like Gecko) Chrome/123.0.0.0 Safari/537.36",
    "message_deeplink_session_id": "9aaf6659e1854eb6",
    "message_entity_uri": null,
    "message_link": "https://open.spotify.com/preferences",
    "message_shortlink_source": null,
    "message_source": "Mozilla/5.0 (Windows NT 10.0; Win64; x64) AppleWebKit/537.36 (KHTML, like Gecko) Chrome/123.0.0.0 Safari/537.36"
  },
  {
    "message_short_link": null,
    "timestamp_utc": "2024-05-26T21:35:35.587Z",
    "context_application_version": "8.7.20.1261",
    "context_conn_country": "IN",
    "context_device_manufacturer": "realme",
    "context_device_model": "RMX3392",
    "context_device_type": "mobile",
    "context_os_name": "android",
    "context_os_version": "14",
    "context_receiver_service_timestamp": 1716759367122,
    "context_time": 1716759335587,
    "context_user_agent": null,
    "message_deeplink_session_id": "fbd2dede-543b-4274-b364-a8e3ce3f72bf",
    "message_entity_uri": "spotify:home",
    "message_link": "spotify:home",
    "message_shortlink_source": null,
    "message_source": "android-app://com.android.launcher"
  },
  {
    "message_short_link": null,
    "timestamp_utc": "2024-03-07T18:34:16.690Z",
    "context_application_version": "8.7.20.1261",
    "context_conn_country": "IN",
    "context_device_manufacturer": "realme",
    "context_device_model": "RMX3392",
    "context_device_type": null,
    "context_os_name": "android",
    "context_os_version": "13",
    "context_receiver_service_timestamp": 1709836488169,
    "context_time": 1709836456690,
    "context_user_agent": null,
    "message_deeplink_session_id": "6cac1d8c-9074-4163-a275-d7c8e487520c",
    "message_entity_uri": "spotify:playlist:3klHoHnflXy95Y8x4d3NIZ:play",
    "message_link": "spotify:playlist:3klHoHnflXy95Y8x4d3NIZ:play",
    "message_shortlink_source": null,
    "message_source": "app_shortcut"
  },
  {
    "message_short_link": null,
    "timestamp_utc": "2024-04-06T12:41:27.792Z",
    "context_application_version": "web-player_2024-04-06_1712398192972_ec764ca",
    "context_conn_country": "IN",
    "context_device_manufacturer": null,
    "context_device_model": null,
    "context_device_type": null,
    "context_os_name": null,
    "context_os_version": null,
    "context_receiver_service_timestamp": 1712407300545,
    "context_time": 1712407287792,
    "context_user_agent": "Mozilla/5.0 (Windows NT 10.0; Win64; x64) AppleWebKit/537.36 (KHTML, like Gecko) Chrome/123.0.0.0 Safari/537.36",
    "message_deeplink_session_id": "e25c5ffff69240e1",
    "message_entity_uri": "spotify:episode:0jRdZaOpdASt4m9jNBUlqg",
    "message_link": "https://open.spotify.com/episode/0jRdZaOpdASt4m9jNBUlqg?t=15",
    "message_shortlink_source": null,
    "message_source": "Mozilla/5.0 (Windows NT 10.0; Win64; x64) AppleWebKit/537.36 (KHTML, like Gecko) Chrome/123.0.0.0 Safari/537.36"
  },
  {
    "message_short_link": null,
    "timestamp_utc": "2024-02-20T19:53:47.074Z",
    "context_application_version": "8.7.20.1261",
    "context_conn_country": "IN",
    "context_device_manufacturer": "realme",
    "context_device_model": "RMX3392",
    "context_device_type": null,
    "context_os_name": "android",
    "context_os_version": "13",
    "context_receiver_service_timestamp": 1708458843873,
    "context_time": 1708458827074,
    "context_user_agent": null,
    "message_deeplink_session_id": "481df66f-0ed5-4867-9ae5-50b512cde053",
    "message_entity_uri": "spotify:playlist:37i9dQZF1E8IdLPEIFZmJT",
    "message_link": "spotify:playlist:37i9dQZF1E8IdLPEIFZmJT",
    "message_shortlink_source": null,
    "message_source": "android-app://com.spotify.music"
  },
  {
    "message_short_link": null,
    "timestamp_utc": "2024-06-02T09:16:03.548Z",
    "context_application_version": "8.7.20.1261",
    "context_conn_country": "IN",
    "context_device_manufacturer": "realme",
    "context_device_model": "RMX3392",
    "context_device_type": "mobile",
    "context_os_name": "android",
    "context_os_version": "14",
    "context_receiver_service_timestamp": 1717319912348,
    "context_time": 1717319763548,
    "context_user_agent": null,
    "message_deeplink_session_id": "c3819e3a-4544-4dd1-9f22-436cf35fbb36",
    "message_entity_uri": "spotify:track:3zSSCPpLZ5Oc8nelhhGjKz:play",
    "message_link": "spotify:track:3zSSCPpLZ5Oc8nelhhGjKz:play",
    "message_shortlink_source": null,
    "message_source": "app_shortcut"
  },
  {
    "message_short_link": null,
    "timestamp_utc": "2024-04-06T13:56:26.426Z",
    "context_application_version": "web-player_2024-04-06_1712398192972_ec764ca",
    "context_conn_country": "IN",
    "context_device_manufacturer": null,
    "context_device_model": null,
    "context_device_type": null,
    "context_os_name": null,
    "context_os_version": null,
    "context_receiver_service_timestamp": 1713378848526,
    "context_time": 1712411786426,
    "context_user_agent": "Mozilla/5.0 (Windows NT 10.0; Win64; x64) AppleWebKit/537.36 (KHTML, like Gecko) Chrome/123.0.0.0 Safari/537.36",
    "message_deeplink_session_id": "a4bbef07e70c44b6",
    "message_entity_uri": null,
    "message_link": "https://open.spotify.com/preferences",
    "message_shortlink_source": null,
    "message_source": "Mozilla/5.0 (Windows NT 10.0; Win64; x64) AppleWebKit/537.36 (KHTML, like Gecko) Chrome/123.0.0.0 Safari/537.36"
  },
  {
    "message_short_link": null,
    "timestamp_utc": "2024-05-29T17:52:00.745Z",
    "context_application_version": "8.7.20.1261",
    "context_conn_country": "IN",
    "context_device_manufacturer": "realme",
    "context_device_model": "RMX3392",
    "context_device_type": "mobile",
    "context_os_name": "android",
    "context_os_version": "14",
    "context_receiver_service_timestamp": 1717005753424,
    "context_time": 1717005120745,
    "context_user_agent": null,
    "message_deeplink_session_id": "60987432-13c5-4b69-b6d6-3ba355467298",
    "message_entity_uri": "spotify:home",
    "message_link": "spotify:home",
    "message_shortlink_source": null,
    "message_source": "android-app://com.android.launcher"
  },
  {
    "message_short_link": null,
    "timestamp_utc": "2024-04-01T03:15:38.780Z",
    "context_application_version": "8.7.20.1261",
    "context_conn_country": "IN",
    "context_device_manufacturer": "realme",
    "context_device_model": "RMX3392",
    "context_device_type": "mobile",
    "context_os_name": "android",
    "context_os_version": "13",
    "context_receiver_service_timestamp": 1711941343760,
    "context_time": 1711941338780,
    "context_user_agent": null,
    "message_deeplink_session_id": "9d6a34fc-b85a-47c6-9af7-351e1d6be378",
    "message_entity_uri": "spotify:playlist:3klHoHnflXy95Y8x4d3NIZ:play",
    "message_link": "spotify:playlist:3klHoHnflXy95Y8x4d3NIZ:play",
    "message_shortlink_source": null,
    "message_source": "app_shortcut"
  },
  {
    "message_short_link": null,
    "timestamp_utc": "2024-04-21T17:30:23.186Z",
    "context_application_version": "8.7.20.1261",
    "context_conn_country": "IN",
    "context_device_manufacturer": "realme",
    "context_device_model": "RMX3392",
    "context_device_type": "mobile",
    "context_os_name": "android",
    "context_os_version": "13",
    "context_receiver_service_timestamp": 1713720653624,
    "context_time": 1713720623186,
    "context_user_agent": null,
    "message_deeplink_session_id": "16c796e8-f5f5-4812-b021-068cec567274",
    "message_entity_uri": "spotify:playlist:3klHoHnflXy95Y8x4d3NIZ:play",
    "message_link": "spotify:playlist:3klHoHnflXy95Y8x4d3NIZ:play",
    "message_shortlink_source": null,
    "message_source": "app_shortcut"
  },
  {
    "message_short_link": null,
    "timestamp_utc": "2024-03-21T13:03:40.538Z",
    "context_application_version": "8.7.20.1261",
    "context_conn_country": "IN",
    "context_device_manufacturer": "realme",
    "context_device_model": "RMX3392",
    "context_device_type": "mobile",
    "context_os_name": "android",
    "context_os_version": "13",
    "context_receiver_service_timestamp": 1711026222044,
    "context_time": 1711026220538,
    "context_user_agent": null,
    "message_deeplink_session_id": "59681dda-b3ba-4389-879d-969d402322d1",
    "message_entity_uri": "spotify:playlist:3klHoHnflXy95Y8x4d3NIZ:play",
    "message_link": "spotify:playlist:3klHoHnflXy95Y8x4d3NIZ:play",
    "message_shortlink_source": null,
    "message_source": "app_shortcut"
  }
]