[
  {
    "message_download_uri": "spotify:playlist:3oK2pZZvkoK4EqYee9nxz8",
    "message_view_uri": "spotify:playlist:3oK2pZZvkoK4EqYee9nxz8",
    "timestamp_utc": "2024-04-28T19:32:37.885Z",
    "context_application_version": "8.7.20.1261",
    "context_conn_country": "IN",
    "context_device_manufacturer": "realme",
    "context_device_model": "RMX3392",
    "context_device_type": "mobile",
    "context_os_name": "android",
    "context_os_version": "14",
    "context_receiver_service_timestamp": 1714332771404,
    "context_time": 1714332757885,
    "message_element_type": "header-button",
    "message_requested_state": true
  }
]