[
  {
    "timestamp_utc": "2024-06-02T09:17:24.661Z",
    "context_application_version": "8.7.20.1261",
    "context_conn_country": "IN",
    "context_device_manufacturer": "realme",
    "context_device_model": "RMX3392",
    "context_device_type": "mobile",
    "context_os_name": "android",
    "context_os_version": "14",
    "context_receiver_service_timestamp": 1717319914166,
    "context_time": 1717319844661,
    "message_error_code": 8,
    "message_fatal": false,
    "message_playback_id": "tKXrESNo5D9jTejEgSKG7Q==",
    "message_reason": "http-transport"
  },
  {
    "timestamp_utc": "2024-06-02T09:16:36.040Z",
    "context_application_version": "8.7.20.1261",
    "context_conn_country": "IN",
    "context_device_manufacturer": "realme",
    "context_device_model": "RMX3392",
    "context_device_type": "mobile",
    "context_os_name": "android",
    "context_os_version": "14",
    "context_receiver_service_timestamp": 1717319913999,
    "context_time": 1717319796040,
    "message_error_code": 5,
    "message_fatal": false,
    "message_playback_id": "tKXrESNo5D9jTejEgSKG7Q==",
    "message_reason": "http-transport"
  },
  {
    "timestamp_utc": "2024-06-02T09:17:24.656Z",
    "context_application_version": "8.7.20.1261",
    "context_conn_country": "IN",
    "context_device_manufacturer": "realme",
    "context_device_model": "RMX3392",
    "context_device_type": "mobile",
    "context_os_name": "android",
    "context_os_version": "14",
    "context_receiver_service_timestamp": 1717319914166,
    "context_time": 1717319844656,
    "message_error_code": 8,
    "message_fatal": false,
    "message_playback_id": "AAAAAAAAAAAAAAAAAAAAAA==",
    "message_reason": "http-transport"
  },
  {
    "timestamp_utc": "2024-06-02T09:17:24.497Z",
    "context_application_version": "8.7.20.1261",
    "context_conn_country": "IN",
    "context_device_manufacturer": "realme",
    "context_device_model": "RMX3392",
    "context_device_type": "mobile",
    "context_os_name": "android",
    "context_os_version": "14",
    "context_receiver_service_timestamp": 1717319914166,
    "context_time": 1717319844497,
    "message_error_code": 7,
    "message_fatal": false,
    "message_playback_id": "tKXrESNo5D9jTejEgSKG7Q==",
    "message_reason": "http-transport"
  },
  {
    "timestamp_utc": "2024-05-18T06:54:15.137Z",
    "context_application_version": "8.7.20.1261",
    "context_conn_country": "IN",
    "context_device_manufacturer": "realme",
    "context_device_model": "RMX3392",
    "context_device_type": "mobile",
    "context_os_name": "android",
    "context_os_version": "14",
    "context_receiver_service_timestamp": 1716015368300,
    "context_time": 1716015255137,
    "message_error_code": 7,
    "message_fatal": false,
    "message_playback_id": "AAAAAAAAAAAAAAAAAAAAAA==",
    "message_reason": "http-transport"
  }
]