[
  {
    "timestamp_utc": "2024-03-20T10:08:50.793Z",
    "context_time": 1710929330793,
    "message_event_type": "EMAIL_PROVIDER_SUCCESS",
    "message_send_at": "null"
  },
  {
    "timestamp_utc": "2024-05-01T13:11:51.165Z",
    "context_time": 1714569111165,
    "message_event_type": "EMAIL_PROVIDER_SUCCESS",
    "message_send_at": "null"
  },
  {
    "timestamp_utc": "2024-04-22T20:05:27.410Z",
    "context_time": 1713816327410,
    "message_event_type": "EMAIL_PROVIDER_SUCCESS",
    "message_send_at": "null"
  },
  {
    "timestamp_utc": "2024-05-19T05:05:19.063Z",
    "context_time": 1716095119063,
    "message_event_type": "EMAIL_PROVIDER_SUCCESS",
    "message_send_at": "null"
  },
  {
    "timestamp_utc": "2024-05-22T14:05:17.095Z",
    "context_time": 1716386717095,
    "message_event_type": "EMAIL_PROVIDER_SUCCESS",
    "message_send_at": "null"
  },
  {
    "timestamp_utc": "2024-04-07T15:56:03.585Z",
    "context_time": 1712505363585,
    "message_event_type": "EMAIL_PROVIDER_SUCCESS",
    "message_send_at": "null"
  },
  {
    "timestamp_utc": "2024-03-16T12:08:10.451Z",
    "context_time": 1710590890451,
    "message_event_type": "EMAIL_PROVIDER_SUCCESS",
    "message_send_at": "null"
  },
  {
    "timestamp_utc": "2024-05-27T13:13:36.370Z",
    "context_time": 1716815616370,
    "message_event_type": "EMAIL_PROVIDER_SUCCESS",
    "message_send_at": "null"
  },
  {
    "timestamp_utc": "2024-03-28T16:02:25.358Z",
    "context_time": 1711641745358,
    "message_event_type": "EMAIL_PROVIDER_SUCCESS",
    "message_send_at": "null"
  },
  {
    "timestamp_utc": "2024-05-10T14:09:07.614Z",
    "context_time": 1715350147614,
    "message_event_type": "EMAIL_PROVIDER_SUCCESS",
    "message_send_at": "null"
  },
  {
    "timestamp_utc": "2024-04-06T10:07:37.580Z",
    "context_time": 1712398057580,
    "message_event_type": "EMAIL_PROVIDER_SUCCESS",
    "message_send_at": "null"
  },
  {
    "timestamp_utc": "2024-04-14T16:04:12.183Z",
    "context_time": 1713110652183,
    "message_event_type": "EMAIL_PROVIDER_SUCCESS",
    "message_send_at": "null"
  },
  {
    "timestamp_utc": "2024-03-27T17:03:06.358Z",
    "context_time": 1711558986358,
    "message_event_type": "EMAIL_PROVIDER_SUCCESS",
    "message_send_at": "null"
  },
  {
    "timestamp_utc": "2024-06-06T16:00:49.718Z",
    "context_time": 1717689649718,
    "message_event_type": "EMAIL_PROVIDER_SUCCESS",
    "message_send_at": "null"
  }
]