[
  {
    "timestamp_utc": "2024-04-28T19:32:50.182Z",
    "context_time": 1714332770182,
    "message_algorithm": "NIMBUS_1_EVERY_2",
    "message_client_platform": "ANDROID_ARM",
    "message_client_version": "872001261",
    "message_context_revision": "0000009a4bc39957775529b4a6fc20ae6d896bc284b72df7",
    "message_correlation_id": "initial",
    "message_elapsed_ms": 437,
    "message_metadata": [
      {
        "key": "recs_per_seed",
        "value": "1"
      },
      {
        "key": "seed_cadence",
        "value": "2"
      }
    ],
    "message_recommendation_uris": [
      "spotify:track:0CguRnSNJQQR5ydaT8vU7R",
      "spotify:track:3VRTAlMR9fkt9sFM1CPyzs",
      "spotify:track:04GTZ0iYj30GqlBbnfflVO",
      "spotify:track:2kYyKEVVQIE11zihGMUWog",
      "spotify:track:70WqscwNSU8sGpxY0fLFJ9",
      "spotify:track:5b3GXPQ2zDJ7C4ohX28Po5",
      "spotify:track:7wavprkU2TlcwtdQadwr3G",
      "spotify:track:1Zi1HxNIWVFHx1RxOXkTjB",
      "spotify:track:14kxpTvf05WTdxCqBhFAic",
      "spotify:track:0lKILDCwOjyR54xYhBazuJ",
      "spotify:track:3XHe2e1CNb6ACagTNsO5Aq",
      "spotify:track:6xoBrZlxHIck8QyO7sSOkU",
      "spotify:track:4CffnhQ5Myd0G7fCKOprw8",
      "spotify:track:1xOdc792WrnSMJ7ZxTdxQp",
      "spotify:track:7oErVyLHUXnnxULVFmD2pa",
      "spotify:track:7d7nmsy0PRPnZb8K0kMKxy",
      "spotify:track:75n2EtJnyJB1u5zibuuhZw",
      "spotify:track:5ebv9TehoQJJLpyCELftlL",
      "spotify:track:7yyCCfalLx9F8TbMo5jH03",
      "spotify:track:3V80Iv04B9XAqGHbXdtRT1",
      "spotify:track:7yLIyyt2BrKXuxss9FBBDb",
      "spotify:track:6DtPCH3Bnv88ef0lLJqZsB",
      "spotify:track:2mb6QJdT8t55M9Qzpkb5sa",
      "spotify:track:2Fu8D56CjbVohdig7YdhCn",
      "spotify:track:73GVppku1MaclUF0Y6o1Jo",
      "spotify:track:6m9vm0dDlV85r6Q5u3zFUA",
      "spotify:track:4VIDUK3kXaoh8vlOfqhUx3",
      "spotify:track:7GQUfk2ipaHjhBbYBpM3eU",
      "spotify:track:3t3U5L92YWTaVLgz9jPWvX",
      "spotify:track:5Wvs0GljCiKenUHRdq2PQb",
      "spotify:track:3QzSBGFPftglS1dqxcS3Vg",
      "spotify:track:0c4Et7RWo2YMtUxi8Z34oX",
      "spotify:track:4xeFYvkVrwVnvFe3GLlMOU",
      "spotify:track:6TKFoc5Hs9UNkW9lo2YvUP",
      "spotify:track:0moAh12o80ymrUqfIZW204"
    ],
    "message_seed_context_size": 70,
    "message_seed_positions": [
      1,
      3,
      5,
      7,
      9,
      11,
      13,
      15,
      17,
      19,
      21,
      23,
      25,
      27,
      29,
      31,
      33,
      35,
      37,
      39,
      41,
      43,
      45,
      47,
      49,
      51,
      53,
      55,
      57,
      59,
      61,
      63,
      65,
      67,
      69
    ],
    "message_seed_uris": [
      "spotify:track:0fxglD52oLxhKpVv2od1x9",
      "spotify:track:66Ohdq7HQrvbvXqQzdGqvV",
      "spotify:track:5yvXCtOc2m4bSxG24lumPb",
      "spotify:track:1X3u6cOVTcf8LFKsPcuZwQ",
      "spotify:track:2C4ECKTIDhT0zcV1Of3taP",
      "spotify:track:18hqAVCZI9erE46gsRTalF",
      "spotify:track:12P8gSLA1zX3GqKjyAvUKy",
      "spotify:track:2OQxoAAxiRDik7e4T0equt",
      "spotify:track:25Ka89vJT9N24lyoZxYiKl",
      "spotify:track:58SIEtTjWErr0yEXVBKxvd",
      "spotify:track:4nrqr2KVU3eoaL9743jwoB",
      "spotify:track:0oz7Ia8lnWttkXi2TBc1Rd",
      "spotify:track:2KK7jP4sM6lSA3w3pGFtcb",
      "spotify:track:4w2W5Gh1GjbbSWGF0TD2iC",
      "spotify:track:4ZaKKDUfPI9hXxMvHkJIjf",
      "spotify:track:5EwND12V8XKTpkectobaDA",
      "spotify:track:5W3ERVlq51FJaNxVTtRqPn",
      "spotify:track:64slMayL6oWhH49YNRhrCr",
      "spotify:track:4EEFNT8K9HXL88v1lzSSPJ",
      "spotify:track:5NyblkyDOgBOIvWNzSQ6Pu",
      "spotify:track:7HETPbsuO21OP97WdkB0bK",
      "spotify:track:2hGKMpyjjEStURJ3BaJjA6",
      "spotify:track:33YTaLQXA6q4Vc7eba2mWu",
      "spotify:track:6Wo7nJCbnDbi05HtHu4rED",
      "spotify:track:3liQyh8ZXon9p62M15KPAR",
      "spotify:track:0BkYx8YKxuJUBKcHeC3ZsV",
      "spotify:track:5U9LVzX2zBNHZrNSlUXr2c",
      "spotify:track:0gCDkBDs9e7lAIGpAaeLWA",
      "spotify:track:1gjqG4t0xjcVw79NJZ1KVA",
      "spotify:track:4nk1IGBxb3vvZF6WqzaTCG",
      "spotify:track:5IM3W7emcmCVo7sG5GLGxT",
      "spotify:track:7fxoRy2I8JwUNG8OxWs6LD",
      "spotify:track:5eaNyfZrCInXHr0wa80FB5",
      "spotify:track:6pf5fo5TRyimTOKSTZIP2t",
      "spotify:track:1wfmYC9gDGU5wp2LVrVSgx"
    ],
    "message_session_id": "1714348800100"
  }
]