[
  {
    "message_target_uri": null,
    "message_view_uri": "/",
    "timestamp_utc": "2024-04-17T18:34:25.928Z",
    "context_application_version": "web-player_2024-04-17_1713375504431_d8ca7ae",
    "context_conn_country": "IN",
    "context_receiver_service_timestamp": 1713378877044,
    "context_time": 1713378865928,
    "context_user_agent": "Mozilla/5.0 (Windows NT 10.0; Win64; x64) AppleWebKit/537.36 (KHTML, like Gecko) Chrome/123.0.0.0 Safari/537.36",
    "message_action_intent": "play",
    "message_action_type": "click",
    "message_browser_name": null,
    "message_browser_os": null,
    "message_browser_platform": null,
    "message_item_id": "now-playing-bar",
    "message_page": null
  },
  {
    "message_target_uri": null,
    "message_view_uri": "/",
    "timestamp_utc": "2024-05-28T19:01:42.505Z",
    "context_application_version": "web-player_2024-05-28_1716915523902_f168e6c",
    "context_conn_country": "IN",
    "context_receiver_service_timestamp": 1716922912676,
    "context_time": 1716922902505,
    "context_user_agent": "Mozilla/5.0 (Windows NT 10.0; Win64; x64) AppleWebKit/537.36 (KHTML, like Gecko) Chrome/125.0.0.0 Safari/537.36",
    "message_action_intent": "play",
    "message_action_type": "click",
    "message_browser_name": null,
    "message_browser_os": null,
    "message_browser_platform": null,
    "message_item_id": "now-playing-bar",
    "message_page": null
  },
  {
    "message_target_uri": "spotify:episode:0jRdZaOpdASt4m9jNBUlqg",
    "message_view_uri": "/episode/0jRdZaOpdASt4m9jNBUlqg",
    "timestamp_utc": "2024-04-06T12:41:43.989Z",
    "context_application_version": "web-player_2024-04-06_1712398192972_ec764ca",
    "context_conn_country": "IN",
    "context_receiver_service_timestamp": 1712407310274,
    "context_time": 1712407303989,
    "context_user_agent": "Mozilla/5.0 (Windows NT 10.0; Win64; x64) AppleWebKit/537.36 (KHTML, like Gecko) Chrome/123.0.0.0 Safari/537.36",
    "message_action_intent": "pause",
    "message_action_type": "click",
    "message_browser_name": null,
    "message_browser_os": null,
    "message_browser_platform": null,
    "message_item_id": "/button",
    "message_page": "episode"
  },
  {
    "message_target_uri": null,
    "message_view_uri": "/",
    "timestamp_utc": "2024-05-28T19:22:00.351Z",
    "context_application_version": "web-player_2024-05-28_1716920683435_8d51a66",
    "context_conn_country": "IN",
    "context_receiver_service_timestamp": 1716924121964,
    "context_time": 1716924120351,
    "context_user_agent": "Mozilla/5.0 (Windows NT 10.0; Win64; x64) AppleWebKit/537.36 (KHTML, like Gecko) Chrome/125.0.0.0 Safari/537.36",
    "message_action_intent": "play",
    "message_action_type": "click",
    "message_browser_name": null,
    "message_browser_os": null,
    "message_browser_platform": null,
    "message_item_id": "now-playing-bar",
    "message_page": null
  },
  {
    "message_target_uri": null,
    "message_view_uri": "/",
    "timestamp_utc": "2024-06-04T09:39:32.858Z",
    "context_application_version": "web-player_2024-06-04_1717490050878_338d7a3",
    "context_conn_country": "IN",
    "context_receiver_service_timestamp": 1717493978970,
    "context_time": 1717493972858,
    "context_user_agent": "Mozilla/5.0 (Windows NT 10.0; Win64; x64) AppleWebKit/537.36 (KHTML, like Gecko) Chrome/125.0.0.0 Safari/537.36",
    "message_action_intent": "pause",
    "message_action_type": "click",
    "message_browser_name": null,
    "message_browser_os": null,
    "message_browser_platform": null,
    "message_item_id": "now-playing-bar",
    "message_page": null
  },
  {
    "message_target_uri": "spotify:track:3zSSCPpLZ5Oc8nelhhGjKz",
    "message_view_uri": "/search",
    "timestamp_utc": "2024-06-02T00:35:21.835Z",
    "context_application_version": "web-player_2024-06-01_1717222596883_3f8e445",
    "context_conn_country": "IN",
    "context_receiver_service_timestamp": 1717288531729,
    "context_time": 1717288521835,
    "context_user_agent": "Mozilla/5.0 (Windows NT 10.0; Win64; x64) AppleWebKit/537.36 (KHTML, like Gecko) Chrome/125.0.0.0 Safari/537.36",
    "message_action_intent": "navigate",
    "message_action_type": "click",
    "message_browser_name": null,
    "message_browser_os": null,
    "message_browser_platform": null,
    "message_item_id": "search-page/search-history/0",
    "message_page": "search"
  },
  {
    "message_target_uri": null,
    "message_view_uri": "/",
    "timestamp_utc": "2024-04-18T06:28:38.371Z",
    "context_application_version": "web-player_2024-04-18_1713413506061_da0ecf4",
    "context_conn_country": "IN",
    "context_receiver_service_timestamp": 1713421723279,
    "context_time": 1713421718371,
    "context_user_agent": "Mozilla/5.0 (Windows NT 10.0; Win64; x64) AppleWebKit/537.36 (KHTML, like Gecko) Chrome/124.0.0.0 Safari/537.36",
    "message_action_intent": "pause",
    "message_action_type": "click",
    "message_browser_name": null,
    "message_browser_os": null,
    "message_browser_platform": null,
    "message_item_id": "now-playing-bar",
    "message_page": null
  },
  {
    "message_target_uri": null,
    "message_view_uri": "/",
    "timestamp_utc": "2024-04-18T09:34:21.179Z",
    "context_application_version": "web-player_2024-04-18_1713413506061_da0ecf4",
    "context_conn_country": "IN",
    "context_receiver_service_timestamp": 1713432863313,
    "context_time": 1713432861179,
    "context_user_agent": "Mozilla/5.0 (Windows NT 10.0; Win64; x64) AppleWebKit/537.36 (KHTML, like Gecko) Chrome/124.0.0.0 Safari/537.36",
    "message_action_intent": "previous",
    "message_action_type": "click",
    "message_browser_name": null,
    "message_browser_os": null,
    "message_browser_platform": null,
    "message_item_id": "now-playing-bar",
    "message_page": null
  },
  {
    "message_target_uri": "spotify:playlist:3oK2pZZvkoK4EqYee9nxz8",
    "message_view_uri": "/",
    "timestamp_utc": "2024-03-21T19:10:26.861Z",
    "context_application_version": "web-player_2024-03-21_1711037534877_8b9e0da",
    "context_conn_country": "IN",
    "context_receiver_service_timestamp": 1711048231375,
    "context_time": 1711048226861,
    "context_user_agent": "Mozilla/5.0 (Windows NT 10.0; Win64; x64) AppleWebKit/537.36 (KHTML, like Gecko) Chrome/123.0.0.0 Safari/537.36",
    "message_action_intent": "navigate",
    "message_action_type": "click",
    "message_browser_name": null,
    "message_browser_os": null,
    "message_browser_platform": null,
    "message_item_id": "",
    "message_page": null
  },
  {
    "message_target_uri": null,
    "message_view_uri": "/",
    "timestamp_utc": "2024-06-05T21:30:16.591Z",
    "context_application_version": "web-player_2024-06-05_1717619056663_163095e",
    "context_conn_country": "IN",
    "context_receiver_service_timestamp": 1717623023527,
    "context_time": 1717623016591,
    "context_user_agent": "Mozilla/5.0 (Windows NT 10.0; Win64; x64) AppleWebKit/537.36 (KHTML, like Gecko) Chrome/125.0.0.0 Safari/537.36",
    "message_action_intent": "play",
    "message_action_type": "click",
    "message_browser_name": null,
    "message_browser_os": null,
    "message_browser_platform": null,
    "message_item_id": "now-playing-bar",
    "message_page": null
  },
  {
    "message_target_uri": "/",
    "message_view_uri": "/track/3zSSCPpLZ5Oc8nelhhGjKz",
    "timestamp_utc": "2024-05-31T18:07:16.504Z",
    "context_application_version": "web-player_2024-05-31_1717175061327_2f4b769",
    "context_conn_country": "IN",
    "context_receiver_service_timestamp": 1717178837869,
    "context_time": 1717178836504,
    "context_user_agent": "Mozilla/5.0 (Windows NT 10.0; Win64; x64) AppleWebKit/537.36 (KHTML, like Gecko) Chrome/125.0.0.0 Safari/537.36",
    "message_action_intent": "navigate",
    "message_action_type": "click",
    "message_browser_name": null,
    "message_browser_os": null,
    "message_browser_platform": null,
    "message_item_id": "nav-bar",
    "message_page": "track"
  },
  {
    "message_target_uri": "spotify:playlist:3klHoHnflXy95Y8x4d3NIZ",
    "message_view_uri": "/",
    "timestamp_utc": "2024-03-30T18:38:02.765Z",
    "context_application_version": "web-player_2024-03-30_1711805820169_c06b23b",
    "context_conn_country": "IN",
    "context_receiver_service_timestamp": 1711823899231,
    "context_time": 1711823882765,
    "context_user_agent": "Mozilla/5.0 (Windows NT 10.0; Win64; x64) AppleWebKit/537.36 (KHTML, like Gecko) Chrome/123.0.0.0 Safari/537.36",
    "message_action_intent": "navigate",
    "message_action_type": "click",
    "message_browser_name": null,
    "message_browser_os": null,
    "message_browser_platform": null,
    "message_item_id": "",
    "message_page": null
  },
  {
    "message_target_uri": "/search",
    "message_view_uri": "/",
    "timestamp_utc": "2024-05-31T18:06:56.506Z",
    "context_application_version": "web-player_2024-05-31_1717175061327_2f4b769",
    "context_conn_country": "IN",
    "context_receiver_service_timestamp": 1717178817858,
    "context_time": 1717178816506,
    "context_user_agent": "Mozilla/5.0 (Windows NT 10.0; Win64; x64) AppleWebKit/537.36 (KHTML, like Gecko) Chrome/125.0.0.0 Safari/537.36",
    "message_action_intent": "navigate",
    "message_action_type": "click",
    "message_browser_name": null,
    "message_browser_os": null,
    "message_browser_platform": null,
    "message_item_id": "nav-bar",
    "message_page": null
  },
  {
    "message_target_uri": "spotify:playlist:3klHoHnflXy95Y8x4d3NIZ",
    "message_view_uri": "/",
    "timestamp_utc": "2024-03-30T18:37:52.701Z",
    "context_application_version": "web-player_2024-03-30_1711805820169_c06b23b",
    "context_conn_country": "IN",
    "context_receiver_service_timestamp": 1711823899231,
    "context_time": 1711823872701,
    "context_user_agent": "Mozilla/5.0 (Windows NT 10.0; Win64; x64) AppleWebKit/537.36 (KHTML, like Gecko) Chrome/123.0.0.0 Safari/537.36",
    "message_action_intent": "play",
    "message_action_type": "click",
    "message_browser_name": null,
    "message_browser_os": null,
    "message_browser_platform": null,
    "message_item_id": "",
    "message_page": null
  },
  {
    "message_target_uri": "spotify:playlist:3klHoHnflXy95Y8x4d3NIZ",
    "message_view_uri": "/playlist/3klHoHnflXy95Y8x4d3NIZ",
    "timestamp_utc": "2024-04-06T13:43:41.369Z",
    "context_application_version": "web-player_2024-04-06_1712398192972_ec764ca",
    "context_conn_country": "IN",
    "context_receiver_service_timestamp": 1712411030290,
    "context_time": 1712411021369,
    "context_user_agent": "Mozilla/5.0 (Windows NT 10.0; Win64; x64) AppleWebKit/537.36 (KHTML, like Gecko) Chrome/123.0.0.0 Safari/537.36",
    "message_action_intent": "play",
    "message_action_type": "click",
    "message_browser_name": null,
    "message_browser_os": null,
    "message_browser_platform": null,
    "message_item_id": "/button",
    "message_page": "playlist"
  },
  {
    "message_target_uri": "spotify:track:3zSSCPpLZ5Oc8nelhhGjKz",
    "message_view_uri": "/track/3zSSCPpLZ5Oc8nelhhGjKz",
    "timestamp_utc": "2024-06-05T08:56:50.155Z",
    "context_application_version": "web-player_2024-06-05_1717574642367_803fa17",
    "context_conn_country": "IN",
    "context_receiver_service_timestamp": 1717577815719,
    "context_time": 1717577810155,
    "context_user_agent": "Mozilla/5.0 (Windows NT 10.0; Win64; x64) AppleWebKit/537.36 (KHTML, like Gecko) Chrome/125.0.0.0 Safari/537.36",
    "message_action_intent": "play",
    "message_action_type": "click",
    "message_browser_name": null,
    "message_browser_os": null,
    "message_browser_platform": null,
    "message_item_id": "/button",
    "message_page": "track"
  },
  {
    "message_target_uri": null,
    "message_view_uri": "/",
    "timestamp_utc": "2024-04-17T18:34:29.726Z",
    "context_application_version": "web-player_2024-04-17_1713375504431_d8ca7ae",
    "context_conn_country": "IN",
    "context_receiver_service_timestamp": 1713378877044,
    "context_time": 1713378869726,
    "context_user_agent": "Mozilla/5.0 (Windows NT 10.0; Win64; x64) AppleWebKit/537.36 (KHTML, like Gecko) Chrome/123.0.0.0 Safari/537.36",
    "message_action_intent": "play",
    "message_action_type": "click",
    "message_browser_name": null,
    "message_browser_os": null,
    "message_browser_platform": null,
    "message_item_id": "now-playing-bar",
    "message_page": null
  },
  {
    "message_target_uri": null,
    "message_view_uri": "/",
    "timestamp_utc": "2024-05-28T19:20:46.541Z",
    "context_application_version": "web-player_2024-05-28_1716920683435_8d51a66",
    "context_conn_country": "IN",
    "context_receiver_service_timestamp": 1716924051932,
    "context_time": 1716924046541,
    "context_user_agent": "Mozilla/5.0 (Windows NT 10.0; Win64; x64) AppleWebKit/537.36 (KHTML, like Gecko) Chrome/125.0.0.0 Safari/537.36",
    "message_action_intent": "play",
    "message_action_type": "click",
    "message_browser_name": null,
    "message_browser_os": null,
    "message_browser_platform": null,
    "message_item_id": "now-playing-bar",
    "message_page": null
  },
  {
    "message_target_uri": null,
    "message_view_uri": "/",
    "timestamp_utc": "2024-06-05T21:30:15.278Z",
    "context_application_version": "web-player_2024-06-05_1717619056663_163095e",
    "context_conn_country": "IN",
    "context_receiver_service_timestamp": 1717623023527,
    "context_time": 1717623015278,
    "context_user_agent": "Mozilla/5.0 (Windows NT 10.0; Win64; x64) AppleWebKit/537.36 (KHTML, like Gecko) Chrome/125.0.0.0 Safari/537.36",
    "message_action_intent": "seek",
    "message_action_type": "click",
    "message_browser_name": null,
    "message_browser_os": null,
    "message_browser_platform": null,
    "message_item_id": "now-playing-bar",
    "message_page": null
  },
  {
    "message_target_uri": null,
    "message_view_uri": "/playlist/3klHoHnflXy95Y8x4d3NIZ",
    "timestamp_utc": "2024-03-30T18:38:15.965Z",
    "context_application_version": "web-player_2024-03-30_1711805820169_c06b23b",
    "context_conn_country": "IN",
    "context_receiver_service_timestamp": 1711823899231,
    "context_time": 1711823895965,
    "context_user_agent": "Mozilla/5.0 (Windows NT 10.0; Win64; x64) AppleWebKit/537.36 (KHTML, like Gecko) Chrome/123.0.0.0 Safari/537.36",
    "message_action_intent": "play",
    "message_action_type": "click",
    "message_browser_name": null,
    "message_browser_os": null,
    "message_browser_platform": null,
    "message_item_id": "now-playing-bar",
    "message_page": "playlist"
  },
  {
    "message_target_uri": "spotify:track:3zSSCPpLZ5Oc8nelhhGjKz",
    "message_view_uri": "/search/tu ",
    "timestamp_utc": "2024-05-31T18:07:03.482Z",
    "context_application_version": "web-player_2024-05-31_1717175061327_2f4b769",
    "context_conn_country": "IN",
    "context_receiver_service_timestamp": 1717178827967,
    "context_time": 1717178823482,
    "context_user_agent": "Mozilla/5.0 (Windows NT 10.0; Win64; x64) AppleWebKit/537.36 (KHTML, like Gecko) Chrome/125.0.0.0 Safari/537.36",
    "message_action_intent": "navigate",
    "message_action_type": "click",
    "message_browser_name": null,
    "message_browser_os": null,
    "message_browser_platform": null,
    "message_item_id": "search-page/search-results/top-result-card",
    "message_page": "search"
  },
  {
    "message_target_uri": null,
    "message_view_uri": "/",
    "timestamp_utc": "2024-06-05T21:30:28.748Z",
    "context_application_version": "web-player_2024-06-05_1717619056663_163095e",
    "context_conn_country": "IN",
    "context_receiver_service_timestamp": 1717623033381,
    "context_time": 1717623028748,
    "context_user_agent": "Mozilla/5.0 (Windows NT 10.0; Win64; x64) AppleWebKit/537.36 (KHTML, like Gecko) Chrome/125.0.0.0 Safari/537.36",
    "message_action_intent": "seek",
    "message_action_type": "click",
    "message_browser_name": null,
    "message_browser_os": null,
    "message_browser_platform": null,
    "message_item_id": "now-playing-bar",
    "message_page": null
  },
  {
    "message_target_uri": "/download",
    "message_view_uri": "/playlist/3oK2pZZvkoK4EqYee9nxz8",
    "timestamp_utc": "2024-03-21T19:10:35.776Z",
    "context_application_version": "web-player_2024-03-21_1711037534877_8b9e0da",
    "context_conn_country": "IN",
    "context_receiver_service_timestamp": 1711048241396,
    "context_time": 1711048235776,
    "context_user_agent": "Mozilla/5.0 (Windows NT 10.0; Win64; x64) AppleWebKit/537.36 (KHTML, like Gecko) Chrome/123.0.0.0 Safari/537.36",
    "message_action_intent": "navigate",
    "message_action_type": "click",
    "message_browser_name": null,
    "message_browser_os": null,
    "message_browser_platform": null,
    "message_item_id": "top-bar",
    "message_page": "playlist"
  },
  {
    "message_target_uri": null,
    "message_view_uri": "/",
    "timestamp_utc": "2024-04-18T06:07:43.095Z",
    "context_application_version": "web-player_2024-04-18_1713413506061_da0ecf4",
    "context_conn_country": "IN",
    "context_receiver_service_timestamp": 1713420473270,
    "context_time": 1713420463095,
    "context_user_agent": "Mozilla/5.0 (Windows NT 10.0; Win64; x64) AppleWebKit/537.36 (KHTML, like Gecko) Chrome/124.0.0.0 Safari/537.36",
    "message_action_intent": "pause",
    "message_action_type": "click",
    "message_browser_name": null,
    "message_browser_os": null,
    "message_browser_platform": null,
    "message_item_id": "now-playing-bar",
    "message_page": null
  },
  {
    "message_target_uri": "spotify:episode:19ucngYCiUjjaNXHVAYzMg",
    "message_view_uri": "/",
    "timestamp_utc": "2024-05-28T20:17:38.989Z",
    "context_application_version": "web-player_2024-05-28_1716920683435_8d51a66",
    "context_conn_country": "IN",
    "context_receiver_service_timestamp": 1716927461985,
    "context_time": 1716927458989,
    "context_user_agent": "Mozilla/5.0 (Windows NT 10.0; Win64; x64) AppleWebKit/537.36 (KHTML, like Gecko) Chrome/125.0.0.0 Safari/537.36",
    "message_action_intent": "navigate",
    "message_action_type": "click",
    "message_browser_name": null,
    "message_browser_os": null,
    "message_browser_platform": null,
    "message_item_id": "",
    "message_page": null
  },
  {
    "message_target_uri": "spotify:track:5p6Fx7EGe2zi49J8X8jR9s",
    "message_view_uri": "/track/5p6Fx7EGe2zi49J8X8jR9s",
    "timestamp_utc": "2024-03-21T19:10:57.516Z",
    "context_application_version": "web-player_2024-03-21_1711037534877_8b9e0da",
    "context_conn_country": "IN",
    "context_receiver_service_timestamp": 1711048261099,
    "context_time": 1711048257516,
    "context_user_agent": "Mozilla/5.0 (Windows NT 10.0; Win64; x64) AppleWebKit/537.36 (KHTML, like Gecko) Chrome/123.0.0.0 Safari/537.36",
    "message_action_intent": "play",
    "message_action_type": "click",
    "message_browser_name": null,
    "message_browser_os": null,
    "message_browser_platform": null,
    "message_item_id": "/button",
    "message_page": "track"
  },
  {
    "message_target_uri": null,
    "message_view_uri": "/",
    "timestamp_utc": "2024-06-04T09:39:29.975Z",
    "context_application_version": "web-player_2024-06-04_1717490050878_338d7a3",
    "context_conn_country": "IN",
    "context_receiver_service_timestamp": 1717493978970,
    "context_time": 1717493969975,
    "context_user_agent": "Mozilla/5.0 (Windows NT 10.0; Win64; x64) AppleWebKit/537.36 (KHTML, like Gecko) Chrome/125.0.0.0 Safari/537.36",
    "message_action_intent": "seek",
    "message_action_type": "click",
    "message_browser_name": null,
    "message_browser_os": null,
    "message_browser_platform": null,
    "message_item_id": "now-playing-bar",
    "message_page": null
  },
  {
    "message_target_uri": "spotify:track:3zSSCPpLZ5Oc8nelhhGjKz",
    "message_view_uri": "/search",
    "timestamp_utc": "2024-06-05T08:56:46.981Z",
    "context_application_version": "web-player_2024-06-05_1717574642367_803fa17",
    "context_conn_country": "IN",
    "context_receiver_service_timestamp": 1717577815719,
    "context_time": 1717577806981,
    "context_user_agent": "Mozilla/5.0 (Windows NT 10.0; Win64; x64) AppleWebKit/537.36 (KHTML, like Gecko) Chrome/125.0.0.0 Safari/537.36",
    "message_action_intent": "navigate",
    "message_action_type": "click",
    "message_browser_name": null,
    "message_browser_os": null,
    "message_browser_platform": null,
    "message_item_id": "search-page/search-history/0",
    "message_page": "search"
  },
  {
    "message_target_uri": null,
    "message_view_uri": "/",
    "timestamp_utc": "2024-06-04T23:15:53.032Z",
    "context_application_version": "web-player_2024-06-04_1717538574685_ede7fd3",
    "context_conn_country": "IN",
    "context_receiver_service_timestamp": 1717542959414,
    "context_time": 1717542953032,
    "context_user_agent": "Mozilla/5.0 (Windows NT 10.0; Win64; x64) AppleWebKit/537.36 (KHTML, like Gecko) Chrome/125.0.0.0 Safari/537.36",
    "message_action_intent": "seek",
    "message_action_type": "click",
    "message_browser_name": null,
    "message_browser_os": null,
    "message_browser_platform": null,
    "message_item_id": "now-playing-bar",
    "message_page": null
  },
  {
    "message_target_uri": "/download",
    "message_view_uri": "/track/5p6Fx7EGe2zi49J8X8jR9s",
    "timestamp_utc": "2024-03-21T19:11:22.266Z",
    "context_application_version": "web-player_2024-03-21_1711037534877_8b9e0da",
    "context_conn_country": "IN",
    "context_receiver_service_timestamp": 1711048291202,
    "context_time": 1711048282266,
    "context_user_agent": "Mozilla/5.0 (Windows NT 10.0; Win64; x64) AppleWebKit/537.36 (KHTML, like Gecko) Chrome/123.0.0.0 Safari/537.36",
    "message_action_intent": "navigate",
    "message_action_type": "click",
    "message_browser_name": null,
    "message_browser_os": null,
    "message_browser_platform": null,
    "message_item_id": "top-bar",
    "message_page": "track"
  },
  {
    "message_target_uri": null,
    "message_view_uri": "/",
    "timestamp_utc": "2024-06-04T09:39:26.712Z",
    "context_application_version": "web-player_2024-06-04_1717490050878_338d7a3",
    "context_conn_country": "IN",
    "context_receiver_service_timestamp": 1717493969122,
    "context_time": 1717493966712,
    "context_user_agent": "Mozilla/5.0 (Windows NT 10.0; Win64; x64) AppleWebKit/537.36 (KHTML, like Gecko) Chrome/125.0.0.0 Safari/537.36",
    "message_action_intent": "pause",
    "message_action_type": "click",
    "message_browser_name": null,
    "message_browser_os": null,
    "message_browser_platform": null,
    "message_item_id": "now-playing-bar",
    "message_page": null
  },
  {
    "message_target_uri": null,
    "message_view_uri": "/",
    "timestamp_utc": "2024-04-17T18:34:28.691Z",
    "context_application_version": "web-player_2024-04-17_1713375504431_d8ca7ae",
    "context_conn_country": "IN",
    "context_receiver_service_timestamp": 1713378877044,
    "context_time": 1713378868691,
    "context_user_agent": "Mozilla/5.0 (Windows NT 10.0; Win64; x64) AppleWebKit/537.36 (KHTML, like Gecko) Chrome/123.0.0.0 Safari/537.36",
    "message_action_intent": "play",
    "message_action_type": "click",
    "message_browser_name": null,
    "message_browser_os": null,
    "message_browser_platform": null,
    "message_item_id": "now-playing-bar",
    "message_page": null
  },
  {
    "message_target_uri": null,
    "message_view_uri": "/",
    "timestamp_utc": "2024-04-20T13:14:52.496Z",
    "context_application_version": "web-player_2024-04-20_1713600576710_8d18281",
    "context_conn_country": "IN",
    "context_receiver_service_timestamp": 1713618898939,
    "context_time": 1713618892496,
    "context_user_agent": "Mozilla/5.0 (Windows NT 10.0; Win64; x64) AppleWebKit/537.36 (KHTML, like Gecko) Chrome/124.0.0.0 Safari/537.36",
    "message_action_intent": "play",
    "message_action_type": "click",
    "message_browser_name": null,
    "message_browser_os": null,
    "message_browser_platform": null,
    "message_item_id": "now-playing-bar",
    "message_page": null
  },
  {
    "message_target_uri": null,
    "message_view_uri": "/",
    "timestamp_utc": "2024-04-18T06:07:45.652Z",
    "context_application_version": "web-player_2024-04-18_1713413506061_da0ecf4",
    "context_conn_country": "IN",
    "context_receiver_service_timestamp": 1713420473270,
    "context_time": 1713420465652,
    "context_user_agent": "Mozilla/5.0 (Windows NT 10.0; Win64; x64) AppleWebKit/537.36 (KHTML, like Gecko) Chrome/124.0.0.0 Safari/537.36",
    "message_action_intent": "play",
    "message_action_type": "click",
    "message_browser_name": null,
    "message_browser_os": null,
    "message_browser_platform": null,
    "message_item_id": "now-playing-bar",
    "message_page": null
  },
  {
    "message_target_uri": "spotify:track:3zSSCPpLZ5Oc8nelhhGjKz",
    "message_view_uri": "/track/3zSSCPpLZ5Oc8nelhhGjKz",
    "timestamp_utc": "2024-06-02T00:35:25.037Z",
    "context_application_version": "web-player_2024-06-01_1717222596883_3f8e445",
    "context_conn_country": "IN",
    "context_receiver_service_timestamp": 1717288531729,
    "context_time": 1717288525037,
    "context_user_agent": "Mozilla/5.0 (Windows NT 10.0; Win64; x64) AppleWebKit/537.36 (KHTML, like Gecko) Chrome/125.0.0.0 Safari/537.36",
    "message_action_intent": "play",
    "message_action_type": "click",
    "message_browser_name": null,
    "message_browser_os": null,
    "message_browser_platform": null,
    "message_item_id": "/button",
    "message_page": "track"
  },
  {
    "message_target_uri": null,
    "message_view_uri": "/episode/0jRdZaOpdASt4m9jNBUlqg",
    "timestamp_utc": "2024-04-06T12:41:36.254Z",
    "context_application_version": "web-player_2024-04-06_1712398192972_ec764ca",
    "context_conn_country": "IN",
    "context_receiver_service_timestamp": 1712407300545,
    "context_time": 1712407296254,
    "context_user_agent": "Mozilla/5.0 (Windows NT 10.0; Win64; x64) AppleWebKit/537.36 (KHTML, like Gecko) Chrome/123.0.0.0 Safari/537.36",
    "message_action_intent": "pause",
    "message_action_type": "click",
    "message_browser_name": null,
    "message_browser_os": null,
    "message_browser_platform": null,
    "message_item_id": "now-playing-bar",
    "message_page": "episode"
  },
  {
    "message_target_uri": null,
    "message_view_uri": "/playlist/3klHoHnflXy95Y8x4d3NIZ",
    "timestamp_utc": "2024-03-30T18:38:32.101Z",
    "context_application_version": "web-player_2024-03-30_1711805820169_c06b23b",
    "context_conn_country": "IN",
    "context_receiver_service_timestamp": 1711823918672,
    "context_time": 1711823912101,
    "context_user_agent": "Mozilla/5.0 (Windows NT 10.0; Win64; x64) AppleWebKit/537.36 (KHTML, like Gecko) Chrome/123.0.0.0 Safari/537.36",
    "message_action_intent": "pause",
    "message_action_type": "click",
    "message_browser_name": null,
    "message_browser_os": null,
    "message_browser_platform": null,
    "message_item_id": "now-playing-bar",
    "message_page": "playlist"
  },
  {
    "message_target_uri": null,
    "message_view_uri": "/episode/0jRdZaOpdASt4m9jNBUlqg",
    "timestamp_utc": "2024-04-06T12:41:37.185Z",
    "context_application_version": "web-player_2024-04-06_1712398192972_ec764ca",
    "context_conn_country": "IN",
    "context_receiver_service_timestamp": 1712407300545,
    "context_time": 1712407297185,
    "context_user_agent": "Mozilla/5.0 (Windows NT 10.0; Win64; x64) AppleWebKit/537.36 (KHTML, like Gecko) Chrome/123.0.0.0 Safari/537.36",
    "message_action_intent": "play",
    "message_action_type": "click",
    "message_browser_name": null,
    "message_browser_os": null,
    "message_browser_platform": null,
    "message_item_id": "now-playing-bar",
    "message_page": "episode"
  },
  {
    "message_target_uri": "spotify:playlist:3klHoHnflXy95Y8x4d3NIZ",
    "message_view_uri": "/",
    "timestamp_utc": "2024-04-04T17:54:50.308Z",
    "context_application_version": "web-player_2024-04-04_1712249535836_22714da",
    "context_conn_country": "IN",
    "context_receiver_service_timestamp": 1712253298901,
    "context_time": 1712253290308,
    "context_user_agent": "Mozilla/5.0 (Windows NT 10.0; Win64; x64) AppleWebKit/537.36 (KHTML, like Gecko) Chrome/123.0.0.0 Safari/537.36",
    "message_action_intent": "navigate",
    "message_action_type": "click",
    "message_browser_name": null,
    "message_browser_os": null,
    "message_browser_platform": null,
    "message_item_id": "",
    "message_page": null
  },
  {
    "message_target_uri": null,
    "message_view_uri": "/playlist/3klHoHnflXy95Y8x4d3NIZ",
    "timestamp_utc": "2024-04-04T17:55:04.786Z",
    "context_application_version": "web-player_2024-04-04_1712249535836_22714da",
    "context_conn_country": "IN",
    "context_receiver_service_timestamp": 1712253308693,
    "context_time": 1712253304786,
    "context_user_agent": "Mozilla/5.0 (Windows NT 10.0; Win64; x64) AppleWebKit/537.36 (KHTML, like Gecko) Chrome/123.0.0.0 Safari/537.36",
    "message_action_intent": "play",
    "message_action_type": "click",
    "message_browser_name": null,
    "message_browser_os": null,
    "message_browser_platform": null,
    "message_item_id": "now-playing-bar",
    "message_page": "playlist"
  },
  {
    "message_target_uri": null,
    "message_view_uri": "/",
    "timestamp_utc": "2024-06-04T09:39:31.560Z",
    "context_application_version": "web-player_2024-06-04_1717490050878_338d7a3",
    "context_conn_country": "IN",
    "context_receiver_service_timestamp": 1717493978970,
    "context_time": 1717493971560,
    "context_user_agent": "Mozilla/5.0 (Windows NT 10.0; Win64; x64) AppleWebKit/537.36 (KHTML, like Gecko) Chrome/125.0.0.0 Safari/537.36",
    "message_action_intent": "play",
    "message_action_type": "click",
    "message_browser_name": null,
    "message_browser_os": null,
    "message_browser_platform": null,
    "message_item_id": "now-playing-bar",
    "message_page": null
  },
  {
    "message_target_uri": null,
    "message_view_uri": "/playlist/3klHoHnflXy95Y8x4d3NIZ",
    "timestamp_utc": "2024-03-30T19:39:17.680Z",
    "context_application_version": "web-player_2024-03-30_1711805820169_c06b23b",
    "context_conn_country": "IN",
    "context_receiver_service_timestamp": 1711827558463,
    "context_time": 1711827557680,
    "context_user_agent": "Mozilla/5.0 (Windows NT 10.0; Win64; x64) AppleWebKit/537.36 (KHTML, like Gecko) Chrome/123.0.0.0 Safari/537.36",
    "message_action_intent": "play",
    "message_action_type": "click",
    "message_browser_name": null,
    "message_browser_os": null,
    "message_browser_platform": null,
    "message_item_id": "now-playing-bar",
    "message_page": "playlist"
  },
  {
    "message_target_uri": "spotify:track:5p6Fx7EGe2zi49J8X8jR9s",
    "message_view_uri": "/playlist/3oK2pZZvkoK4EqYee9nxz8",
    "timestamp_utc": "2024-03-21T19:10:54.845Z",
    "context_application_version": "web-player_2024-03-21_1711037534877_8b9e0da",
    "context_conn_country": "IN",
    "context_receiver_service_timestamp": 1711048261099,
    "context_time": 1711048254845,
    "context_user_agent": "Mozilla/5.0 (Windows NT 10.0; Win64; x64) AppleWebKit/537.36 (KHTML, like Gecko) Chrome/123.0.0.0 Safari/537.36",
    "message_action_intent": "navigate",
    "message_action_type": "click",
    "message_browser_name": null,
    "message_browser_os": null,
    "message_browser_platform": null,
    "message_item_id": "playlist-tracklist/row/0",
    "message_page": "playlist"
  },
  {
    "message_target_uri": null,
    "message_view_uri": "/",
    "timestamp_utc": "2024-05-31T18:06:38.774Z",
    "context_application_version": "web-player_2024-05-31_1717175061327_2f4b769",
    "context_conn_country": "IN",
    "context_receiver_service_timestamp": 1717178807886,
    "context_time": 1717178798774,
    "context_user_agent": "Mozilla/5.0 (Windows NT 10.0; Win64; x64) AppleWebKit/537.36 (KHTML, like Gecko) Chrome/125.0.0.0 Safari/537.36",
    "message_action_intent": "play",
    "message_action_type": "click",
    "message_browser_name": null,
    "message_browser_os": null,
    "message_browser_platform": null,
    "message_item_id": "now-playing-bar",
    "message_page": null
  },
  {
    "message_target_uri": null,
    "message_view_uri": "/",
    "timestamp_utc": "2024-06-05T08:56:19.407Z",
    "context_application_version": "web-player_2024-06-05_1717574642367_803fa17",
    "context_conn_country": "IN",
    "context_receiver_service_timestamp": 1717577785889,
    "context_time": 1717577779407,
    "context_user_agent": "Mozilla/5.0 (Windows NT 10.0; Win64; x64) AppleWebKit/537.36 (KHTML, like Gecko) Chrome/125.0.0.0 Safari/537.36",
    "message_action_intent": "play",
    "message_action_type": "click",
    "message_browser_name": null,
    "message_browser_os": null,
    "message_browser_platform": null,
    "message_item_id": "now-playing-bar",
    "message_page": null
  },
  {
    "message_target_uri": "spotify:episode:0jRdZaOpdASt4m9jNBUlqg",
    "message_view_uri": "/episode/0jRdZaOpdASt4m9jNBUlqg",
    "timestamp_utc": "2024-04-06T12:41:28.620Z",
    "context_application_version": "web-player_2024-04-06_1712398192972_ec764ca",
    "context_conn_country": "IN",
    "context_receiver_service_timestamp": 1712407300545,
    "context_time": 1712407288620,
    "context_user_agent": "Mozilla/5.0 (Windows NT 10.0; Win64; x64) AppleWebKit/537.36 (KHTML, like Gecko) Chrome/123.0.0.0 Safari/537.36",
    "message_action_intent": "play",
    "message_action_type": "click",
    "message_browser_name": null,
    "message_browser_os": null,
    "message_browser_platform": null,
    "message_item_id": "/podcast-description-timestamp",
    "message_page": "episode"
  },
  {
    "message_target_uri": null,
    "message_view_uri": "/",
    "timestamp_utc": "2024-04-20T08:56:47.466Z",
    "context_application_version": "web-player_2024-04-20_1713600576710_8d18281",
    "context_conn_country": "IN",
    "context_receiver_service_timestamp": 1713603413944,
    "context_time": 1713603407466,
    "context_user_agent": "Mozilla/5.0 (Windows NT 10.0; Win64; x64) AppleWebKit/537.36 (KHTML, like Gecko) Chrome/124.0.0.0 Safari/537.36",
    "message_action_intent": "next",
    "message_action_type": "click",
    "message_browser_name": null,
    "message_browser_os": null,
    "message_browser_platform": null,
    "message_item_id": "now-playing-bar",
    "message_page": null
  },
  {
    "message_target_uri": "/search",
    "message_view_uri": "/",
    "timestamp_utc": "2024-06-05T08:56:45.769Z",
    "context_application_version": "web-player_2024-06-05_1717574642367_803fa17",
    "context_conn_country": "IN",
    "context_receiver_service_timestamp": 1717577815719,
    "context_time": 1717577805769,
    "context_user_agent": "Mozilla/5.0 (Windows NT 10.0; Win64; x64) AppleWebKit/537.36 (KHTML, like Gecko) Chrome/125.0.0.0 Safari/537.36",
    "message_action_intent": "navigate",
    "message_action_type": "click",
    "message_browser_name": null,
    "message_browser_os": null,
    "message_browser_platform": null,
    "message_item_id": "nav-bar",
    "message_page": null
  },
  {
    "message_target_uri": null,
    "message_view_uri": "/",
    "timestamp_utc": "2024-06-04T23:16:49.406Z",
    "context_application_version": "web-player_2024-06-04_1717538574685_ede7fd3",
    "context_conn_country": "IN",
    "context_receiver_service_timestamp": 1717543019201,
    "context_time": 1717543009406,
    "context_user_agent": "Mozilla/5.0 (Windows NT 10.0; Win64; x64) AppleWebKit/537.36 (KHTML, like Gecko) Chrome/125.0.0.0 Safari/537.36",
    "message_action_intent": "seek",
    "message_action_type": "click",
    "message_browser_name": null,
    "message_browser_os": null,
    "message_browser_platform": null,
    "message_item_id": "now-playing-bar",
    "message_page": null
  },
  {
    "message_target_uri": "spotify:track:3zSSCPpLZ5Oc8nelhhGjKz",
    "message_view_uri": "/track/3zSSCPpLZ5Oc8nelhhGjKz",
    "timestamp_utc": "2024-05-31T18:07:08.584Z",
    "context_application_version": "web-player_2024-05-31_1717175061327_2f4b769",
    "context_conn_country": "IN",
    "context_receiver_service_timestamp": 1717178837869,
    "context_time": 1717178828584,
    "context_user_agent": "Mozilla/5.0 (Windows NT 10.0; Win64; x64) AppleWebKit/537.36 (KHTML, like Gecko) Chrome/125.0.0.0 Safari/537.36",
    "message_action_intent": "play",
    "message_action_type": "click",
    "message_browser_name": null,
    "message_browser_os": null,
    "message_browser_platform": null,
    "message_item_id": "/button",
    "message_page": "track"
  },
  {
    "message_target_uri": null,
    "message_view_uri": "/playlist/3klHoHnflXy95Y8x4d3NIZ",
    "timestamp_utc": "2024-03-30T18:38:22.050Z",
    "context_application_version": "web-player_2024-03-30_1711805820169_c06b23b",
    "context_conn_country": "IN",
    "context_receiver_service_timestamp": 1711823908558,
    "context_time": 1711823902050,
    "context_user_agent": "Mozilla/5.0 (Windows NT 10.0; Win64; x64) AppleWebKit/537.36 (KHTML, like Gecko) Chrome/123.0.0.0 Safari/537.36",
    "message_action_intent": "play",
    "message_action_type": "click",
    "message_browser_name": null,
    "message_browser_os": null,
    "message_browser_platform": null,
    "message_item_id": "playlist-tracklist/row/0",
    "message_page": "playlist"
  },
  {
    "message_target_uri": "/search",
    "message_view_uri": "/",
    "timestamp_utc": "2024-06-02T00:35:19.740Z",
    "context_application_version": "web-player_2024-06-01_1717222596883_3f8e445",
    "context_conn_country": "IN",
    "context_receiver_service_timestamp": 1717288521729,
    "context_time": 1717288519740,
    "context_user_agent": "Mozilla/5.0 (Windows NT 10.0; Win64; x64) AppleWebKit/537.36 (KHTML, like Gecko) Chrome/125.0.0.0 Safari/537.36",
    "message_action_intent": "navigate",
    "message_action_type": "click",
    "message_browser_name": null,
    "message_browser_os": null,
    "message_browser_platform": null,
    "message_item_id": "nav-bar",
    "message_page": null
  },
  {
    "message_target_uri": null,
    "message_view_uri": "/playlist/3klHoHnflXy95Y8x4d3NIZ",
    "timestamp_utc": "2024-04-04T17:55:16.564Z",
    "context_application_version": "web-player_2024-04-04_1712249535836_22714da",
    "context_conn_country": "IN",
    "context_receiver_service_timestamp": 1712253318684,
    "context_time": 1712253316564,
    "context_user_agent": "Mozilla/5.0 (Windows NT 10.0; Win64; x64) AppleWebKit/537.36 (KHTML, like Gecko) Chrome/123.0.0.0 Safari/537.36",
    "message_action_intent": "seek",
    "message_action_type": "click",
    "message_browser_name": null,
    "message_browser_os": null,
    "message_browser_platform": null,
    "message_item_id": "now-playing-bar",
    "message_page": "playlist"
  },
  {
    "message_target_uri": null,
    "message_view_uri": "/",
    "timestamp_utc": "2024-03-30T18:37:59.764Z",
    "context_application_version": "web-player_2024-03-30_1711805820169_c06b23b",
    "context_conn_country": "IN",
    "context_receiver_service_timestamp": 1711823899231,
    "context_time": 1711823879764,
    "context_user_agent": "Mozilla/5.0 (Windows NT 10.0; Win64; x64) AppleWebKit/537.36 (KHTML, like Gecko) Chrome/123.0.0.0 Safari/537.36",
    "message_action_intent": "play",
    "message_action_type": "click",
    "message_browser_name": null,
    "message_browser_os": null,
    "message_browser_platform": null,
    "message_item_id": "now-playing-bar",
    "message_page": null
  },
  {
    "message_target_uri": null,
    "message_view_uri": "/track/3zSSCPpLZ5Oc8nelhhGjKz",
    "timestamp_utc": "2024-06-05T08:57:31.839Z",
    "context_application_version": "web-player_2024-06-05_1717574642367_803fa17",
    "context_conn_country": "IN",
    "context_receiver_service_timestamp": 1717577855734,
    "context_time": 1717577851839,
    "context_user_agent": "Mozilla/5.0 (Windows NT 10.0; Win64; x64) AppleWebKit/537.36 (KHTML, like Gecko) Chrome/125.0.0.0 Safari/537.36",
    "message_action_intent": "seek",
    "message_action_type": "click",
    "message_browser_name": null,
    "message_browser_os": null,
    "message_browser_platform": null,
    "message_item_id": "now-playing-bar",
    "message_page": "track"
  },
  {
    "message_target_uri": null,
    "message_view_uri": "/",
    "timestamp_utc": "2024-06-04T09:39:23.658Z",
    "context_application_version": "web-player_2024-06-04_1717490050878_338d7a3",
    "context_conn_country": "IN",
    "context_receiver_service_timestamp": 1717493969122,
    "context_time": 1717493963658,
    "context_user_agent": "Mozilla/5.0 (Windows NT 10.0; Win64; x64) AppleWebKit/537.36 (KHTML, like Gecko) Chrome/125.0.0.0 Safari/537.36",
    "message_action_intent": "seek",
    "message_action_type": "click",
    "message_browser_name": null,
    "message_browser_os": null,
    "message_browser_platform": null,
    "message_item_id": "now-playing-bar",
    "message_page": null
  },
  {
    "message_target_uri": null,
    "message_view_uri": "/",
    "timestamp_utc": "2024-06-04T09:39:25.394Z",
    "context_application_version": "web-player_2024-06-04_1717490050878_338d7a3",
    "context_conn_country": "IN",
    "context_receiver_service_timestamp": 1717493969122,
    "context_time": 1717493965394,
    "context_user_agent": "Mozilla/5.0 (Windows NT 10.0; Win64; x64) AppleWebKit/537.36 (KHTML, like Gecko) Chrome/125.0.0.0 Safari/537.36",
    "message_action_intent": "play",
    "message_action_type": "click",
    "message_browser_name": null,
    "message_browser_os": null,
    "message_browser_platform": null,
    "message_item_id": "now-playing-bar",
    "message_page": null
  }
]