[
  {
    "message_view_uri": "/browse/featured",
    "timestamp_utc": "2024-05-31T18:07:16.514Z",
    "context_application_version": "web-player_2024-05-31_1717175061327_2f4b769",
    "context_conn_country": "IN",
    "context_receiver_service_timestamp": 1717178837869,
    "context_time": 1717178836514,
    "context_user_agent": "Mozilla/5.0 (Windows NT 10.0; Win64; x64) AppleWebKit/537.36 (KHTML, like Gecko) Chrome/125.0.0.0 Safari/537.36",
    "message_browser_name": null,
    "message_browser_os": null,
    "message_browser_platform": null,
    "message_page": "/browse",
    "message_page_id_for_metrics": null,
    "message_referrer": null,
    "message_type": "enter"
  },
  {
    "message_view_uri": "/browse/featured",
    "timestamp_utc": "2024-05-31T20:12:34.695Z",
    "context_application_version": "web-player_2024-05-31_1717175061327_2f4b769",
    "context_conn_country": "IN",
    "context_receiver_service_timestamp": 1717186365444,
    "context_time": 1717186354695,
    "context_user_agent": "Mozilla/5.0 (Windows NT 10.0; Win64; x64) AppleWebKit/537.36 (KHTML, like Gecko) Chrome/125.0.0.0 Safari/537.36",
    "message_browser_name": null,
    "message_browser_os": null,
    "message_browser_platform": null,
    "message_page": "/browse",
    "message_page_id_for_metrics": null,
    "message_referrer": null,
    "message_type": "enter"
  },
  {
    "message_view_uri": "spotify:track:5p6Fx7EGe2zi49J8X8jR9s",
    "timestamp_utc": "2024-03-21T19:10:54.848Z",
    "context_application_version": "web-player_2024-03-21_1711037534877_8b9e0da",
    "context_conn_country": "IN",
    "context_receiver_service_timestamp": 1711048261099,
    "context_time": 1711048254848,
    "context_user_agent": "Mozilla/5.0 (Windows NT 10.0; Win64; x64) AppleWebKit/537.36 (KHTML, like Gecko) Chrome/123.0.0.0 Safari/537.36",
    "message_browser_name": null,
    "message_browser_os": null,
    "message_browser_platform": null,
    "message_page": "/track",
    "message_page_id_for_metrics": null,
    "message_referrer": null,
    "message_type": "enter"
  },
  {
    "message_view_uri": "spotify:episode:0jRdZaOpdASt4m9jNBUlqg",
    "timestamp_utc": "2024-04-06T12:41:27.803Z",
    "context_application_version": "web-player_2024-04-06_1712398192972_ec764ca",
    "context_conn_country": "IN",
    "context_receiver_service_timestamp": 1712407300545,
    "context_time": 1712407287803,
    "context_user_agent": "Mozilla/5.0 (Windows NT 10.0; Win64; x64) AppleWebKit/537.36 (KHTML, like Gecko) Chrome/123.0.0.0 Safari/537.36",
    "message_browser_name": null,
    "message_browser_os": null,
    "message_browser_platform": null,
    "message_page": "/episode",
    "message_page_id_for_metrics": null,
    "message_referrer": null,
    "message_type": "enter"
  },
  {
    "message_view_uri": "/browse/featured",
    "timestamp_utc": "2024-03-21T19:17:21.836Z",
    "context_application_version": "web-player_2024-03-21_1711044933360_0ab9a46",
    "context_conn_country": "IN",
    "context_receiver_service_timestamp": 1711048651307,
    "context_time": 1711048641836,
    "context_user_agent": "Mozilla/5.0 (Windows NT 10.0; Win64; x64) AppleWebKit/537.36 (KHTML, like Gecko) Chrome/123.0.0.0 Safari/537.36",
    "message_browser_name": null,
    "message_browser_os": null,
    "message_browser_platform": null,
    "message_page": "/browse",
    "message_page_id_for_metrics": null,
    "message_referrer": null,
    "message_type": "enter"
  },
  {
    "message_view_uri": "spotify:playlist:3klHoHnflXy95Y8x4d3NIZ",
    "timestamp_utc": "2024-03-21T19:10:50.738Z",
    "context_application_version": "web-player_2024-03-21_1711037534877_8b9e0da",
    "context_conn_country": "IN",
    "context_receiver_service_timestamp": 1711048261099,
    "context_time": 1711048250738,
    "context_user_agent": "Mozilla/5.0 (Windows NT 10.0; Win64; x64) AppleWebKit/537.36 (KHTML, like Gecko) Chrome/123.0.0.0 Safari/537.36",
    "message_browser_name": null,
    "message_browser_os": null,
    "message_browser_platform": null,
    "message_page": "/playlist",
    "message_page_id_for_metrics": null,
    "message_referrer": null,
    "message_type": "exit"
  },
  {
    "message_view_uri": "spotify:playlist:3klHoHnflXy95Y8x4d3NIZ",
    "timestamp_utc": "2024-04-06T13:54:33.275Z",
    "context_application_version": "web-player_2024-04-06_1712398192972_ec764ca",
    "context_conn_country": "IN",
    "context_receiver_service_timestamp": 1712411680298,
    "context_time": 1712411673275,
    "context_user_agent": "Mozilla/5.0 (Windows NT 10.0; Win64; x64) AppleWebKit/537.36 (KHTML, like Gecko) Chrome/123.0.0.0 Safari/537.36",
    "message_browser_name": null,
    "message_browser_os": null,
    "message_browser_platform": null,
    "message_page": "/playlist",
    "message_page_id_for_metrics": null,
    "message_referrer": null,
    "message_type": "exit"
  },
  {
    "message_view_uri": "/browse/featured",
    "timestamp_utc": "2024-06-02T00:26:51.553Z",
    "context_application_version": "web-player_2024-06-01_1717222596883_3f8e445",
    "context_conn_country": "IN",
    "context_receiver_service_timestamp": 1717288021889,
    "context_time": 1717288011553,
    "context_user_agent": "Mozilla/5.0 (Windows NT 10.0; Win64; x64) AppleWebKit/537.36 (KHTML, like Gecko) Chrome/125.0.0.0 Safari/537.36",
    "message_browser_name": null,
    "message_browser_os": null,
    "message_browser_platform": null,
    "message_page": "/browse",
    "message_page_id_for_metrics": null,
    "message_referrer": null,
    "message_type": "enter"
  },
  {
    "message_view_uri": "/browse/featured",
    "timestamp_utc": "2024-03-21T19:10:26.865Z",
    "context_application_version": "web-player_2024-03-21_1711037534877_8b9e0da",
    "context_conn_country": "IN",
    "context_receiver_service_timestamp": 1711048231375,
    "context_time": 1711048226865,
    "context_user_agent": "Mozilla/5.0 (Windows NT 10.0; Win64; x64) AppleWebKit/537.36 (KHTML, like Gecko) Chrome/123.0.0.0 Safari/537.36",
    "message_browser_name": null,
    "message_browser_os": null,
    "message_browser_platform": null,
    "message_page": "/browse",
    "message_page_id_for_metrics": null,
    "message_referrer": null,
    "message_type": "exit"
  },
  {
    "message_view_uri": "spotify:playlist:3oK2pZZvkoK4EqYee9nxz8",
    "timestamp_utc": "2024-03-21T19:10:26.865Z",
    "context_application_version": "web-player_2024-03-21_1711037534877_8b9e0da",
    "context_conn_country": "IN",
    "context_receiver_service_timestamp": 1711048231375,
    "context_time": 1711048226865,
    "context_user_agent": "Mozilla/5.0 (Windows NT 10.0; Win64; x64) AppleWebKit/537.36 (KHTML, like Gecko) Chrome/123.0.0.0 Safari/537.36",
    "message_browser_name": null,
    "message_browser_os": null,
    "message_browser_platform": null,
    "message_page": "/playlist",
    "message_page_id_for_metrics": null,
    "message_referrer": null,
    "message_type": "enter"
  },
  {
    "message_view_uri": "/browse/featured",
    "timestamp_utc": "2024-04-20T09:18:05.835Z",
    "context_application_version": "web-player_2024-04-20_1713600576710_8d18281",
    "context_conn_country": "IN",
    "context_receiver_service_timestamp": 1713604699038,
    "context_time": 1713604685835,
    "context_user_agent": "Mozilla/5.0 (Windows NT 10.0; Win64; x64) AppleWebKit/537.36 (KHTML, like Gecko) Chrome/124.0.0.0 Safari/537.36",
    "message_browser_name": null,
    "message_browser_os": null,
    "message_browser_platform": null,
    "message_page": "/browse",
    "message_page_id_for_metrics": null,
    "message_referrer": null,
    "message_type": "enter"
  },
  {
    "message_view_uri": "spotify:track:3zSSCPpLZ5Oc8nelhhGjKz",
    "timestamp_utc": "2024-05-31T18:07:16.514Z",
    "context_application_version": "web-player_2024-05-31_1717175061327_2f4b769",
    "context_conn_country": "IN",
    "context_receiver_service_timestamp": 1717178837869,
    "context_time": 1717178836514,
    "context_user_agent": "Mozilla/5.0 (Windows NT 10.0; Win64; x64) AppleWebKit/537.36 (KHTML, like Gecko) Chrome/125.0.0.0 Safari/537.36",
    "message_browser_name": null,
    "message_browser_os": null,
    "message_browser_platform": null,
    "message_page": "/track",
    "message_page_id_for_metrics": null,
    "message_referrer": null,
    "message_type": "exit"
  },
  {
    "message_view_uri": "/browse/featured",
    "timestamp_utc": "2024-04-18T06:05:42.157Z",
    "context_application_version": "web-player_2024-04-18_1713413506061_da0ecf4",
    "context_conn_country": "IN",
    "context_receiver_service_timestamp": 1713420462791,
    "context_time": 1713420342157,
    "context_user_agent": "Mozilla/5.0 (Windows NT 10.0; Win64; x64) AppleWebKit/537.36 (KHTML, like Gecko) Chrome/124.0.0.0 Safari/537.36",
    "message_browser_name": null,
    "message_browser_os": null,
    "message_browser_platform": null,
    "message_page": "/browse",
    "message_page_id_for_metrics": null,
    "message_referrer": null,
    "message_type": "enter"
  },
  {
    "message_view_uri": "/preferences",
    "timestamp_utc": "2024-04-06T13:56:26.439Z",
    "context_application_version": "web-player_2024-04-06_1712398192972_ec764ca",
    "context_conn_country": "IN",
    "context_receiver_service_timestamp": 1713378848526,
    "context_time": 1712411786439,
    "context_user_agent": "Mozilla/5.0 (Windows NT 10.0; Win64; x64) AppleWebKit/537.36 (KHTML, like Gecko) Chrome/123.0.0.0 Safari/537.36",
    "message_browser_name": null,
    "message_browser_os": null,
    "message_browser_platform": null,
    "message_page": "/preferences",
    "message_page_id_for_metrics": null,
    "message_referrer": null,
    "message_type": "enter"
  },
  {
    "message_view_uri": "/search",
    "timestamp_utc": "2024-06-05T08:56:46.984Z",
    "context_application_version": "web-player_2024-06-05_1717574642367_803fa17",
    "context_conn_country": "IN",
    "context_receiver_service_timestamp": 1717577815719,
    "context_time": 1717577806984,
    "context_user_agent": "Mozilla/5.0 (Windows NT 10.0; Win64; x64) AppleWebKit/537.36 (KHTML, like Gecko) Chrome/125.0.0.0 Safari/537.36",
    "message_browser_name": null,
    "message_browser_os": null,
    "message_browser_platform": null,
    "message_page": "/search",
    "message_page_id_for_metrics": null,
    "message_referrer": null,
    "message_type": "exit"
  },
  {
    "message_view_uri": "/browse/featured",
    "timestamp_utc": "2024-03-21T19:21:37.942Z",
    "context_application_version": "web-player_2024-03-21_1711044933360_0ab9a46",
    "context_conn_country": "IN",
    "context_receiver_service_timestamp": 1711048909803,
    "context_time": 1711048897942,
    "context_user_agent": "Mozilla/5.0 (Windows NT 10.0; Win64; x64) AppleWebKit/537.36 (KHTML, like Gecko) Chrome/123.0.0.0 Safari/537.36",
    "message_browser_name": null,
    "message_browser_os": null,
    "message_browser_platform": null,
    "message_page": "/browse",
    "message_page_id_for_metrics": null,
    "message_referrer": null,
    "message_type": "enter"
  },
  {
    "message_view_uri": "/browse/featured",
    "timestamp_utc": "2024-06-05T21:30:11.427Z",
    "context_application_version": "web-player_2024-06-05_1717619056663_163095e",
    "context_conn_country": "IN",
    "context_receiver_service_timestamp": 1717623023527,
    "context_time": 1717623011427,
    "context_user_agent": "Mozilla/5.0 (Windows NT 10.0; Win64; x64) AppleWebKit/537.36 (KHTML, like Gecko) Chrome/125.0.0.0 Safari/537.36",
    "message_browser_name": null,
    "message_browser_os": null,
    "message_browser_platform": null,
    "message_page": "/browse",
    "message_page_id_for_metrics": null,
    "message_referrer": null,
    "message_type": "enter"
  },
  {
    "message_view_uri": "/browse/featured",
    "timestamp_utc": "2024-06-04T09:39:18.809Z",
    "context_application_version": "web-player_2024-06-04_1717490050878_338d7a3",
    "context_conn_country": "IN",
    "context_receiver_service_timestamp": 1717493969122,
    "context_time": 1717493958809,
    "context_user_agent": "Mozilla/5.0 (Windows NT 10.0; Win64; x64) AppleWebKit/537.36 (KHTML, like Gecko) Chrome/125.0.0.0 Safari/537.36",
    "message_browser_name": null,
    "message_browser_os": null,
    "message_browser_platform": null,
    "message_page": "/browse",
    "message_page_id_for_metrics": null,
    "message_referrer": null,
    "message_type": "enter"
  },
  {
    "message_view_uri": "spotify:playlist:3oK2pZZvkoK4EqYee9nxz8",
    "timestamp_utc": "2024-03-21T19:10:35.779Z",
    "context_application_version": "web-player_2024-03-21_1711037534877_8b9e0da",
    "context_conn_country": "IN",
    "context_receiver_service_timestamp": 1711048241396,
    "context_time": 1711048235779,
    "context_user_agent": "Mozilla/5.0 (Windows NT 10.0; Win64; x64) AppleWebKit/537.36 (KHTML, like Gecko) Chrome/123.0.0.0 Safari/537.36",
    "message_browser_name": null,
    "message_browser_os": null,
    "message_browser_platform": null,
    "message_page": "/playlist",
    "message_page_id_for_metrics": null,
    "message_referrer": null,
    "message_type": "exit"
  },
  {
    "message_view_uri": "/download",
    "timestamp_utc": "2024-03-21T19:10:45.950Z",
    "context_application_version": "web-player_2024-03-21_1711037534877_8b9e0da",
    "context_conn_country": "IN",
    "context_receiver_service_timestamp": 1711048251577,
    "context_time": 1711048245950,
    "context_user_agent": "Mozilla/5.0 (Windows NT 10.0; Win64; x64) AppleWebKit/537.36 (KHTML, like Gecko) Chrome/123.0.0.0 Safari/537.36",
    "message_browser_name": null,
    "message_browser_os": null,
    "message_browser_platform": null,
    "message_page": "/upsell",
    "message_page_id_for_metrics": null,
    "message_referrer": null,
    "message_type": "exit"
  },
  {
    "message_view_uri": "/browse/featured",
    "timestamp_utc": "2024-06-05T08:56:45.774Z",
    "context_application_version": "web-player_2024-06-05_1717574642367_803fa17",
    "context_conn_country": "IN",
    "context_receiver_service_timestamp": 1717577815719,
    "context_time": 1717577805774,
    "context_user_agent": "Mozilla/5.0 (Windows NT 10.0; Win64; x64) AppleWebKit/537.36 (KHTML, like Gecko) Chrome/125.0.0.0 Safari/537.36",
    "message_browser_name": null,
    "message_browser_os": null,
    "message_browser_platform": null,
    "message_page": "/browse",
    "message_page_id_for_metrics": null,
    "message_referrer": null,
    "message_type": "exit"
  },
  {
    "message_view_uri": "/browse/featured",
    "timestamp_utc": "2024-03-30T18:36:18.474Z",
    "context_application_version": "web-player_2024-03-30_1711805820169_c06b23b",
    "context_conn_country": "IN",
    "context_receiver_service_timestamp": 1711823899231,
    "context_time": 1711823778474,
    "context_user_agent": "Mozilla/5.0 (Windows NT 10.0; Win64; x64) AppleWebKit/537.36 (KHTML, like Gecko) Chrome/123.0.0.0 Safari/537.36",
    "message_browser_name": null,
    "message_browser_os": null,
    "message_browser_platform": null,
    "message_page": "/browse",
    "message_page_id_for_metrics": null,
    "message_referrer": null,
    "message_type": "enter"
  },
  {
    "message_view_uri": "/browse/featured",
    "timestamp_utc": "2024-06-02T00:35:19.761Z",
    "context_application_version": "web-player_2024-06-01_1717222596883_3f8e445",
    "context_conn_country": "IN",
    "context_receiver_service_timestamp": 1717288521729,
    "context_time": 1717288519761,
    "context_user_agent": "Mozilla/5.0 (Windows NT 10.0; Win64; x64) AppleWebKit/537.36 (KHTML, like Gecko) Chrome/125.0.0.0 Safari/537.36",
    "message_browser_name": null,
    "message_browser_os": null,
    "message_browser_platform": null,
    "message_page": "/browse",
    "message_page_id_for_metrics": null,
    "message_referrer": null,
    "message_type": "exit"
  },
  {
    "message_view_uri": "/browse/featured",
    "timestamp_utc": "2024-04-17T18:33:55.955Z",
    "context_application_version": "web-player_2024-04-17_1713375504431_d8ca7ae",
    "context_conn_country": "IN",
    "context_receiver_service_timestamp": 1713378848526,
    "context_time": 1713378835955,
    "context_user_agent": "Mozilla/5.0 (Windows NT 10.0; Win64; x64) AppleWebKit/537.36 (KHTML, like Gecko) Chrome/123.0.0.0 Safari/537.36",
    "message_browser_name": null,
    "message_browser_os": null,
    "message_browser_platform": null,
    "message_page": "/browse",
    "message_page_id_for_metrics": null,
    "message_referrer": null,
    "message_type": "enter"
  },
  {
    "message_view_uri": "/search",
    "timestamp_utc": "2024-06-05T08:56:45.774Z",
    "context_application_version": "web-player_2024-06-05_1717574642367_803fa17",
    "context_conn_country": "IN",
    "context_receiver_service_timestamp": 1717577815719,
    "context_time": 1717577805774,
    "context_user_agent": "Mozilla/5.0 (Windows NT 10.0; Win64; x64) AppleWebKit/537.36 (KHTML, like Gecko) Chrome/125.0.0.0 Safari/537.36",
    "message_browser_name": null,
    "message_browser_os": null,
    "message_browser_platform": null,
    "message_page": "/search",
    "message_page_id_for_metrics": null,
    "message_referrer": null,
    "message_type": "enter"
  },
  {
    "message_view_uri": "spotify:user:okqlhqksh6asizbnxioa4a81r",
    "timestamp_utc": "2024-06-04T23:20:00.295Z",
    "context_application_version": "web-player_2024-06-04_1717538574685_ede7fd3",
    "context_conn_country": "IN",
    "context_receiver_service_timestamp": 1717543209208,
    "context_time": 1717543200295,
    "context_user_agent": "Mozilla/5.0 (Windows NT 10.0; Win64; x64) AppleWebKit/537.36 (KHTML, like Gecko) Chrome/125.0.0.0 Safari/537.36",
    "message_browser_name": null,
    "message_browser_os": null,
    "message_browser_platform": null,
    "message_page": "/profile",
    "message_page_id_for_metrics": null,
    "message_referrer": null,
    "message_type": "enter"
  },
  {
    "message_view_uri": "/browse/featured",
    "timestamp_utc": "2024-06-05T00:22:51.562Z",
    "context_application_version": "web-player_2024-06-04_1717543459392_6d58cb7",
    "context_conn_country": "IN",
    "context_receiver_service_timestamp": 1717546982263,
    "context_time": 1717546971562,
    "context_user_agent": "Mozilla/5.0 (Windows NT 10.0; Win64; x64) AppleWebKit/537.36 (KHTML, like Gecko) Chrome/125.0.0.0 Safari/537.36",
    "message_browser_name": null,
    "message_browser_os": null,
    "message_browser_platform": null,
    "message_page": "/browse",
    "message_page_id_for_metrics": null,
    "message_referrer": null,
    "message_type": "enter"
  },
  {
    "message_view_uri": "/browse/featured",
    "timestamp_utc": "2024-04-20T08:56:30.896Z",
    "context_application_version": "web-player_2024-04-20_1713600576710_8d18281",
    "context_conn_country": "IN",
    "context_receiver_service_timestamp": 1713603404188,
    "context_time": 1713603390896,
    "context_user_agent": "Mozilla/5.0 (Windows NT 10.0; Win64; x64) AppleWebKit/537.36 (KHTML, like Gecko) Chrome/124.0.0.0 Safari/537.36",
    "message_browser_name": null,
    "message_browser_os": null,
    "message_browser_platform": null,
    "message_page": "/browse",
    "message_page_id_for_metrics": null,
    "message_referrer": null,
    "message_type": "enter"
  },
  {
    "message_view_uri": "spotify:playlist:3klHoHnflXy95Y8x4d3NIZ",
    "timestamp_utc": "2024-03-30T18:38:02.808Z",
    "context_application_version": "web-player_2024-03-30_1711805820169_c06b23b",
    "context_conn_country": "IN",
    "context_receiver_service_timestamp": 1711823899231,
    "context_time": 1711823882808,
    "context_user_agent": "Mozilla/5.0 (Windows NT 10.0; Win64; x64) AppleWebKit/537.36 (KHTML, like Gecko) Chrome/123.0.0.0 Safari/537.36",
    "message_browser_name": null,
    "message_browser_os": null,
    "message_browser_platform": null,
    "message_page": "/playlist",
    "message_page_id_for_metrics": null,
    "message_referrer": null,
    "message_type": "enter"
  },
  {
    "message_view_uri": "/browse/featured",
    "timestamp_utc": "2024-03-22T18:52:24.250Z",
    "context_application_version": "web-player_2024-03-22_1711129378113_a99653d",
    "context_conn_country": "IN",
    "context_receiver_service_timestamp": 1711823899231,
    "context_time": 1711133544250,
    "context_user_agent": "Mozilla/5.0 (Windows NT 10.0; Win64; x64) AppleWebKit/537.36 (KHTML, like Gecko) Chrome/123.0.0.0 Safari/537.36",
    "message_browser_name": null,
    "message_browser_os": null,
    "message_browser_platform": null,
    "message_page": "/browse",
    "message_page_id_for_metrics": null,
    "message_referrer": null,
    "message_type": "enter"
  },
  {
    "message_view_uri": "/browse/featured",
    "timestamp_utc": "2024-05-31T18:06:56.526Z",
    "context_application_version": "web-player_2024-05-31_1717175061327_2f4b769",
    "context_conn_country": "IN",
    "context_receiver_service_timestamp": 1717178817858,
    "context_time": 1717178816526,
    "context_user_agent": "Mozilla/5.0 (Windows NT 10.0; Win64; x64) AppleWebKit/537.36 (KHTML, like Gecko) Chrome/125.0.0.0 Safari/537.36",
    "message_browser_name": null,
    "message_browser_os": null,
    "message_browser_platform": null,
    "message_page": "/browse",
    "message_page_id_for_metrics": null,
    "message_referrer": null,
    "message_type": "exit"
  },
  {
    "message_view_uri": "/browse/featured",
    "timestamp_utc": "2024-06-04T23:20:00.295Z",
    "context_application_version": "web-player_2024-06-04_1717538574685_ede7fd3",
    "context_conn_country": "IN",
    "context_receiver_service_timestamp": 1717543209208,
    "context_time": 1717543200295,
    "context_user_agent": "Mozilla/5.0 (Windows NT 10.0; Win64; x64) AppleWebKit/537.36 (KHTML, like Gecko) Chrome/125.0.0.0 Safari/537.36",
    "message_browser_name": null,
    "message_browser_os": null,
    "message_browser_platform": null,
    "message_page": "/browse",
    "message_page_id_for_metrics": null,
    "message_referrer": null,
    "message_type": "exit"
  },
  {
    "message_view_uri": "/browse/featured",
    "timestamp_utc": "2024-06-05T08:56:15.076Z",
    "context_application_version": "web-player_2024-06-05_1717574642367_803fa17",
    "context_conn_country": "IN",
    "context_receiver_service_timestamp": 1717577785889,
    "context_time": 1717577775076,
    "context_user_agent": "Mozilla/5.0 (Windows NT 10.0; Win64; x64) AppleWebKit/537.36 (KHTML, like Gecko) Chrome/125.0.0.0 Safari/537.36",
    "message_browser_name": null,
    "message_browser_os": null,
    "message_browser_platform": null,
    "message_page": "/browse",
    "message_page_id_for_metrics": null,
    "message_referrer": null,
    "message_type": "enter"
  },
  {
    "message_view_uri": "spotify:episode:0jRdZaOpdASt4m9jNBUlqg",
    "timestamp_utc": "2024-04-06T13:43:38.634Z",
    "context_application_version": "web-player_2024-04-06_1712398192972_ec764ca",
    "context_conn_country": "IN",
    "context_receiver_service_timestamp": 1712411030290,
    "context_time": 1712411018634,
    "context_user_agent": "Mozilla/5.0 (Windows NT 10.0; Win64; x64) AppleWebKit/537.36 (KHTML, like Gecko) Chrome/123.0.0.0 Safari/537.36",
    "message_browser_name": null,
    "message_browser_os": null,
    "message_browser_platform": null,
    "message_page": "/episode",
    "message_page_id_for_metrics": null,
    "message_referrer": null,
    "message_type": "exit"
  },
  {
    "message_view_uri": "spotify:track:5p6Fx7EGe2zi49J8X8jR9s",
    "timestamp_utc": "2024-03-21T19:11:22.273Z",
    "context_application_version": "web-player_2024-03-21_1711037534877_8b9e0da",
    "context_conn_country": "IN",
    "context_receiver_service_timestamp": 1711048291202,
    "context_time": 1711048282273,
    "context_user_agent": "Mozilla/5.0 (Windows NT 10.0; Win64; x64) AppleWebKit/537.36 (KHTML, like Gecko) Chrome/123.0.0.0 Safari/537.36",
    "message_browser_name": null,
    "message_browser_os": null,
    "message_browser_platform": null,
    "message_page": "/track",
    "message_page_id_for_metrics": null,
    "message_referrer": null,
    "message_type": "exit"
  },
  {
    "message_view_uri": "/browse/featured",
    "timestamp_utc": "2024-05-31T21:43:26.364Z",
    "context_application_version": "web-player_2024-05-31_1717182462560_d6e7fed",
    "context_conn_country": "IN",
    "context_receiver_service_timestamp": 1717191817087,
    "context_time": 1717191806364,
    "context_user_agent": "Mozilla/5.0 (Windows NT 10.0; Win64; x64) AppleWebKit/537.36 (KHTML, like Gecko) Chrome/125.0.0.0 Safari/537.36",
    "message_browser_name": null,
    "message_browser_os": null,
    "message_browser_platform": null,
    "message_page": "/browse",
    "message_page_id_for_metrics": null,
    "message_referrer": null,
    "message_type": "enter"
  },
  {
    "message_view_uri": "/browse/featured",
    "timestamp_utc": "2024-05-31T22:05:10.203Z",
    "context_application_version": "web-player_2024-05-31_1717182462560_d6e7fed",
    "context_conn_country": "IN",
    "context_receiver_service_timestamp": 1717193121047,
    "context_time": 1717193110203,
    "context_user_agent": "Mozilla/5.0 (Windows NT 10.0; Win64; x64) AppleWebKit/537.36 (KHTML, like Gecko) Chrome/125.0.0.0 Safari/537.36",
    "message_browser_name": null,
    "message_browser_os": null,
    "message_browser_platform": null,
    "message_page": "/browse",
    "message_page_id_for_metrics": null,
    "message_referrer": null,
    "message_type": "enter"
  },
  {
    "message_view_uri": "spotify:playlist:3oK2pZZvkoK4EqYee9nxz8",
    "timestamp_utc": "2024-03-21T19:10:54.848Z",
    "context_application_version": "web-player_2024-03-21_1711037534877_8b9e0da",
    "context_conn_country": "IN",
    "context_receiver_service_timestamp": 1711048261099,
    "context_time": 1711048254848,
    "context_user_agent": "Mozilla/5.0 (Windows NT 10.0; Win64; x64) AppleWebKit/537.36 (KHTML, like Gecko) Chrome/123.0.0.0 Safari/537.36",
    "message_browser_name": null,
    "message_browser_os": null,
    "message_browser_platform": null,
    "message_page": "/playlist",
    "message_page_id_for_metrics": null,
    "message_referrer": null,
    "message_type": "exit"
  },
  {
    "message_view_uri": "/browse/featured",
    "timestamp_utc": "2024-05-28T20:17:38.996Z",
    "context_application_version": "web-player_2024-05-28_1716920683435_8d51a66",
    "context_conn_country": "IN",
    "context_receiver_service_timestamp": 1716927461985,
    "context_time": 1716927458996,
    "context_user_agent": "Mozilla/5.0 (Windows NT 10.0; Win64; x64) AppleWebKit/537.36 (KHTML, like Gecko) Chrome/125.0.0.0 Safari/537.36",
    "message_browser_name": null,
    "message_browser_os": null,
    "message_browser_platform": null,
    "message_page": "/browse",
    "message_page_id_for_metrics": null,
    "message_referrer": null,
    "message_type": "exit"
  },
  {
    "message_view_uri": "/download",
    "timestamp_utc": "2024-03-21T19:10:35.779Z",
    "context_application_version": "web-player_2024-03-21_1711037534877_8b9e0da",
    "context_conn_country": "IN",
    "context_receiver_service_timestamp": 1711048241396,
    "context_time": 1711048235779,
    "context_user_agent": "Mozilla/5.0 (Windows NT 10.0; Win64; x64) AppleWebKit/537.36 (KHTML, like Gecko) Chrome/123.0.0.0 Safari/537.36",
    "message_browser_name": null,
    "message_browser_os": null,
    "message_browser_platform": null,
    "message_page": "/upsell",
    "message_page_id_for_metrics": null,
    "message_referrer": null,
    "message_type": "enter"
  },
  {
    "message_view_uri": "spotify:track:3zSSCPpLZ5Oc8nelhhGjKz",
    "timestamp_utc": "2024-05-31T18:07:03.491Z",
    "context_application_version": "web-player_2024-05-31_1717175061327_2f4b769",
    "context_conn_country": "IN",
    "context_receiver_service_timestamp": 1717178827967,
    "context_time": 1717178823491,
    "context_user_agent": "Mozilla/5.0 (Windows NT 10.0; Win64; x64) AppleWebKit/537.36 (KHTML, like Gecko) Chrome/125.0.0.0 Safari/537.36",
    "message_browser_name": null,
    "message_browser_os": null,
    "message_browser_platform": null,
    "message_page": "/track",
    "message_page_id_for_metrics": null,
    "message_referrer": null,
    "message_type": "enter"
  },
  {
    "message_view_uri": "/preferences",
    "timestamp_utc": "2024-04-06T13:54:33.275Z",
    "context_application_version": "web-player_2024-04-06_1712398192972_ec764ca",
    "context_conn_country": "IN",
    "context_receiver_service_timestamp": 1712411680298,
    "context_time": 1712411673275,
    "context_user_agent": "Mozilla/5.0 (Windows NT 10.0; Win64; x64) AppleWebKit/537.36 (KHTML, like Gecko) Chrome/123.0.0.0 Safari/537.36",
    "message_browser_name": null,
    "message_browser_os": null,
    "message_browser_platform": null,
    "message_page": "/preferences",
    "message_page_id_for_metrics": null,
    "message_referrer": null,
    "message_type": "enter"
  },
  {
    "message_view_uri": "/search/results",
    "timestamp_utc": "2024-05-31T18:07:03.490Z",
    "context_application_version": "web-player_2024-05-31_1717175061327_2f4b769",
    "context_conn_country": "IN",
    "context_receiver_service_timestamp": 1717178827967,
    "context_time": 1717178823490,
    "context_user_agent": "Mozilla/5.0 (Windows NT 10.0; Win64; x64) AppleWebKit/537.36 (KHTML, like Gecko) Chrome/125.0.0.0 Safari/537.36",
    "message_browser_name": null,
    "message_browser_os": null,
    "message_browser_platform": null,
    "message_page": "/search",
    "message_page_id_for_metrics": null,
    "message_referrer": null,
    "message_type": "exit"
  },
  {
    "message_view_uri": "/search",
    "timestamp_utc": "2024-05-31T18:06:56.527Z",
    "context_application_version": "web-player_2024-05-31_1717175061327_2f4b769",
    "context_conn_country": "IN",
    "context_receiver_service_timestamp": 1717178817858,
    "context_time": 1717178816527,
    "context_user_agent": "Mozilla/5.0 (Windows NT 10.0; Win64; x64) AppleWebKit/537.36 (KHTML, like Gecko) Chrome/125.0.0.0 Safari/537.36",
    "message_browser_name": null,
    "message_browser_os": null,
    "message_browser_platform": null,
    "message_page": "/search",
    "message_page_id_for_metrics": null,
    "message_referrer": null,
    "message_type": "enter"
  },
  {
    "message_view_uri": "spotify:track:3zSSCPpLZ5Oc8nelhhGjKz",
    "timestamp_utc": "2024-06-05T08:56:46.985Z",
    "context_application_version": "web-player_2024-06-05_1717574642367_803fa17",
    "context_conn_country": "IN",
    "context_receiver_service_timestamp": 1717577815719,
    "context_time": 1717577806985,
    "context_user_agent": "Mozilla/5.0 (Windows NT 10.0; Win64; x64) AppleWebKit/537.36 (KHTML, like Gecko) Chrome/125.0.0.0 Safari/537.36",
    "message_browser_name": null,
    "message_browser_os": null,
    "message_browser_platform": null,
    "message_page": "/track",
    "message_page_id_for_metrics": null,
    "message_referrer": null,
    "message_type": "enter"
  },
  {
    "message_view_uri": "/browse/featured",
    "timestamp_utc": "2024-05-31T18:06:27.661Z",
    "context_application_version": "web-player_2024-05-31_1717175061327_2f4b769",
    "context_conn_country": "IN",
    "context_receiver_service_timestamp": 1717178798067,
    "context_time": 1717178787661,
    "context_user_agent": "Mozilla/5.0 (Windows NT 10.0; Win64; x64) AppleWebKit/537.36 (KHTML, like Gecko) Chrome/125.0.0.0 Safari/537.36",
    "message_browser_name": null,
    "message_browser_os": null,
    "message_browser_platform": null,
    "message_page": "/browse",
    "message_page_id_for_metrics": null,
    "message_referrer": null,
    "message_type": "enter"
  },
  {
    "message_view_uri": "/browse/featured",
    "timestamp_utc": "2024-06-04T23:15:48.700Z",
    "context_application_version": "web-player_2024-06-04_1717538574685_ede7fd3",
    "context_conn_country": "IN",
    "context_receiver_service_timestamp": 1717542959414,
    "context_time": 1717542948700,
    "context_user_agent": "Mozilla/5.0 (Windows NT 10.0; Win64; x64) AppleWebKit/537.36 (KHTML, like Gecko) Chrome/125.0.0.0 Safari/537.36",
    "message_browser_name": null,
    "message_browser_os": null,
    "message_browser_platform": null,
    "message_page": "/browse",
    "message_page_id_for_metrics": null,
    "message_referrer": null,
    "message_type": "enter"
  },
  {
    "message_view_uri": "/browse/featured",
    "timestamp_utc": "2024-03-30T18:38:02.807Z",
    "context_application_version": "web-player_2024-03-30_1711805820169_c06b23b",
    "context_conn_country": "IN",
    "context_receiver_service_timestamp": 1711823899231,
    "context_time": 1711823882807,
    "context_user_agent": "Mozilla/5.0 (Windows NT 10.0; Win64; x64) AppleWebKit/537.36 (KHTML, like Gecko) Chrome/123.0.0.0 Safari/537.36",
    "message_browser_name": null,
    "message_browser_os": null,
    "message_browser_platform": null,
    "message_page": "/browse",
    "message_page_id_for_metrics": null,
    "message_referrer": null,
    "message_type": "exit"
  },
  {
    "message_view_uri": "spotify:playlist:3klHoHnflXy95Y8x4d3NIZ",
    "timestamp_utc": "2024-04-04T17:54:50.337Z",
    "context_application_version": "web-player_2024-04-04_1712249535836_22714da",
    "context_conn_country": "IN",
    "context_receiver_service_timestamp": 1712253298901,
    "context_time": 1712253290337,
    "context_user_agent": "Mozilla/5.0 (Windows NT 10.0; Win64; x64) AppleWebKit/537.36 (KHTML, like Gecko) Chrome/123.0.0.0 Safari/537.36",
    "message_browser_name": null,
    "message_browser_os": null,
    "message_browser_platform": null,
    "message_page": "/playlist",
    "message_page_id_for_metrics": null,
    "message_referrer": null,
    "message_type": "enter"
  },
  {
    "message_view_uri": "spotify:playlist:3oK2pZZvkoK4EqYee9nxz8",
    "timestamp_utc": "2024-03-21T19:10:50.738Z",
    "context_application_version": "web-player_2024-03-21_1711037534877_8b9e0da",
    "context_conn_country": "IN",
    "context_receiver_service_timestamp": 1711048261099,
    "context_time": 1711048250738,
    "context_user_agent": "Mozilla/5.0 (Windows NT 10.0; Win64; x64) AppleWebKit/537.36 (KHTML, like Gecko) Chrome/123.0.0.0 Safari/537.36",
    "message_browser_name": null,
    "message_browser_os": null,
    "message_browser_platform": null,
    "message_page": "/playlist",
    "message_page_id_for_metrics": null,
    "message_referrer": null,
    "message_type": "enter"
  },
  {
    "message_view_uri": "spotify:playlist:3klHoHnflXy95Y8x4d3NIZ",
    "timestamp_utc": "2024-04-06T13:43:38.635Z",
    "context_application_version": "web-player_2024-04-06_1712398192972_ec764ca",
    "context_conn_country": "IN",
    "context_receiver_service_timestamp": 1712411030290,
    "context_time": 1712411018635,
    "context_user_agent": "Mozilla/5.0 (Windows NT 10.0; Win64; x64) AppleWebKit/537.36 (KHTML, like Gecko) Chrome/123.0.0.0 Safari/537.36",
    "message_browser_name": null,
    "message_browser_os": null,
    "message_browser_platform": null,
    "message_page": "/playlist",
    "message_page_id_for_metrics": null,
    "message_referrer": null,
    "message_type": "enter"
  },
  {
    "message_view_uri": "/search",
    "timestamp_utc": "2024-06-02T00:35:21.843Z",
    "context_application_version": "web-player_2024-06-01_1717222596883_3f8e445",
    "context_conn_country": "IN",
    "context_receiver_service_timestamp": 1717288531729,
    "context_time": 1717288521843,
    "context_user_agent": "Mozilla/5.0 (Windows NT 10.0; Win64; x64) AppleWebKit/537.36 (KHTML, like Gecko) Chrome/125.0.0.0 Safari/537.36",
    "message_browser_name": null,
    "message_browser_os": null,
    "message_browser_platform": null,
    "message_page": "/search",
    "message_page_id_for_metrics": null,
    "message_referrer": null,
    "message_type": "exit"
  },
  {
    "message_view_uri": "/browse/featured",
    "timestamp_utc": "2024-06-02T09:18:10.728Z",
    "context_application_version": "web-player_2024-06-01_1717222596883_3f8e445",
    "context_conn_country": "IN",
    "context_receiver_service_timestamp": 1717319901169,
    "context_time": 1717319890728,
    "context_user_agent": "Mozilla/5.0 (Windows NT 10.0; Win64; x64) AppleWebKit/537.36 (KHTML, like Gecko) Chrome/125.0.0.0 Safari/537.36",
    "message_browser_name": null,
    "message_browser_os": null,
    "message_browser_platform": null,
    "message_page": "/browse",
    "message_page_id_for_metrics": null,
    "message_referrer": null,
    "message_type": "enter"
  },
  {
    "message_view_uri": "spotify:track:3zSSCPpLZ5Oc8nelhhGjKz",
    "timestamp_utc": "2024-06-02T00:35:21.844Z",
    "context_application_version": "web-player_2024-06-01_1717222596883_3f8e445",
    "context_conn_country": "IN",
    "context_receiver_service_timestamp": 1717288531729,
    "context_time": 1717288521844,
    "context_user_agent": "Mozilla/5.0 (Windows NT 10.0; Win64; x64) AppleWebKit/537.36 (KHTML, like Gecko) Chrome/125.0.0.0 Safari/537.36",
    "message_browser_name": null,
    "message_browser_os": null,
    "message_browser_platform": null,
    "message_page": "/track",
    "message_page_id_for_metrics": null,
    "message_referrer": null,
    "message_type": "enter"
  },
  {
    "message_view_uri": "/download",
    "timestamp_utc": "2024-03-21T19:11:22.273Z",
    "context_application_version": "web-player_2024-03-21_1711037534877_8b9e0da",
    "context_conn_country": "IN",
    "context_receiver_service_timestamp": 1711048291202,
    "context_time": 1711048282273,
    "context_user_agent": "Mozilla/5.0 (Windows NT 10.0; Win64; x64) AppleWebKit/537.36 (KHTML, like Gecko) Chrome/123.0.0.0 Safari/537.36",
    "message_browser_name": null,
    "message_browser_os": null,
    "message_browser_platform": null,
    "message_page": "/upsell",
    "message_page_id_for_metrics": null,
    "message_referrer": null,
    "message_type": "enter"
  },
  {
    "message_view_uri": "/browse/featured",
    "timestamp_utc": "2024-06-02T08:51:27.514Z",
    "context_application_version": "web-player_2024-06-01_1717222596883_3f8e445",
    "context_conn_country": "IN",
    "context_receiver_service_timestamp": 1717318298456,
    "context_time": 1717318287514,
    "context_user_agent": "Mozilla/5.0 (Windows NT 10.0; Win64; x64) AppleWebKit/537.36 (KHTML, like Gecko) Chrome/125.0.0.0 Safari/537.36",
    "message_browser_name": null,
    "message_browser_os": null,
    "message_browser_platform": null,
    "message_page": "/browse",
    "message_page_id_for_metrics": null,
    "message_referrer": null,
    "message_type": "enter"
  },
  {
    "message_view_uri": "/browse/featured",
    "timestamp_utc": "2024-04-04T17:54:37.283Z",
    "context_application_version": "web-player_2024-04-04_1712249535836_22714da",
    "context_conn_country": "IN",
    "context_receiver_service_timestamp": 1712253289351,
    "context_time": 1712253277283,
    "context_user_agent": "Mozilla/5.0 (Windows NT 10.0; Win64; x64) AppleWebKit/537.36 (KHTML, like Gecko) Chrome/123.0.0.0 Safari/537.36",
    "message_browser_name": null,
    "message_browser_os": null,
    "message_browser_platform": null,
    "message_page": "/browse",
    "message_page_id_for_metrics": null,
    "message_referrer": null,
    "message_type": "enter"
  },
  {
    "message_view_uri": "/browse/featured",
    "timestamp_utc": "2024-03-21T19:10:19.433Z",
    "context_application_version": "web-player_2024-03-21_1711037534877_8b9e0da",
    "context_conn_country": "IN",
    "context_receiver_service_timestamp": 1711048231375,
    "context_time": 1711048219433,
    "context_user_agent": "Mozilla/5.0 (Windows NT 10.0; Win64; x64) AppleWebKit/537.36 (KHTML, like Gecko) Chrome/123.0.0.0 Safari/537.36",
    "message_browser_name": null,
    "message_browser_os": null,
    "message_browser_platform": null,
    "message_page": "/browse",
    "message_page_id_for_metrics": null,
    "message_referrer": null,
    "message_type": "enter"
  },
  {
    "message_view_uri": "/browse/featured",
    "timestamp_utc": "2024-05-28T19:01:31.928Z",
    "context_application_version": "web-player_2024-05-28_1716915523902_f168e6c",
    "context_conn_country": "IN",
    "context_receiver_service_timestamp": 1716922903066,
    "context_time": 1716922891928,
    "context_user_agent": "Mozilla/5.0 (Windows NT 10.0; Win64; x64) AppleWebKit/537.36 (KHTML, like Gecko) Chrome/125.0.0.0 Safari/537.36",
    "message_browser_name": null,
    "message_browser_os": null,
    "message_browser_platform": null,
    "message_page": "/browse",
    "message_page_id_for_metrics": null,
    "message_referrer": null,
    "message_type": "enter"
  },
  {
    "message_view_uri": "/preferences",
    "timestamp_utc": "2024-04-06T13:56:43.804Z",
    "context_application_version": "web-player_2024-04-06_1712398192972_ec764ca",
    "context_conn_country": "IN",
    "context_receiver_service_timestamp": 1713378848526,
    "context_time": 1712411803804,
    "context_user_agent": "Mozilla/5.0 (Windows NT 10.0; Win64; x64) AppleWebKit/537.36 (KHTML, like Gecko) Chrome/123.0.0.0 Safari/537.36",
    "message_browser_name": null,
    "message_browser_os": null,
    "message_browser_platform": null,
    "message_page": "/preferences",
    "message_page_id_for_metrics": null,
    "message_referrer": null,
    "message_type": "enter"
  },
  {
    "message_view_uri": "/browse/featured",
    "timestamp_utc": "2024-06-02T19:53:37.177Z",
    "context_application_version": "web-player_2024-06-02_1717330134368_f1cb048",
    "context_conn_country": "IN",
    "context_receiver_service_timestamp": 1717358028347,
    "context_time": 1717358017177,
    "context_user_agent": "Mozilla/5.0 (Windows NT 10.0; Win64; x64) AppleWebKit/537.36 (KHTML, like Gecko) Chrome/125.0.0.0 Safari/537.36",
    "message_browser_name": null,
    "message_browser_os": null,
    "message_browser_platform": null,
    "message_page": "/browse",
    "message_page_id_for_metrics": null,
    "message_referrer": null,
    "message_type": "enter"
  },
  {
    "message_view_uri": "/browse/featured",
    "timestamp_utc": "2024-05-28T19:18:21.207Z",
    "context_application_version": "web-player_2024-05-28_1716920683435_8d51a66",
    "context_conn_country": "IN",
    "context_receiver_service_timestamp": 1716923912486,
    "context_time": 1716923901207,
    "context_user_agent": "Mozilla/5.0 (Windows NT 10.0; Win64; x64) AppleWebKit/537.36 (KHTML, like Gecko) Chrome/125.0.0.0 Safari/537.36",
    "message_browser_name": null,
    "message_browser_os": null,
    "message_browser_platform": null,
    "message_page": "/browse",
    "message_page_id_for_metrics": null,
    "message_referrer": null,
    "message_type": "enter"
  },
  {
    "message_view_uri": "/browse/featured",
    "timestamp_utc": "2024-04-04T17:54:50.337Z",
    "context_application_version": "web-player_2024-04-04_1712249535836_22714da",
    "context_conn_country": "IN",
    "context_receiver_service_timestamp": 1712253298901,
    "context_time": 1712253290337,
    "context_user_agent": "Mozilla/5.0 (Windows NT 10.0; Win64; x64) AppleWebKit/537.36 (KHTML, like Gecko) Chrome/123.0.0.0 Safari/537.36",
    "message_browser_name": null,
    "message_browser_os": null,
    "message_browser_platform": null,
    "message_page": "/browse",
    "message_page_id_for_metrics": null,
    "message_referrer": null,
    "message_type": "exit"
  },
  {
    "message_view_uri": "spotify:playlist:3klHoHnflXy95Y8x4d3NIZ",
    "timestamp_utc": "2024-03-21T19:10:45.950Z",
    "context_application_version": "web-player_2024-03-21_1711037534877_8b9e0da",
    "context_conn_country": "IN",
    "context_receiver_service_timestamp": 1711048251577,
    "context_time": 1711048245950,
    "context_user_agent": "Mozilla/5.0 (Windows NT 10.0; Win64; x64) AppleWebKit/537.36 (KHTML, like Gecko) Chrome/123.0.0.0 Safari/537.36",
    "message_browser_name": null,
    "message_browser_os": null,
    "message_browser_platform": null,
    "message_page": "/playlist",
    "message_page_id_for_metrics": null,
    "message_referrer": null,
    "message_type": "enter"
  },
  {
    "message_view_uri": "/browse/featured",
    "timestamp_utc": "2024-03-21T19:09:34.770Z",
    "context_application_version": "web-player_2024-03-21_1711037534877_8b9e0da",
    "context_conn_country": "IN",
    "context_receiver_service_timestamp": 1711048187252,
    "context_time": 1711048174770,
    "context_user_agent": "Mozilla/5.0 (Windows NT 10.0; Win64; x64) AppleWebKit/537.36 (KHTML, like Gecko) Chrome/123.0.0.0 Safari/537.36",
    "message_browser_name": null,
    "message_browser_os": null,
    "message_browser_platform": null,
    "message_page": "/browse",
    "message_page_id_for_metrics": null,
    "message_referrer": null,
    "message_type": "enter"
  },
  {
    "message_view_uri": "/search",
    "timestamp_utc": "2024-06-02T00:35:19.762Z",
    "context_application_version": "web-player_2024-06-01_1717222596883_3f8e445",
    "context_conn_country": "IN",
    "context_receiver_service_timestamp": 1717288521729,
    "context_time": 1717288519762,
    "context_user_agent": "Mozilla/5.0 (Windows NT 10.0; Win64; x64) AppleWebKit/537.36 (KHTML, like Gecko) Chrome/125.0.0.0 Safari/537.36",
    "message_browser_name": null,
    "message_browser_os": null,
    "message_browser_platform": null,
    "message_page": "/search",
    "message_page_id_for_metrics": null,
    "message_referrer": null,
    "message_type": "enter"
  },
  {
    "message_view_uri": "/browse/featured",
    "timestamp_utc": "2024-05-31T23:17:27.562Z",
    "context_application_version": "web-player_2024-05-31_1717191494162_5f53473",
    "context_conn_country": "IN",
    "context_receiver_service_timestamp": 1717197458259,
    "context_time": 1717197447562,
    "context_user_agent": "Mozilla/5.0 (Windows NT 10.0; Win64; x64) AppleWebKit/537.36 (KHTML, like Gecko) Chrome/125.0.0.0 Safari/537.36",
    "message_browser_name": null,
    "message_browser_os": null,
    "message_browser_platform": null,
    "message_page": "/browse",
    "message_page_id_for_metrics": null,
    "message_referrer": null,
    "message_type": "enter"
  },
  {
    "message_view_uri": "spotify:episode:19ucngYCiUjjaNXHVAYzMg",
    "timestamp_utc": "2024-05-28T20:17:38.997Z",
    "context_application_version": "web-player_2024-05-28_1716920683435_8d51a66",
    "context_conn_country": "IN",
    "context_receiver_service_timestamp": 1716927461985,
    "context_time": 1716927458997,
    "context_user_agent": "Mozilla/5.0 (Windows NT 10.0; Win64; x64) AppleWebKit/537.36 (KHTML, like Gecko) Chrome/125.0.0.0 Safari/537.36",
    "message_browser_name": null,
    "message_browser_os": null,
    "message_browser_platform": null,
    "message_page": "/episode",
    "message_page_id_for_metrics": null,
    "message_referrer": null,
    "message_type": "enter"
  }
]