[
  {
    "timestamp_utc": "2024-03-27T22:30:07Z",
    "context_application_version": "8.7.20.1261",
    "context_conn_country": "IN",
    "context_device_manufacturer": "realme",
    "context_device_model": "RMX3392",
    "context_device_type": "mobile",
    "context_os_name": "android",
    "context_os_version": "13",
    "context_receiver_service_timestamp": 1711578620662,
    "context_time": 1711578607000,
    "context_user_agent": null,
    "message_is_snippet": null,
    "message_lyrics_format": "card",
    "message_playback_id": "1c9b534d4f4fc8b683094fa739d5a6ee",
    "message_sync_type": "LINE_SYNCED",
    "message_track_uri": "spotify:track:5iCY0TXNImK4hyKfcplQsg"
  },
  {
    "timestamp_utc": "2023-12-27T08:22:54.618Z",
    "context_application_version": "8.7.20.1261",
    "context_conn_country": "IN",
    "context_device_manufacturer": "realme",
    "context_device_model": "RMX3392",
    "context_device_type": null,
    "context_os_name": "android",
    "context_os_version": "13",
    "context_receiver_service_timestamp": 1703665401169,
    "context_time": 1703665374618,
    "context_user_agent": null,
    "message_is_snippet": null,
    "message_lyrics_format": "card",
    "message_playback_id": "b6f201cd236321d3b50b7d4c92360777",
    "message_sync_type": "LINE_SYNCED",
    "message_track_uri": "spotify:track:6MZyrnqwsLnrWY5Gk0AyXg"
  },
  {
    "timestamp_utc": "2024-03-21T19:11:00.437Z",
    "context_application_version": "web-player_2024-03-21_1711037534877_8b9e0da",
    "context_conn_country": "IN",
    "context_device_manufacturer": null,
    "context_device_model": null,
    "context_device_type": null,
    "context_os_name": null,
    "context_os_version": null,
    "context_receiver_service_timestamp": 1711048271098,
    "context_time": 1711048260437,
    "context_user_agent": "Mozilla/5.0 (Windows NT 10.0; Win64; x64) AppleWebKit/537.36 (KHTML, like Gecko) Chrome/123.0.0.0 Safari/537.36",
    "message_is_snippet": null,
    "message_lyrics_format": "track-page",
    "message_playback_id": "1ec133aa172a4f97a009f3105c0c1a0d",
    "message_sync_type": "LINE_SYNCED",
    "message_track_uri": "spotify:track:5p6Fx7EGe2zi49J8X8jR9s"
  },
  {
    "timestamp_utc": "2024-03-12T21:04:54.663Z",
    "context_application_version": "8.7.20.1261",
    "context_conn_country": "IN",
    "context_device_manufacturer": "realme",
    "context_device_model": "RMX3392",
    "context_device_type": "mobile",
    "context_os_name": "android",
    "context_os_version": "13",
    "context_receiver_service_timestamp": 1710277498728,
    "context_time": 1710277494663,
    "context_user_agent": null,
    "message_is_snippet": null,
    "message_lyrics_format": "card",
    "message_playback_id": "e1aa1aca45be9db9eec52e49597cd2ff",
    "message_sync_type": "LINE_SYNCED",
    "message_track_uri": "spotify:track:7BqHUALzNBTanL6OvsqmC1"
  },
  {
    "timestamp_utc": "2024-04-24T04:33:58.589Z",
    "context_application_version": "8.7.20.1261",
    "context_conn_country": "IN",
    "context_device_manufacturer": "realme",
    "context_device_model": "RMX3392",
    "context_device_type": "mobile",
    "context_os_name": "android",
    "context_os_version": "13",
    "context_receiver_service_timestamp": 1713934534641,
    "context_time": 1713933238589,
    "context_user_agent": null,
    "message_is_snippet": null,
    "message_lyrics_format": "card",
    "message_playback_id": "4384936fafafb332ba6bd1eb827e550c",
    "message_sync_type": "LINE_SYNCED",
    "message_track_uri": "spotify:track:117gRrOjnRkMCgWxNtDNSv"
  },
  {
    "timestamp_utc": "2023-12-27T08:25:21.981Z",
    "context_application_version": "8.7.20.1261",
    "context_conn_country": "IN",
    "context_device_manufacturer": "realme",
    "context_device_model": "RMX3392",
    "context_device_type": null,
    "context_os_name": "android",
    "context_os_version": "13",
    "context_receiver_service_timestamp": 1703665551283,
    "context_time": 1703665521981,
    "context_user_agent": null,
    "message_is_snippet": null,
    "message_lyrics_format": "card",
    "message_playback_id": "b6f201cd236321d3b50b7d4c92360777",
    "message_sync_type": "LINE_SYNCED",
    "message_track_uri": "spotify:track:6MZyrnqwsLnrWY5Gk0AyXg"
  },
  {
    "timestamp_utc": "2024-03-12T20:48:41.452Z",
    "context_application_version": "8.7.20.1261",
    "context_conn_country": "IN",
    "context_device_manufacturer": "realme",
    "context_device_model": "RMX3392",
    "context_device_type": "mobile",
    "context_os_name": "android",
    "context_os_version": "13",
    "context_receiver_service_timestamp": 1710276539061,
    "context_time": 1710276521452,
    "context_user_agent": null,
    "message_is_snippet": null,
    "message_lyrics_format": "card",
    "message_playback_id": "f6d1bcd66565a86c88ae9e19015ac757",
    "message_sync_type": "LINE_SYNCED",
    "message_track_uri": "spotify:track:0pqnGHJpmpxLKifKRmU6WP"
  },
  {
    "timestamp_utc": "2024-03-12T21:01:14.986Z",
    "context_application_version": "8.7.20.1261",
    "context_conn_country": "IN",
    "context_device_manufacturer": "realme",
    "context_device_model": "RMX3392",
    "context_device_type": "mobile",
    "context_os_name": "android",
    "context_os_version": "13",
    "context_receiver_service_timestamp": 1710277288054,
    "context_time": 1710277274986,
    "context_user_agent": null,
    "message_is_snippet": null,
    "message_lyrics_format": "card",
    "message_playback_id": "682bfdd6e24378fb6792e041ad899c16",
    "message_sync_type": "LINE_SYNCED",
    "message_track_uri": "spotify:track:2RSHsoi04658QL5xgQVov3"
  },
  {
    "timestamp_utc": "2024-03-12T20:47:58.507Z",
    "context_application_version": "8.7.20.1261",
    "context_conn_country": "IN",
    "context_device_manufacturer": "realme",
    "context_device_model": "RMX3392",
    "context_device_type": "mobile",
    "context_os_name": "android",
    "context_os_version": "13",
    "context_receiver_service_timestamp": 1710276480065,
    "context_time": 1710276478507,
    "context_user_agent": null,
    "message_is_snippet": null,
    "message_lyrics_format": "card",
    "message_playback_id": "ed93f029e689182d7fe85615b9b1e167",
    "message_sync_type": "LINE_SYNCED",
    "message_track_uri": "spotify:track:7tjtWVu8RsshzPxQm8oT3y"
  },
  {
    "timestamp_utc": "2024-01-01T00:39:45.484Z",
    "context_application_version": "8.7.20.1261",
    "context_conn_country": "IN",
    "context_device_manufacturer": "LENOVO",
    "context_device_model": "Lenovo TB-8504X",
    "context_device_type": null,
    "context_os_name": "android",
    "context_os_version": "8.1.0",
    "context_receiver_service_timestamp": 1704069588147,
    "context_time": 1704069585484,
    "context_user_agent": null,
    "message_is_snippet": null,
    "message_lyrics_format": "card",
    "message_playback_id": "e79e45e2147c1c257da1ce7f8d0615e9",
    "message_sync_type": "LINE_SYNCED",
    "message_track_uri": "spotify:track:0YxKKO272sacGBJKjf6FnB"
  },
  {
    "timestamp_utc": "2024-01-05T17:53:33.280Z",
    "context_application_version": "8.7.20.1261",
    "context_conn_country": "IN",
    "context_device_manufacturer": "realme",
    "context_device_model": "RMX3392",
    "context_device_type": null,
    "context_os_name": "android",
    "context_os_version": "13",
    "context_receiver_service_timestamp": 1704477229053,
    "context_time": 1704477213280,
    "context_user_agent": null,
    "message_is_snippet": null,
    "message_lyrics_format": "card",
    "message_playback_id": "ad1d3015d641a03a3078429dee2121f4",
    "message_sync_type": "LINE_SYNCED",
    "message_track_uri": "spotify:track:7fY8qVujvm5lZBrt5Y1sIJ"
  },
  {
    "timestamp_utc": "2024-03-12T20:53:27.674Z",
    "context_application_version": "8.7.20.1261",
    "context_conn_country": "IN",
    "context_device_manufacturer": "realme",
    "context_device_model": "RMX3392",
    "context_device_type": "mobile",
    "context_os_name": "android",
    "context_os_version": "13",
    "context_receiver_service_timestamp": 1710276809063,
    "context_time": 1710276807674,
    "context_user_agent": null,
    "message_is_snippet": null,
    "message_lyrics_format": "card",
    "message_playback_id": "f123bf97256e8ef0eb395d6ae73b7df1",
    "message_sync_type": "LINE_SYNCED",
    "message_track_uri": "spotify:track:3QGsuHI8jO1Rx4JWLUh9jd"
  },
  {
    "timestamp_utc": "2024-04-24T04:16:06.346Z",
    "context_application_version": "8.7.20.1261",
    "context_conn_country": "IN",
    "context_device_manufacturer": "realme",
    "context_device_model": "RMX3392",
    "context_device_type": "mobile",
    "context_os_name": "android",
    "context_os_version": "13",
    "context_receiver_service_timestamp": 1713932181503,
    "context_time": 1713932166346,
    "context_user_agent": null,
    "message_is_snippet": null,
    "message_lyrics_format": "card",
    "message_playback_id": "4384936fafafb332ba6bd1eb827e550c",
    "message_sync_type": "LINE_SYNCED",
    "message_track_uri": "spotify:track:117gRrOjnRkMCgWxNtDNSv"
  },
  {
    "timestamp_utc": "2024-03-21T19:10:57.704Z",
    "context_application_version": "web-player_2024-03-21_1711037534877_8b9e0da",
    "context_conn_country": "IN",
    "context_device_manufacturer": null,
    "context_device_model": null,
    "context_device_type": null,
    "context_os_name": null,
    "context_os_version": null,
    "context_receiver_service_timestamp": 1711048261099,
    "context_time": 1711048257704,
    "context_user_agent": "Mozilla/5.0 (Windows NT 10.0; Win64; x64) AppleWebKit/537.36 (KHTML, like Gecko) Chrome/123.0.0.0 Safari/537.36",
    "message_is_snippet": null,
    "message_lyrics_format": "track-page",
    "message_playback_id": null,
    "message_sync_type": "LINE_SYNCED",
    "message_track_uri": "spotify:track:5p6Fx7EGe2zi49J8X8jR9s"
  },
  {
    "timestamp_utc": "2024-03-12T21:01:43.708Z",
    "context_application_version": "8.7.20.1261",
    "context_conn_country": "IN",
    "context_device_manufacturer": "realme",
    "context_device_model": "RMX3392",
    "context_device_type": "mobile",
    "context_os_name": "android",
    "context_os_version": "13",
    "context_receiver_service_timestamp": 1710277318464,
    "context_time": 1710277303708,
    "context_user_agent": null,
    "message_is_snippet": null,
    "message_lyrics_format": "fullscreen",
    "message_playback_id": "682bfdd6e24378fb6792e041ad899c16",
    "message_sync_type": "LINE_SYNCED",
    "message_track_uri": "spotify:track:2RSHsoi04658QL5xgQVov3"
  },
  {
    "timestamp_utc": "2024-03-12T21:03:56.068Z",
    "context_application_version": "8.7.20.1261",
    "context_conn_country": "IN",
    "context_device_manufacturer": "realme",
    "context_device_model": "RMX3392",
    "context_device_type": "mobile",
    "context_os_name": "android",
    "context_os_version": "13",
    "context_receiver_service_timestamp": 1710277437749,
    "context_time": 1710277436068,
    "context_user_agent": null,
    "message_is_snippet": null,
    "message_lyrics_format": "card",
    "message_playback_id": "682bfdd6e24378fb6792e041ad899c16",
    "message_sync_type": "LINE_SYNCED",
    "message_track_uri": "spotify:track:2RSHsoi04658QL5xgQVov3"
  },
  {
    "timestamp_utc": "2024-03-27T22:30:09.075Z",
    "context_application_version": "8.7.20.1261",
    "context_conn_country": "IN",
    "context_device_manufacturer": "realme",
    "context_device_model": "RMX3392",
    "context_device_type": "mobile",
    "context_os_name": "android",
    "context_os_version": "13",
    "context_receiver_service_timestamp": 1711578620853,
    "context_time": 1711578609075,
    "context_user_agent": null,
    "message_is_snippet": null,
    "message_lyrics_format": "card",
    "message_playback_id": "1c9b534d4f4fc8b683094fa739d5a6ee",
    "message_sync_type": "LINE_SYNCED",
    "message_track_uri": "spotify:track:5iCY0TXNImK4hyKfcplQsg"
  }
]