[
  {
    "message_track": "",
    "timestamp_utc": "2024-05-04T18:46:54.655Z",
    "context_application_version": "8.7.20.1261",
    "context_conn_country": "IN",
    "context_device_manufacturer": "realme",
    "context_device_model": "RMX3392",
    "context_device_type": "mobile",
    "context_os_name": "android",
    "context_os_version": "14",
    "context_receiver_service_timestamp": 1714848446309,
    "context_time": 1714848414655,
    "message_error_code": 36
  },
  {
    "message_track": "",
    "timestamp_utc": "2024-05-22T20:58:03.751Z",
    "context_application_version": "8.7.20.1261",
    "context_conn_country": "IN",
    "context_device_manufacturer": "realme",
    "context_device_model": "RMX3392",
    "context_device_type": "mobile",
    "context_os_name": "android",
    "context_os_version": "14",
    "context_receiver_service_timestamp": 1716411513872,
    "context_time": 1716411483751,
    "message_error_code": 36
  },
  {
    "message_track": "",
    "timestamp_utc": "2024-05-06T17:31:47.823Z",
    "context_application_version": "8.7.20.1261",
    "context_conn_country": "IN",
    "context_device_manufacturer": "realme",
    "context_device_model": "RMX3392",
    "context_device_type": "mobile",
    "context_os_name": "android",
    "context_os_version": "14",
    "context_receiver_service_timestamp": 1715016736682,
    "context_time": 1715016707823,
    "message_error_code": 36
  },
  {
    "message_track": "",
    "timestamp_utc": "2024-05-08T04:22:49.773Z",
    "context_application_version": "8.7.20.1261",
    "context_conn_country": "IN",
    "context_device_manufacturer": "realme",
    "context_device_model": "RMX3392",
    "context_device_type": "mobile",
    "context_os_name": "android",
    "context_os_version": "14",
    "context_receiver_service_timestamp": 1715142290083,
    "context_time": 1715142169773,
    "message_error_code": 36
  },
  {
    "message_track": "",
    "timestamp_utc": "2024-05-07T20:04:21.995Z",
    "context_application_version": "8.7.20.1261",
    "context_conn_country": "IN",
    "context_device_manufacturer": "realme",
    "context_device_model": "RMX3392",
    "context_device_type": "mobile",
    "context_os_name": "android",
    "context_os_version": "14",
    "context_receiver_service_timestamp": 1715112331190,
    "context_time": 1715112261995,
    "message_error_code": 36
  },
  {
    "message_track": "",
    "timestamp_utc": "2024-05-18T21:13:46.808Z",
    "context_application_version": "8.7.20.1261",
    "context_conn_country": "IN",
    "context_device_manufacturer": "realme",
    "context_device_model": "RMX3392",
    "context_device_type": "mobile",
    "context_os_name": "android",
    "context_os_version": "14",
    "context_receiver_service_timestamp": 1716066856723,
    "context_time": 1716066826808,
    "message_error_code": 36
  },
  {
    "message_track": "",
    "timestamp_utc": "2024-05-08T04:09:11.814Z",
    "context_application_version": "8.7.20.1261",
    "context_conn_country": "IN",
    "context_device_manufacturer": "realme",
    "context_device_model": "RMX3392",
    "context_device_type": "mobile",
    "context_os_name": "android",
    "context_os_version": "14",
    "context_receiver_service_timestamp": 1715141385949,
    "context_time": 1715141351814,
    "message_error_code": 36
  },
  {
    "message_track": "",
    "timestamp_utc": "2024-05-23T18:33:33.257Z",
    "context_application_version": "8.7.20.1261",
    "context_conn_country": "IN",
    "context_device_manufacturer": "realme",
    "context_device_model": "RMX3392",
    "context_device_type": "mobile",
    "context_os_name": "android",
    "context_os_version": "14",
    "context_receiver_service_timestamp": 1716489243172,
    "context_time": 1716489213257,
    "message_error_code": 36
  },
  {
    "message_track": "",
    "timestamp_utc": "2024-05-04T20:54:41.321Z",
    "context_application_version": "8.7.20.1261",
    "context_conn_country": "IN",
    "context_device_manufacturer": "realme",
    "context_device_model": "RMX3392",
    "context_device_type": "mobile",
    "context_os_name": "android",
    "context_os_version": "14",
    "context_receiver_service_timestamp": 1714856094067,
    "context_time": 1714856081321,
    "message_error_code": 36
  },
  {
    "message_track": "",
    "timestamp_utc": "2024-05-07T20:19:48.210Z",
    "context_application_version": "8.7.20.1261",
    "context_conn_country": "IN",
    "context_device_manufacturer": "realme",
    "context_device_model": "RMX3392",
    "context_device_type": "mobile",
    "context_os_name": "android",
    "context_os_version": "14",
    "context_receiver_service_timestamp": 1715113217941,
    "context_time": 1715113188210,
    "message_error_code": 36
  },
  {
    "message_track": "",
    "timestamp_utc": "2024-05-06T16:03:24.239Z",
    "context_application_version": "8.7.20.1261",
    "context_conn_country": "IN",
    "context_device_manufacturer": "realme",
    "context_device_model": "RMX3392",
    "context_device_type": "mobile",
    "context_os_name": "android",
    "context_os_version": "14",
    "context_receiver_service_timestamp": 1715011429624,
    "context_time": 1715011404239,
    "message_error_code": 36
  },
  {
    "message_track": "",
    "timestamp_utc": "2024-05-22T19:03:13.178Z",
    "context_application_version": "8.7.20.1261",
    "context_conn_country": "IN",
    "context_device_manufacturer": "realme",
    "context_device_model": "RMX3392",
    "context_device_type": "mobile",
    "context_os_name": "android",
    "context_os_version": "14",
    "context_receiver_service_timestamp": 1716404622164,
    "context_time": 1716404593178,
    "message_error_code": 36
  },
  {
    "message_track": "",
    "timestamp_utc": "2024-05-14T20:51:22.684Z",
    "context_application_version": "8.7.20.1261",
    "context_conn_country": "IN",
    "context_device_manufacturer": "realme",
    "context_device_model": "RMX3392",
    "context_device_type": "mobile",
    "context_os_name": "android",
    "context_os_version": "14",
    "context_receiver_service_timestamp": 1715719912961,
    "context_time": 1715719882684,
    "message_error_code": 36
  },
  {
    "message_track": "",
    "timestamp_utc": "2024-05-18T19:14:55.331Z",
    "context_application_version": "8.7.20.1261",
    "context_conn_country": "IN",
    "context_device_manufacturer": "realme",
    "context_device_model": "RMX3392",
    "context_device_type": "mobile",
    "context_os_name": "android",
    "context_os_version": "14",
    "context_receiver_service_timestamp": 1716059723976,
    "context_time": 1716059695331,
    "message_error_code": 36
  },
  {
    "message_track": "",
    "timestamp_utc": "2024-05-07T20:52:46.030Z",
    "context_application_version": "8.7.20.1261",
    "context_conn_country": "IN",
    "context_device_manufacturer": "realme",
    "context_device_model": "RMX3392",
    "context_device_type": "mobile",
    "context_os_name": "android",
    "context_os_version": "14",
    "context_receiver_service_timestamp": 1715115195116,
    "context_time": 1715115166030,
    "message_error_code": 36
  },
  {
    "message_track": "",
    "timestamp_utc": "2024-05-14T09:30:24.524Z",
    "context_application_version": "8.7.20.1261",
    "context_conn_country": "IN",
    "context_device_manufacturer": "realme",
    "context_device_model": "RMX3392",
    "context_device_type": "mobile",
    "context_os_name": "android",
    "context_os_version": "14",
    "context_receiver_service_timestamp": 1715679052769,
    "context_time": 1715679024524,
    "message_error_code": 36
  },
  {
    "message_track": "",
    "timestamp_utc": "2024-05-14T19:38:09.813Z",
    "context_application_version": "8.7.20.1261",
    "context_conn_country": "IN",
    "context_device_manufacturer": "realme",
    "context_device_model": "RMX3392",
    "context_device_type": "mobile",
    "context_os_name": "android",
    "context_os_version": "14",
    "context_receiver_service_timestamp": 1715715542709,
    "context_time": 1715715489813,
    "message_error_code": 36
  },
  {
    "message_track": "",
    "timestamp_utc": "2024-05-20T20:10:27.389Z",
    "context_application_version": "8.7.20.1261",
    "context_conn_country": "IN",
    "context_device_manufacturer": "realme",
    "context_device_model": "RMX3392",
    "context_device_type": "mobile",
    "context_os_name": "android",
    "context_os_version": "14",
    "context_receiver_service_timestamp": 1716235859219,
    "context_time": 1716235827389,
    "message_error_code": 36
  },
  {
    "message_track": "",
    "timestamp_utc": "2024-05-19T06:17:27.600Z",
    "context_application_version": "8.7.20.1261",
    "context_conn_country": "IN",
    "context_device_manufacturer": "realme",
    "context_device_model": "RMX3392",
    "context_device_type": "mobile",
    "context_os_name": "android",
    "context_os_version": "14",
    "context_receiver_service_timestamp": 1716099471036,
    "context_time": 1716099447600,
    "message_error_code": 36
  },
  {
    "message_track": "",
    "timestamp_utc": "2024-05-18T18:55:57.280Z",
    "context_application_version": "8.7.20.1261",
    "context_conn_country": "IN",
    "context_device_manufacturer": "realme",
    "context_device_model": "RMX3392",
    "context_device_type": "mobile",
    "context_os_name": "android",
    "context_os_version": "14",
    "context_receiver_service_timestamp": 1716058586551,
    "context_time": 1716058557280,
    "message_error_code": 36
  },
  {
    "message_track": "",
    "timestamp_utc": "2024-05-13T23:07:57.699Z",
    "context_application_version": "8.7.20.1261",
    "context_conn_country": "IN",
    "context_device_manufacturer": "realme",
    "context_device_model": "RMX3392",
    "context_device_type": "mobile",
    "context_os_name": "android",
    "context_os_version": "14",
    "context_receiver_service_timestamp": 1715641754147,
    "context_time": 1715641677699,
    "message_error_code": 36
  },
  {
    "message_track": "",
    "timestamp_utc": "2024-05-19T18:26:29.518Z",
    "context_application_version": "8.7.20.1261",
    "context_conn_country": "IN",
    "context_device_manufacturer": "realme",
    "context_device_model": "RMX3392",
    "context_device_type": "mobile",
    "context_os_name": "android",
    "context_os_version": "14",
    "context_receiver_service_timestamp": 1716143219532,
    "context_time": 1716143189518,
    "message_error_code": 36
  },
  {
    "message_track": "",
    "timestamp_utc": "2024-05-02T09:49:15.380Z",
    "context_application_version": "8.7.20.1261",
    "context_conn_country": "IN",
    "context_device_manufacturer": "realme",
    "context_device_model": "RMX3392",
    "context_device_type": "mobile",
    "context_os_name": "android",
    "context_os_version": "14",
    "context_receiver_service_timestamp": 1714643373336,
    "context_time": 1714643355380,
    "message_error_code": 36
  },
  {
    "message_track": "",
    "timestamp_utc": "2024-05-25T10:40:11.252Z",
    "context_application_version": "8.7.20.1261",
    "context_conn_country": "IN",
    "context_device_manufacturer": "realme",
    "context_device_model": "RMX3392",
    "context_device_type": "mobile",
    "context_os_name": "android",
    "context_os_version": "14",
    "context_receiver_service_timestamp": 1716634198682,
    "context_time": 1716633611252,
    "message_error_code": 36
  },
  {
    "message_track": "",
    "timestamp_utc": "2024-05-14T17:29:19.255Z",
    "context_application_version": "8.7.20.1261",
    "context_conn_country": "IN",
    "context_device_manufacturer": "realme",
    "context_device_model": "RMX3392",
    "context_device_type": "mobile",
    "context_os_name": "android",
    "context_os_version": "14",
    "context_receiver_service_timestamp": 1715708819348,
    "context_time": 1715707759255,
    "message_error_code": 36
  },
  {
    "message_track": "",
    "timestamp_utc": "2024-05-05T17:34:25.425Z",
    "context_application_version": "8.7.20.1261",
    "context_conn_country": "IN",
    "context_device_manufacturer": "realme",
    "context_device_model": "RMX3392",
    "context_device_type": "mobile",
    "context_os_name": "android",
    "context_os_version": "14",
    "context_receiver_service_timestamp": 1714930502559,
    "context_time": 1714930465425,
    "message_error_code": 36
  },
  {
    "message_track": "",
    "timestamp_utc": "2024-05-04T21:10:31.503Z",
    "context_application_version": "8.7.20.1261",
    "context_conn_country": "IN",
    "context_device_manufacturer": "realme",
    "context_device_model": "RMX3392",
    "context_device_type": "mobile",
    "context_os_name": "android",
    "context_os_version": "14",
    "context_receiver_service_timestamp": 1714857062806,
    "context_time": 1714857031503,
    "message_error_code": 36
  },
  {
    "message_track": "",
    "timestamp_utc": "2024-04-29T17:04:12.915Z",
    "context_application_version": "8.7.20.1261",
    "context_conn_country": "IN",
    "context_device_manufacturer": "realme",
    "context_device_model": "RMX3392",
    "context_device_type": "mobile",
    "context_os_name": "android",
    "context_os_version": "14",
    "context_receiver_service_timestamp": 1714410316742,
    "context_time": 1714410252915,
    "message_error_code": 36
  },
  {
    "message_track": "",
    "timestamp_utc": "2024-05-13T21:12:56.009Z",
    "context_application_version": "8.7.20.1261",
    "context_conn_country": "IN",
    "context_device_manufacturer": "realme",
    "context_device_model": "RMX3392",
    "context_device_type": "mobile",
    "context_os_name": "android",
    "context_os_version": "14",
    "context_receiver_service_timestamp": 1715634845347,
    "context_time": 1715634776009,
    "message_error_code": 36
  },
  {
    "message_track": "",
    "timestamp_utc": "2024-05-04T20:44:55.541Z",
    "context_application_version": "8.7.20.1261",
    "context_conn_country": "IN",
    "context_device_manufacturer": "realme",
    "context_device_model": "RMX3392",
    "context_device_type": "mobile",
    "context_os_name": "android",
    "context_os_version": "14",
    "context_receiver_service_timestamp": 1714855553097,
    "context_time": 1714855495541,
    "message_error_code": 36
  },
  {
    "message_track": "",
    "timestamp_utc": "2024-05-12T10:03:46.123Z",
    "context_application_version": "8.7.20.1261",
    "context_conn_country": "IN",
    "context_device_manufacturer": "realme",
    "context_device_model": "RMX3392",
    "context_device_type": "mobile",
    "context_os_name": "android",
    "context_os_version": "14",
    "context_receiver_service_timestamp": 1715508348212,
    "context_time": 1715508226123,
    "message_error_code": 36
  },
  {
    "message_track": "",
    "timestamp_utc": "2024-05-19T13:35:14.044Z",
    "context_application_version": "8.7.20.1261",
    "context_conn_country": "IN",
    "context_device_manufacturer": "realme",
    "context_device_model": "RMX3392",
    "context_device_type": "mobile",
    "context_os_name": "android",
    "context_os_version": "14",
    "context_receiver_service_timestamp": 1716142459554,
    "context_time": 1716125714044,
    "message_error_code": 36
  },
  {
    "message_track": "",
    "timestamp_utc": "2024-05-14T06:09:32.355Z",
    "context_application_version": "8.7.20.1261",
    "context_conn_country": "IN",
    "context_device_manufacturer": "realme",
    "context_device_model": "RMX3392",
    "context_device_type": "mobile",
    "context_os_name": "android",
    "context_os_version": "14",
    "context_receiver_service_timestamp": 1715667001460,
    "context_time": 1715666972355,
    "message_error_code": 36
  },
  {
    "message_track": "",
    "timestamp_utc": "2024-05-25T12:05:13.857Z",
    "context_application_version": "8.7.20.1261",
    "context_conn_country": "IN",
    "context_device_manufacturer": "realme",
    "context_device_model": "RMX3392",
    "context_device_type": "mobile",
    "context_os_name": "android",
    "context_os_version": "14",
    "context_receiver_service_timestamp": 1716644698540,
    "context_time": 1716638713857,
    "message_error_code": 36
  },
  {
    "message_track": "",
    "timestamp_utc": "2024-05-04T15:13:02.287Z",
    "context_application_version": "8.7.20.1261",
    "context_conn_country": "IN",
    "context_device_manufacturer": "realme",
    "context_device_model": "RMX3392",
    "context_device_type": "mobile",
    "context_os_name": "android",
    "context_os_version": "14",
    "context_receiver_service_timestamp": 1714835611831,
    "context_time": 1714835582287,
    "message_error_code": 36
  },
  {
    "message_track": "",
    "timestamp_utc": "2024-05-27T10:13:42.152Z",
    "context_application_version": "8.7.20.1261",
    "context_conn_country": "IN",
    "context_device_manufacturer": "realme",
    "context_device_model": "RMX3392",
    "context_device_type": "mobile",
    "context_os_name": "android",
    "context_os_version": "14",
    "context_receiver_service_timestamp": 1716804850877,
    "context_time": 1716804822152,
    "message_error_code": 36
  },
  {
    "message_track": "",
    "timestamp_utc": "2024-05-06T22:56:10.484Z",
    "context_application_version": "8.7.20.1261",
    "context_conn_country": "IN",
    "context_device_manufacturer": "realme",
    "context_device_model": "RMX3392",
    "context_device_type": "mobile",
    "context_os_name": "android",
    "context_os_version": "14",
    "context_receiver_service_timestamp": 1715036283008,
    "context_time": 1715036170484,
    "message_error_code": 36
  },
  {
    "message_track": "",
    "timestamp_utc": "2024-05-04T15:32:40.606Z",
    "context_application_version": "8.7.20.1261",
    "context_conn_country": "IN",
    "context_device_manufacturer": "realme",
    "context_device_model": "RMX3392",
    "context_device_type": "mobile",
    "context_os_name": "android",
    "context_os_version": "14",
    "context_receiver_service_timestamp": 1714847650520,
    "context_time": 1714836760606,
    "message_error_code": 36
  },
  {
    "message_track": "",
    "timestamp_utc": "2024-05-08T05:33:24.431Z",
    "context_application_version": "8.7.20.1261",
    "context_conn_country": "IN",
    "context_device_manufacturer": "realme",
    "context_device_model": "RMX3392",
    "context_device_type": "mobile",
    "context_os_name": "android",
    "context_os_version": "14",
    "context_receiver_service_timestamp": 1715146526558,
    "context_time": 1715146404431,
    "message_error_code": 36
  },
  {
    "message_track": "",
    "timestamp_utc": "2024-05-18T21:14:25.162Z",
    "context_application_version": "8.7.20.1261",
    "context_conn_country": "IN",
    "context_device_manufacturer": "realme",
    "context_device_model": "RMX3392",
    "context_device_type": "mobile",
    "context_os_name": "android",
    "context_os_version": "14",
    "context_receiver_service_timestamp": 1716066902702,
    "context_time": 1716066865162,
    "message_error_code": 36
  },
  {
    "message_track": "",
    "timestamp_utc": "2024-05-22T21:31:18.594Z",
    "context_application_version": "8.7.20.1261",
    "context_conn_country": "IN",
    "context_device_manufacturer": "realme",
    "context_device_model": "RMX3392",
    "context_device_type": "mobile",
    "context_os_name": "android",
    "context_os_version": "14",
    "context_receiver_service_timestamp": 1716413523957,
    "context_time": 1716413478594,
    "message_error_code": 36
  },
  {
    "message_track": "",
    "timestamp_utc": "2024-05-18T21:34:08.292Z",
    "context_application_version": "8.7.20.1261",
    "context_conn_country": "IN",
    "context_device_manufacturer": "realme",
    "context_device_model": "RMX3392",
    "context_device_type": "mobile",
    "context_os_name": "android",
    "context_os_version": "14",
    "context_receiver_service_timestamp": 1716068112391,
    "context_time": 1716068048292,
    "message_error_code": 36
  },
  {
    "message_track": "",
    "timestamp_utc": "2024-05-05T19:26:11.970Z",
    "context_application_version": "8.7.20.1261",
    "context_conn_country": "IN",
    "context_device_manufacturer": "realme",
    "context_device_model": "RMX3392",
    "context_device_type": "mobile",
    "context_os_name": "android",
    "context_os_version": "14",
    "context_receiver_service_timestamp": 1714937206788,
    "context_time": 1714937171970,
    "message_error_code": 36
  },
  {
    "message_track": "",
    "timestamp_utc": "2024-05-19T19:07:02.622Z",
    "context_application_version": "8.7.20.1261",
    "context_conn_country": "IN",
    "context_device_manufacturer": "realme",
    "context_device_model": "RMX3392",
    "context_device_type": "mobile",
    "context_os_name": "android",
    "context_os_version": "14",
    "context_receiver_service_timestamp": 1716145653489,
    "context_time": 1716145622622,
    "message_error_code": 36
  },
  {
    "message_track": "",
    "timestamp_utc": "2024-05-25T16:05:30.644Z",
    "context_application_version": "8.7.20.1261",
    "context_conn_country": "IN",
    "context_device_manufacturer": "realme",
    "context_device_model": "RMX3392",
    "context_device_type": "mobile",
    "context_os_name": "android",
    "context_os_version": "14",
    "context_receiver_service_timestamp": 1716656554178,
    "context_time": 1716653130644,
    "message_error_code": 36
  },
  {
    "message_track": "",
    "timestamp_utc": "2024-05-22T19:28:33.848Z",
    "context_application_version": "8.7.20.1261",
    "context_conn_country": "IN",
    "context_device_manufacturer": "realme",
    "context_device_model": "RMX3392",
    "context_device_type": "mobile",
    "context_os_name": "android",
    "context_os_version": "14",
    "context_receiver_service_timestamp": 1716406154903,
    "context_time": 1716406113848,
    "message_error_code": 36
  },
  {
    "message_track": "",
    "timestamp_utc": "2024-05-26T18:47:08.398Z",
    "context_application_version": "8.7.20.1261",
    "context_conn_country": "IN",
    "context_device_manufacturer": "realme",
    "context_device_model": "RMX3392",
    "context_device_type": "mobile",
    "context_os_name": "android",
    "context_os_version": "14",
    "context_receiver_service_timestamp": 1716749277867,
    "context_time": 1716749228398,
    "message_error_code": 36
  },
  {
    "message_track": "",
    "timestamp_utc": "2024-05-14T21:56:52.084Z",
    "context_application_version": "8.7.20.1261",
    "context_conn_country": "IN",
    "context_device_manufacturer": "realme",
    "context_device_model": "RMX3392",
    "context_device_type": "mobile",
    "context_os_name": "android",
    "context_os_version": "14",
    "context_receiver_service_timestamp": 1715723840535,
    "context_time": 1715723812084,
    "message_error_code": 36
  },
  {
    "message_track": "",
    "timestamp_utc": "2024-05-07T01:42:31.682Z",
    "context_application_version": "8.7.20.1261",
    "context_conn_country": "IN",
    "context_device_manufacturer": "realme",
    "context_device_model": "RMX3392",
    "context_device_type": "mobile",
    "context_os_name": "android",
    "context_os_version": "14",
    "context_receiver_service_timestamp": 1715046202497,
    "context_time": 1715046151682,
    "message_error_code": 36
  },
  {
    "message_track": "",
    "timestamp_utc": "2024-05-20T20:22:45.924Z",
    "context_application_version": "8.7.20.1261",
    "context_conn_country": "IN",
    "context_device_manufacturer": "realme",
    "context_device_model": "RMX3392",
    "context_device_type": "mobile",
    "context_os_name": "android",
    "context_os_version": "14",
    "context_receiver_service_timestamp": 1716236599502,
    "context_time": 1716236565924,
    "message_error_code": 36
  },
  {
    "message_track": "",
    "timestamp_utc": "2024-05-12T13:41:14.039Z",
    "context_application_version": "8.7.20.1261",
    "context_conn_country": "IN",
    "context_device_manufacturer": "realme",
    "context_device_model": "RMX3392",
    "context_device_type": "mobile",
    "context_os_name": "android",
    "context_os_version": "14",
    "context_receiver_service_timestamp": 1715521307311,
    "context_time": 1715521274039,
    "message_error_code": 36
  },
  {
    "message_track": "",
    "timestamp_utc": "2024-05-07T15:34:34.212Z",
    "context_application_version": "8.7.20.1261",
    "context_conn_country": "IN",
    "context_device_manufacturer": "realme",
    "context_device_model": "RMX3392",
    "context_device_type": "mobile",
    "context_os_name": "android",
    "context_os_version": "14",
    "context_receiver_service_timestamp": 1715096111187,
    "context_time": 1715096074212,
    "message_error_code": 36
  },
  {
    "message_track": "",
    "timestamp_utc": "2024-05-26T18:49:32.153Z",
    "context_application_version": "8.7.20.1261",
    "context_conn_country": "IN",
    "context_device_manufacturer": "realme",
    "context_device_model": "RMX3392",
    "context_device_type": "mobile",
    "context_os_name": "android",
    "context_os_version": "14",
    "context_receiver_service_timestamp": 1716759366639,
    "context_time": 1716749372153,
    "message_error_code": 36
  },
  {
    "message_track": "",
    "timestamp_utc": "2024-05-05T16:43:21.711Z",
    "context_application_version": "8.7.20.1261",
    "context_conn_country": "IN",
    "context_device_manufacturer": "realme",
    "context_device_model": "RMX3392",
    "context_device_type": "mobile",
    "context_os_name": "android",
    "context_os_version": "14",
    "context_receiver_service_timestamp": 1714927450747,
    "context_time": 1714927401711,
    "message_error_code": 36
  },
  {
    "message_track": "",
    "timestamp_utc": "2024-05-02T18:34:50.966Z",
    "context_application_version": "8.7.20.1261",
    "context_conn_country": "IN",
    "context_device_manufacturer": "realme",
    "context_device_model": "RMX3392",
    "context_device_type": "mobile",
    "context_os_name": "android",
    "context_os_version": "14",
    "context_receiver_service_timestamp": 1714674922157,
    "context_time": 1714674890966,
    "message_error_code": 36
  },
  {
    "message_track": "",
    "timestamp_utc": "2024-05-22T21:15:55.604Z",
    "context_application_version": "8.7.20.1261",
    "context_conn_country": "IN",
    "context_device_manufacturer": "realme",
    "context_device_model": "RMX3392",
    "context_device_type": "mobile",
    "context_os_name": "android",
    "context_os_version": "14",
    "context_receiver_service_timestamp": 1716412590086,
    "context_time": 1716412555604,
    "message_error_code": 36
  },
  {
    "message_track": "",
    "timestamp_utc": "2024-05-05T18:53:25.749Z",
    "context_application_version": "8.7.20.1261",
    "context_conn_country": "IN",
    "context_device_manufacturer": "realme",
    "context_device_model": "RMX3392",
    "context_device_type": "mobile",
    "context_os_name": "android",
    "context_os_version": "14",
    "context_receiver_service_timestamp": 1714935237494,
    "context_time": 1714935205749,
    "message_error_code": 36
  },
  {
    "message_track": "",
    "timestamp_utc": "2024-04-29T16:46:43.611Z",
    "context_application_version": "8.7.20.1261",
    "context_conn_country": "IN",
    "context_device_manufacturer": "realme",
    "context_device_model": "RMX3392",
    "context_device_type": "mobile",
    "context_os_name": "android",
    "context_os_version": "14",
    "context_receiver_service_timestamp": 1714409228061,
    "context_time": 1714409203611,
    "message_error_code": 36
  },
  {
    "message_track": "",
    "timestamp_utc": "2024-05-22T21:46:45.408Z",
    "context_application_version": "8.7.20.1261",
    "context_conn_country": "IN",
    "context_device_manufacturer": "realme",
    "context_device_model": "RMX3392",
    "context_device_type": "mobile",
    "context_os_name": "android",
    "context_os_version": "14",
    "context_receiver_service_timestamp": 1716414444530,
    "context_time": 1716414405408,
    "message_error_code": 36
  },
  {
    "message_track": "",
    "timestamp_utc": "2024-05-22T22:09:57.400Z",
    "context_application_version": "8.7.20.1261",
    "context_conn_country": "IN",
    "context_device_manufacturer": "realme",
    "context_device_model": "RMX3392",
    "context_device_type": "mobile",
    "context_os_name": "android",
    "context_os_version": "14",
    "context_receiver_service_timestamp": 1716415826979,
    "context_time": 1716415797400,
    "message_error_code": 36
  },
  {
    "message_track": "",
    "timestamp_utc": "2024-05-07T17:43:55.615Z",
    "context_application_version": "8.7.20.1261",
    "context_conn_country": "IN",
    "context_device_manufacturer": "realme",
    "context_device_model": "RMX3392",
    "context_device_type": "mobile",
    "context_os_name": "android",
    "context_os_version": "14",
    "context_receiver_service_timestamp": 1715103870780,
    "context_time": 1715103835615,
    "message_error_code": 36
  },
  {
    "message_track": "",
    "timestamp_utc": "2024-05-05T18:08:17.347Z",
    "context_application_version": "8.7.20.1261",
    "context_conn_country": "IN",
    "context_device_manufacturer": "realme",
    "context_device_model": "RMX3392",
    "context_device_type": "mobile",
    "context_os_name": "android",
    "context_os_version": "14",
    "context_receiver_service_timestamp": 1714932528047,
    "context_time": 1714932497347,
    "message_error_code": 36
  },
  {
    "message_track": "",
    "timestamp_utc": "2024-05-18T06:28:09.876Z",
    "context_application_version": "8.7.20.1261",
    "context_conn_country": "IN",
    "context_device_manufacturer": "realme",
    "context_device_model": "RMX3392",
    "context_device_type": "mobile",
    "context_os_name": "android",
    "context_os_version": "14",
    "context_receiver_service_timestamp": 1716013722385,
    "context_time": 1716013689876,
    "message_error_code": 36
  },
  {
    "message_track": "",
    "timestamp_utc": "2024-03-11T15:53:17.913Z",
    "context_application_version": "8.7.20.1261",
    "context_conn_country": "IN",
    "context_device_manufacturer": "realme",
    "context_device_model": "RMX3392",
    "context_device_type": null,
    "context_os_name": "android",
    "context_os_version": "13",
    "context_receiver_service_timestamp": 1710172439570,
    "context_time": 1710172397913,
    "message_error_code": 7013
  },
  {
    "message_track": "",
    "timestamp_utc": "2024-05-26T00:12:14.777Z",
    "context_application_version": "8.7.20.1261",
    "context_conn_country": "IN",
    "context_device_manufacturer": "realme",
    "context_device_model": "RMX3392",
    "context_device_type": "mobile",
    "context_os_name": "android",
    "context_os_version": "14",
    "context_receiver_service_timestamp": 1716682364304,
    "context_time": 1716682334777,
    "message_error_code": 36
  },
  {
    "message_track": "",
    "timestamp_utc": "2024-05-19T18:46:46.269Z",
    "context_application_version": "8.7.20.1261",
    "context_conn_country": "IN",
    "context_device_manufacturer": "realme",
    "context_device_model": "RMX3392",
    "context_device_type": "mobile",
    "context_os_name": "android",
    "context_os_version": "14",
    "context_receiver_service_timestamp": 1716144431632,
    "context_time": 1716144406269,
    "message_error_code": 36
  },
  {
    "message_track": "",
    "timestamp_utc": "2024-05-07T15:22:27.314Z",
    "context_application_version": "8.7.20.1261",
    "context_conn_country": "IN",
    "context_device_manufacturer": "realme",
    "context_device_model": "RMX3392",
    "context_device_type": "mobile",
    "context_os_name": "android",
    "context_os_version": "14",
    "context_receiver_service_timestamp": 1715095377707,
    "context_time": 1715095347314,
    "message_error_code": 36
  },
  {
    "message_track": "",
    "timestamp_utc": "2024-05-08T08:29:14.382Z",
    "context_application_version": "8.7.20.1261",
    "context_conn_country": "IN",
    "context_device_manufacturer": "realme",
    "context_device_model": "RMX3392",
    "context_device_type": "mobile",
    "context_os_name": "android",
    "context_os_version": "14",
    "context_receiver_service_timestamp": 1715157010577,
    "context_time": 1715156954382,
    "message_error_code": 36
  },
  {
    "message_track": "",
    "timestamp_utc": "2024-05-07T20:22:29.756Z",
    "context_application_version": "8.7.20.1261",
    "context_conn_country": "IN",
    "context_device_manufacturer": "realme",
    "context_device_model": "RMX3392",
    "context_device_type": "mobile",
    "context_os_name": "android",
    "context_os_version": "14",
    "context_receiver_service_timestamp": 1715113384346,
    "context_time": 1715113349756,
    "message_error_code": 36
  },
  {
    "message_track": "",
    "timestamp_utc": "2024-04-30T15:26:31.745Z",
    "context_application_version": "8.7.20.1261",
    "context_conn_country": "IN",
    "context_device_manufacturer": "realme",
    "context_device_model": "RMX3392",
    "context_device_type": "mobile",
    "context_os_name": "android",
    "context_os_version": "14",
    "context_receiver_service_timestamp": 1714570545137,
    "context_time": 1714490791745,
    "message_error_code": 36
  },
  {
    "message_track": "",
    "timestamp_utc": "2024-05-25T10:49:29.032Z",
    "context_application_version": "8.7.20.1261",
    "context_conn_country": "IN",
    "context_device_manufacturer": "realme",
    "context_device_model": "RMX3392",
    "context_device_type": "mobile",
    "context_os_name": "android",
    "context_os_version": "14",
    "context_receiver_service_timestamp": 1716634199408,
    "context_time": 1716634169032,
    "message_error_code": 36
  },
  {
    "message_track": "",
    "timestamp_utc": "2024-05-08T05:10:53.672Z",
    "context_application_version": "8.7.20.1261",
    "context_conn_country": "IN",
    "context_device_manufacturer": "realme",
    "context_device_model": "RMX3392",
    "context_device_type": "mobile",
    "context_os_name": "android",
    "context_os_version": "14",
    "context_receiver_service_timestamp": 1715145147073,
    "context_time": 1715145053672,
    "message_error_code": 36
  },
  {
    "message_track": "",
    "timestamp_utc": "2024-05-25T10:56:35.149Z",
    "context_application_version": "8.7.20.1261",
    "context_conn_country": "IN",
    "context_device_manufacturer": "realme",
    "context_device_model": "RMX3392",
    "context_device_type": "mobile",
    "context_os_name": "android",
    "context_os_version": "14",
    "context_receiver_service_timestamp": 1716634623906,
    "context_time": 1716634595149,
    "message_error_code": 36
  },
  {
    "message_track": "",
    "timestamp_utc": "2024-05-05T21:18:19.858Z",
    "context_application_version": "8.7.20.1261",
    "context_conn_country": "IN",
    "context_device_manufacturer": "realme",
    "context_device_model": "RMX3392",
    "context_device_type": "mobile",
    "context_os_name": "android",
    "context_os_version": "14",
    "context_receiver_service_timestamp": 1714943942125,
    "context_time": 1714943899858,
    "message_error_code": 36
  },
  {
    "message_track": "",
    "timestamp_utc": "2024-04-29T16:43:51.894Z",
    "context_application_version": "8.7.20.1261",
    "context_conn_country": "IN",
    "context_device_manufacturer": "realme",
    "context_device_model": "RMX3392",
    "context_device_type": "mobile",
    "context_os_name": "android",
    "context_os_version": "14",
    "context_receiver_service_timestamp": 1714409061263,
    "context_time": 1714409031894,
    "message_error_code": 36
  },
  {
    "message_track": "",
    "timestamp_utc": "2024-05-26T18:16:43.028Z",
    "context_application_version": "8.7.20.1261",
    "context_conn_country": "IN",
    "context_device_manufacturer": "realme",
    "context_device_model": "RMX3392",
    "context_device_type": "mobile",
    "context_os_name": "android",
    "context_os_version": "14",
    "context_receiver_service_timestamp": 1716747439266,
    "context_time": 1716747403028,
    "message_error_code": 36
  },
  {
    "message_track": "",
    "timestamp_utc": "2024-05-18T19:32:13.194Z",
    "context_application_version": "8.7.20.1261",
    "context_conn_country": "IN",
    "context_device_manufacturer": "realme",
    "context_device_model": "RMX3392",
    "context_device_type": "mobile",
    "context_os_name": "android",
    "context_os_version": "14",
    "context_receiver_service_timestamp": 1716060762847,
    "context_time": 1716060733194,
    "message_error_code": 36
  },
  {
    "message_track": "",
    "timestamp_utc": "2024-05-03T08:45:31.117Z",
    "context_application_version": "8.7.20.1261",
    "context_conn_country": "IN",
    "context_device_manufacturer": "realme",
    "context_device_model": "RMX3392",
    "context_device_type": "mobile",
    "context_os_name": "android",
    "context_os_version": "14",
    "context_receiver_service_timestamp": 1714725958672,
    "context_time": 1714725931117,
    "message_error_code": 36
  },
  {
    "message_track": "",
    "timestamp_utc": "2024-05-28T17:35:45.025Z",
    "context_application_version": "8.7.20.1261",
    "context_conn_country": "IN",
    "context_device_manufacturer": "realme",
    "context_device_model": "RMX3392",
    "context_device_type": "mobile",
    "context_os_name": "android",
    "context_os_version": "14",
    "context_receiver_service_timestamp": 1716917775079,
    "context_time": 1716917745025,
    "message_error_code": 36
  },
  {
    "message_track": "",
    "timestamp_utc": "2024-05-02T23:00:54.018Z",
    "context_application_version": "8.7.20.1261",
    "context_conn_country": "IN",
    "context_device_manufacturer": "realme",
    "context_device_model": "RMX3392",
    "context_device_type": "mobile",
    "context_os_name": "android",
    "context_os_version": "14",
    "context_receiver_service_timestamp": 1714690883770,
    "context_time": 1714690854018,
    "message_error_code": 36
  },
  {
    "message_track": "",
    "timestamp_utc": "2024-05-08T05:11:51.088Z",
    "context_application_version": "8.7.20.1261",
    "context_conn_country": "IN",
    "context_device_manufacturer": "realme",
    "context_device_model": "RMX3392",
    "context_device_type": "mobile",
    "context_os_name": "android",
    "context_os_version": "14",
    "context_receiver_service_timestamp": 1715145148012,
    "context_time": 1715145111088,
    "message_error_code": 36
  },
  {
    "message_track": "",
    "timestamp_utc": "2024-04-29T13:44:37.538Z",
    "context_application_version": "8.7.20.1261",
    "context_conn_country": "IN",
    "context_device_manufacturer": "realme",
    "context_device_model": "RMX3392",
    "context_device_type": "mobile",
    "context_os_name": "android",
    "context_os_version": "14",
    "context_receiver_service_timestamp": 1714398380012,
    "context_time": 1714398277538,
    "message_error_code": 36
  },
  {
    "message_track": "",
    "timestamp_utc": "2024-05-01T18:29:15.407Z",
    "context_application_version": "8.7.20.1261",
    "context_conn_country": "IN",
    "context_device_manufacturer": "realme",
    "context_device_model": "RMX3392",
    "context_device_type": "mobile",
    "context_os_name": "android",
    "context_os_version": "14",
    "context_receiver_service_timestamp": 1714588182377,
    "context_time": 1714588155407,
    "message_error_code": 36
  },
  {
    "message_track": "",
    "timestamp_utc": "2024-05-26T00:39:11.195Z",
    "context_application_version": "8.7.20.1261",
    "context_conn_country": "IN",
    "context_device_manufacturer": "realme",
    "context_device_model": "RMX3392",
    "context_device_type": "mobile",
    "context_os_name": "android",
    "context_os_version": "14",
    "context_receiver_service_timestamp": 1716683980729,
    "context_time": 1716683951195,
    "message_error_code": 36
  },
  {
    "message_track": "",
    "timestamp_utc": "2024-05-06T21:23:43.536Z",
    "context_application_version": "8.7.20.1261",
    "context_conn_country": "IN",
    "context_device_manufacturer": "realme",
    "context_device_model": "RMX3392",
    "context_device_type": "mobile",
    "context_os_name": "android",
    "context_os_version": "14",
    "context_receiver_service_timestamp": 1715031841425,
    "context_time": 1715030623536,
    "message_error_code": 36
  },
  {
    "message_track": "",
    "timestamp_utc": "2024-05-05T18:19:51.303Z",
    "context_application_version": "8.7.20.1261",
    "context_conn_country": "IN",
    "context_device_manufacturer": "realme",
    "context_device_model": "RMX3392",
    "context_device_type": "mobile",
    "context_os_name": "android",
    "context_os_version": "14",
    "context_receiver_service_timestamp": 1714933348622,
    "context_time": 1714933191303,
    "message_error_code": 36
  },
  {
    "message_track": "",
    "timestamp_utc": "2024-05-13T07:45:32.326Z",
    "context_application_version": "8.7.20.1261",
    "context_conn_country": "IN",
    "context_device_manufacturer": "realme",
    "context_device_model": "RMX3392",
    "context_device_type": "mobile",
    "context_os_name": "android",
    "context_os_version": "14",
    "context_receiver_service_timestamp": 1715586360681,
    "context_time": 1715586332326,
    "message_error_code": 36
  },
  {
    "message_track": "",
    "timestamp_utc": "2024-05-25T11:00:10.196Z",
    "context_application_version": "8.7.20.1261",
    "context_conn_country": "IN",
    "context_device_manufacturer": "realme",
    "context_device_model": "RMX3392",
    "context_device_type": "mobile",
    "context_os_name": "android",
    "context_os_version": "14",
    "context_receiver_service_timestamp": 1716634844425,
    "context_time": 1716634810196,
    "message_error_code": 36
  },
  {
    "message_track": "",
    "timestamp_utc": "2024-05-22T20:08:24.393Z",
    "context_application_version": "8.7.20.1261",
    "context_conn_country": "IN",
    "context_device_manufacturer": "realme",
    "context_device_model": "RMX3392",
    "context_device_type": "mobile",
    "context_os_name": "android",
    "context_os_version": "14",
    "context_receiver_service_timestamp": 1716408537552,
    "context_time": 1716408504393,
    "message_error_code": 36
  },
  {
    "message_track": "",
    "timestamp_utc": "2024-05-23T18:56:26.662Z",
    "context_application_version": "8.7.20.1261",
    "context_conn_country": "IN",
    "context_device_manufacturer": "realme",
    "context_device_model": "RMX3392",
    "context_device_type": "mobile",
    "context_os_name": "android",
    "context_os_version": "14",
    "context_receiver_service_timestamp": 1716490630700,
    "context_time": 1716490586662,
    "message_error_code": 36
  },
  {
    "message_track": "",
    "timestamp_utc": "2024-05-05T13:38:42.955Z",
    "context_application_version": "8.7.20.1261",
    "context_conn_country": "IN",
    "context_device_manufacturer": "realme",
    "context_device_model": "RMX3392",
    "context_device_type": "mobile",
    "context_os_name": "android",
    "context_os_version": "14",
    "context_receiver_service_timestamp": 1714916353542,
    "context_time": 1714916322955,
    "message_error_code": 36
  },
  {
    "message_track": "",
    "timestamp_utc": "2024-05-14T20:23:15.506Z",
    "context_application_version": "8.7.20.1261",
    "context_conn_country": "IN",
    "context_device_manufacturer": "realme",
    "context_device_model": "RMX3392",
    "context_device_type": "mobile",
    "context_os_name": "android",
    "context_os_version": "14",
    "context_receiver_service_timestamp": 1715718224629,
    "context_time": 1715718195506,
    "message_error_code": 36
  },
  {
    "message_track": "",
    "timestamp_utc": "2024-05-29T18:02:19.424Z",
    "context_application_version": "8.7.20.1261",
    "context_conn_country": "IN",
    "context_device_manufacturer": "realme",
    "context_device_model": "RMX3392",
    "context_device_type": "mobile",
    "context_os_name": "android",
    "context_os_version": "14",
    "context_receiver_service_timestamp": 1717005763255,
    "context_time": 1717005739424,
    "message_error_code": 36
  },
  {
    "message_track": "",
    "timestamp_utc": "2024-05-25T17:02:01.161Z",
    "context_application_version": "8.7.20.1261",
    "context_conn_country": "IN",
    "context_device_manufacturer": "realme",
    "context_device_model": "RMX3392",
    "context_device_type": "mobile",
    "context_os_name": "android",
    "context_os_version": "14",
    "context_receiver_service_timestamp": 1716656554990,
    "context_time": 1716656521161,
    "message_error_code": 36
  },
  {
    "message_track": "",
    "timestamp_utc": "2024-05-25T13:44:28.575Z",
    "context_application_version": "8.7.20.1261",
    "context_conn_country": "IN",
    "context_device_manufacturer": "realme",
    "context_device_model": "RMX3392",
    "context_device_type": "mobile",
    "context_os_name": "android",
    "context_os_version": "14",
    "context_receiver_service_timestamp": 1716644700094,
    "context_time": 1716644668575,
    "message_error_code": 36
  },
  {
    "message_track": "",
    "timestamp_utc": "2024-05-26T18:07:22.853Z",
    "context_application_version": "8.7.20.1261",
    "context_conn_country": "IN",
    "context_device_manufacturer": "realme",
    "context_device_model": "RMX3392",
    "context_device_type": "mobile",
    "context_os_name": "android",
    "context_os_version": "14",
    "context_receiver_service_timestamp": 1716746869247,
    "context_time": 1716746842853,
    "message_error_code": 36
  },
  {
    "message_track": "",
    "timestamp_utc": "2024-05-12T10:14:21.939Z",
    "context_application_version": "8.7.20.1261",
    "context_conn_country": "IN",
    "context_device_manufacturer": "realme",
    "context_device_model": "RMX3392",
    "context_device_type": "mobile",
    "context_os_name": "android",
    "context_os_version": "14",
    "context_receiver_service_timestamp": 1715508939586,
    "context_time": 1715508861939,
    "message_error_code": 36
  },
  {
    "message_track": "",
    "timestamp_utc": "2024-05-20T08:19:15.030Z",
    "context_application_version": "8.7.20.1261",
    "context_conn_country": "IN",
    "context_device_manufacturer": "realme",
    "context_device_model": "RMX3392",
    "context_device_type": "mobile",
    "context_os_name": "android",
    "context_os_version": "14",
    "context_receiver_service_timestamp": 1716193180822,
    "context_time": 1716193155030,
    "message_error_code": 36
  },
  {
    "message_track": "",
    "timestamp_utc": "2024-05-18T18:41:39.142Z",
    "context_application_version": "8.7.20.1261",
    "context_conn_country": "IN",
    "context_device_manufacturer": "realme",
    "context_device_model": "RMX3392",
    "context_device_type": "mobile",
    "context_os_name": "android",
    "context_os_version": "14",
    "context_receiver_service_timestamp": 1716057720415,
    "context_time": 1716057699142,
    "message_error_code": 36
  },
  {
    "message_track": "",
    "timestamp_utc": "2024-05-02T18:32:47.951Z",
    "context_application_version": "8.7.20.1261",
    "context_conn_country": "IN",
    "context_device_manufacturer": "realme",
    "context_device_model": "RMX3392",
    "context_device_type": "mobile",
    "context_os_name": "android",
    "context_os_version": "14",
    "context_receiver_service_timestamp": 1714674837548,
    "context_time": 1714674767951,
    "message_error_code": 36
  },
  {
    "message_track": "",
    "timestamp_utc": "2024-05-06T17:03:05.187Z",
    "context_application_version": "8.7.20.1261",
    "context_conn_country": "IN",
    "context_device_manufacturer": "realme",
    "context_device_model": "RMX3392",
    "context_device_type": "mobile",
    "context_os_name": "android",
    "context_os_version": "14",
    "context_receiver_service_timestamp": 1715015012854,
    "context_time": 1715014985187,
    "message_error_code": 36
  },
  {
    "message_track": "",
    "timestamp_utc": "2024-05-18T19:00:57.960Z",
    "context_application_version": "8.7.20.1261",
    "context_conn_country": "IN",
    "context_device_manufacturer": "realme",
    "context_device_model": "RMX3392",
    "context_device_type": "mobile",
    "context_os_name": "android",
    "context_os_version": "14",
    "context_receiver_service_timestamp": 1716058886677,
    "context_time": 1716058857960,
    "message_error_code": 36
  },
  {
    "message_track": "",
    "timestamp_utc": "2024-05-07T20:28:03.274Z",
    "context_application_version": "8.7.20.1261",
    "context_conn_country": "IN",
    "context_device_manufacturer": "realme",
    "context_device_model": "RMX3392",
    "context_device_type": "mobile",
    "context_os_name": "android",
    "context_os_version": "14",
    "context_receiver_service_timestamp": 1715113720392,
    "context_time": 1715113683274,
    "message_error_code": 36
  },
  {
    "message_track": "",
    "timestamp_utc": "2024-05-13T22:58:15.735Z",
    "context_application_version": "8.7.20.1261",
    "context_conn_country": "IN",
    "context_device_manufacturer": "realme",
    "context_device_model": "RMX3392",
    "context_device_type": "mobile",
    "context_os_name": "android",
    "context_os_version": "14",
    "context_receiver_service_timestamp": 1715641125378,
    "context_time": 1715641095735,
    "message_error_code": 36
  },
  {
    "message_track": "",
    "timestamp_utc": "2024-05-22T21:19:52.732Z",
    "context_application_version": "8.7.20.1261",
    "context_conn_country": "IN",
    "context_device_manufacturer": "realme",
    "context_device_model": "RMX3392",
    "context_device_type": "mobile",
    "context_os_name": "android",
    "context_os_version": "14",
    "context_receiver_service_timestamp": 1716412827128,
    "context_time": 1716412792732,
    "message_error_code": 36
  },
  {
    "message_track": "",
    "timestamp_utc": "2024-05-18T17:58:09.586Z",
    "context_application_version": "8.7.20.1261",
    "context_conn_country": "IN",
    "context_device_manufacturer": "realme",
    "context_device_model": "RMX3392",
    "context_device_type": "mobile",
    "context_os_name": "android",
    "context_os_version": "14",
    "context_receiver_service_timestamp": 1716055128967,
    "context_time": 1716055089586,
    "message_error_code": 36
  },
  {
    "message_track": "",
    "timestamp_utc": "2024-05-04T06:37:59.710Z",
    "context_application_version": "8.7.20.1261",
    "context_conn_country": "IN",
    "context_device_manufacturer": "realme",
    "context_device_model": "RMX3392",
    "context_device_type": "mobile",
    "context_os_name": "android",
    "context_os_version": "14",
    "context_receiver_service_timestamp": 1714804710768,
    "context_time": 1714804679710,
    "message_error_code": 36
  },
  {
    "message_track": "",
    "timestamp_utc": "2024-05-02T18:33:26.802Z",
    "context_application_version": "8.7.20.1261",
    "context_conn_country": "IN",
    "context_device_manufacturer": "realme",
    "context_device_model": "RMX3392",
    "context_device_type": "mobile",
    "context_os_name": "android",
    "context_os_version": "14",
    "context_receiver_service_timestamp": 1714674839476,
    "context_time": 1714674806802,
    "message_error_code": 36
  },
  {
    "message_track": "",
    "timestamp_utc": "2024-05-18T18:25:18.482Z",
    "context_application_version": "8.7.20.1261",
    "context_conn_country": "IN",
    "context_device_manufacturer": "realme",
    "context_device_model": "RMX3392",
    "context_device_type": "mobile",
    "context_os_name": "android",
    "context_os_version": "14",
    "context_receiver_service_timestamp": 1716056748808,
    "context_time": 1716056718482,
    "message_error_code": 36
  },
  {
    "message_track": "",
    "timestamp_utc": "2024-05-14T17:45:20.865Z",
    "context_application_version": "8.7.20.1261",
    "context_conn_country": "IN",
    "context_device_manufacturer": "realme",
    "context_device_model": "RMX3392",
    "context_device_type": "mobile",
    "context_os_name": "android",
    "context_os_version": "14",
    "context_receiver_service_timestamp": 1715708819830,
    "context_time": 1715708720865,
    "message_error_code": 36
  },
  {
    "message_track": "",
    "timestamp_utc": "2024-05-13T22:20:18.813Z",
    "context_application_version": "8.7.20.1261",
    "context_conn_country": "IN",
    "context_device_manufacturer": "realme",
    "context_device_model": "RMX3392",
    "context_device_type": "mobile",
    "context_os_name": "android",
    "context_os_version": "14",
    "context_receiver_service_timestamp": 1715638860054,
    "context_time": 1715638818813,
    "message_error_code": 36
  },
  {
    "message_track": "",
    "timestamp_utc": "2024-05-08T04:31:57.599Z",
    "context_application_version": "8.7.20.1261",
    "context_conn_country": "IN",
    "context_device_manufacturer": "realme",
    "context_device_model": "RMX3392",
    "context_device_type": "mobile",
    "context_os_name": "android",
    "context_os_version": "14",
    "context_receiver_service_timestamp": 1715142758991,
    "context_time": 1715142717599,
    "message_error_code": 36
  },
  {
    "message_track": "",
    "timestamp_utc": "2024-05-20T19:17:04.631Z",
    "context_application_version": "8.7.20.1261",
    "context_conn_country": "IN",
    "context_device_manufacturer": "realme",
    "context_device_model": "RMX3392",
    "context_device_type": "mobile",
    "context_os_name": "android",
    "context_os_version": "14",
    "context_receiver_service_timestamp": 1716232653436,
    "context_time": 1716232624631,
    "message_error_code": 36
  },
  {
    "message_track": "",
    "timestamp_utc": "2024-05-24T09:29:24.577Z",
    "context_application_version": "8.7.20.1261",
    "context_conn_country": "IN",
    "context_device_manufacturer": "realme",
    "context_device_model": "RMX3392",
    "context_device_type": "mobile",
    "context_os_name": "android",
    "context_os_version": "14",
    "context_receiver_service_timestamp": 1716542991810,
    "context_time": 1716542964577,
    "message_error_code": 36
  },
  {
    "message_track": "",
    "timestamp_utc": "2024-05-07T01:56:59.459Z",
    "context_application_version": "8.7.20.1261",
    "context_conn_country": "IN",
    "context_device_manufacturer": "realme",
    "context_device_model": "RMX3392",
    "context_device_type": "mobile",
    "context_os_name": "android",
    "context_os_version": "14",
    "context_receiver_service_timestamp": 1715047079565,
    "context_time": 1715047019459,
    "message_error_code": 36
  },
  {
    "message_track": "",
    "timestamp_utc": "2024-05-19T18:45:01.700Z",
    "context_application_version": "8.7.20.1261",
    "context_conn_country": "IN",
    "context_device_manufacturer": "realme",
    "context_device_model": "RMX3392",
    "context_device_type": "mobile",
    "context_os_name": "android",
    "context_os_version": "14",
    "context_receiver_service_timestamp": 1716144331854,
    "context_time": 1716144301700,
    "message_error_code": 36
  },
  {
    "message_track": "",
    "timestamp_utc": "2024-05-19T02:44:12.371Z",
    "context_application_version": "8.7.20.1261",
    "context_conn_country": "IN",
    "context_device_manufacturer": "realme",
    "context_device_model": "RMX3392",
    "context_device_type": "mobile",
    "context_os_name": "android",
    "context_os_version": "14",
    "context_receiver_service_timestamp": 1716086684054,
    "context_time": 1716086652371,
    "message_error_code": 36
  },
  {
    "message_track": "",
    "timestamp_utc": "2024-05-04T19:47:54.155Z",
    "context_application_version": "8.7.20.1261",
    "context_conn_country": "IN",
    "context_device_manufacturer": "realme",
    "context_device_model": "RMX3392",
    "context_device_type": "mobile",
    "context_os_name": "android",
    "context_os_version": "14",
    "context_receiver_service_timestamp": 1714852104888,
    "context_time": 1714852074155,
    "message_error_code": 36
  },
  {
    "message_track": "",
    "timestamp_utc": "2024-05-04T20:24:31.330Z",
    "context_application_version": "8.7.20.1261",
    "context_conn_country": "IN",
    "context_device_manufacturer": "realme",
    "context_device_model": "RMX3392",
    "context_device_type": "mobile",
    "context_os_name": "android",
    "context_os_version": "14",
    "context_receiver_service_timestamp": 1714854300227,
    "context_time": 1714854271330,
    "message_error_code": 36
  },
  {
    "message_track": "",
    "timestamp_utc": "2024-05-07T20:25:12.559Z",
    "context_application_version": "8.7.20.1261",
    "context_conn_country": "IN",
    "context_device_manufacturer": "realme",
    "context_device_model": "RMX3392",
    "context_device_type": "mobile",
    "context_os_name": "android",
    "context_os_version": "14",
    "context_receiver_service_timestamp": 1715113542102,
    "context_time": 1715113512559,
    "message_error_code": 36
  },
  {
    "message_track": "",
    "timestamp_utc": "2024-05-26T21:35:37.543Z",
    "context_application_version": "8.7.20.1261",
    "context_conn_country": "IN",
    "context_device_manufacturer": "realme",
    "context_device_model": "RMX3392",
    "context_device_type": "mobile",
    "context_os_name": "android",
    "context_os_version": "14",
    "context_receiver_service_timestamp": 1716759367558,
    "context_time": 1716759337543,
    "message_error_code": 36
  },
  {
    "message_track": "",
    "timestamp_utc": "2024-05-05T19:41:51.614Z",
    "context_application_version": "8.7.20.1261",
    "context_conn_country": "IN",
    "context_device_manufacturer": "realme",
    "context_device_model": "RMX3392",
    "context_device_type": "mobile",
    "context_os_name": "android",
    "context_os_version": "14",
    "context_receiver_service_timestamp": 1714938160398,
    "context_time": 1714938111614,
    "message_error_code": 36
  },
  {
    "message_track": "",
    "timestamp_utc": "2024-05-12T13:11:04.213Z",
    "context_application_version": "8.7.20.1261",
    "context_conn_country": "IN",
    "context_device_manufacturer": "realme",
    "context_device_model": "RMX3392",
    "context_device_type": "mobile",
    "context_os_name": "android",
    "context_os_version": "14",
    "context_receiver_service_timestamp": 1715519549925,
    "context_time": 1715519464213,
    "message_error_code": 36
  },
  {
    "message_track": "",
    "timestamp_utc": "2024-05-14T07:45:08.609Z",
    "context_application_version": "8.7.20.1261",
    "context_conn_country": "IN",
    "context_device_manufacturer": "realme",
    "context_device_model": "RMX3392",
    "context_device_type": "mobile",
    "context_os_name": "android",
    "context_os_version": "14",
    "context_receiver_service_timestamp": 1715672734419,
    "context_time": 1715672708609,
    "message_error_code": 36
  },
  {
    "message_track": "",
    "timestamp_utc": "2024-05-18T19:18:27.186Z",
    "context_application_version": "8.7.20.1261",
    "context_conn_country": "IN",
    "context_device_manufacturer": "realme",
    "context_device_model": "RMX3392",
    "context_device_type": "mobile",
    "context_os_name": "android",
    "context_os_version": "14",
    "context_receiver_service_timestamp": 1716059936696,
    "context_time": 1716059907186,
    "message_error_code": 36
  },
  {
    "message_track": "",
    "timestamp_utc": "2024-05-07T19:10:15.558Z",
    "context_application_version": "8.7.20.1261",
    "context_conn_country": "IN",
    "context_device_manufacturer": "realme",
    "context_device_model": "RMX3392",
    "context_device_type": "mobile",
    "context_os_name": "android",
    "context_os_version": "14",
    "context_receiver_service_timestamp": 1715109051235,
    "context_time": 1715109015558,
    "message_error_code": 36
  },
  {
    "message_track": "",
    "timestamp_utc": "2024-05-18T07:42:45.966Z",
    "context_application_version": "8.7.20.1261",
    "context_conn_country": "IN",
    "context_device_manufacturer": "realme",
    "context_device_model": "RMX3392",
    "context_device_type": "mobile",
    "context_os_name": "android",
    "context_os_version": "14",
    "context_receiver_service_timestamp": 1716018188828,
    "context_time": 1716018165966,
    "message_error_code": 36
  },
  {
    "message_track": "",
    "timestamp_utc": "2024-05-26T18:47:24.195Z",
    "context_application_version": "8.7.20.1261",
    "context_conn_country": "IN",
    "context_device_manufacturer": "realme",
    "context_device_model": "RMX3392",
    "context_device_type": "mobile",
    "context_os_name": "android",
    "context_os_version": "14",
    "context_receiver_service_timestamp": 1716749278563,
    "context_time": 1716749244195,
    "message_error_code": 36
  },
  {
    "message_track": "",
    "timestamp_utc": "2024-05-04T19:02:08.648Z",
    "context_application_version": "8.7.20.1261",
    "context_conn_country": "IN",
    "context_device_manufacturer": "realme",
    "context_device_model": "RMX3392",
    "context_device_type": "mobile",
    "context_os_name": "android",
    "context_os_version": "14",
    "context_receiver_service_timestamp": 1714849361568,
    "context_time": 1714849328648,
    "message_error_code": 36
  },
  {
    "message_track": "",
    "timestamp_utc": "2024-05-05T22:29:15.025Z",
    "context_application_version": "8.7.20.1261",
    "context_conn_country": "IN",
    "context_device_manufacturer": "realme",
    "context_device_model": "RMX3392",
    "context_device_type": "mobile",
    "context_os_name": "android",
    "context_os_version": "14",
    "context_receiver_service_timestamp": 1714948195313,
    "context_time": 1714948155025,
    "message_error_code": 36
  },
  {
    "message_track": "",
    "timestamp_utc": "2024-05-04T18:33:38.286Z",
    "context_application_version": "8.7.20.1261",
    "context_conn_country": "IN",
    "context_device_manufacturer": "realme",
    "context_device_model": "RMX3392",
    "context_device_type": "mobile",
    "context_os_name": "android",
    "context_os_version": "14",
    "context_receiver_service_timestamp": 1714847651097,
    "context_time": 1714847618286,
    "message_error_code": 36
  },
  {
    "message_track": "",
    "timestamp_utc": "2024-05-14T08:16:11.665Z",
    "context_application_version": "8.7.20.1261",
    "context_conn_country": "IN",
    "context_device_manufacturer": "realme",
    "context_device_model": "RMX3392",
    "context_device_type": "mobile",
    "context_os_name": "android",
    "context_os_version": "14",
    "context_receiver_service_timestamp": 1715674600100,
    "context_time": 1715674571665,
    "message_error_code": 36
  },
  {
    "message_track": "",
    "timestamp_utc": "2024-05-26T16:23:00.089Z",
    "context_application_version": "8.7.20.1261",
    "context_conn_country": "IN",
    "context_device_manufacturer": "realme",
    "context_device_model": "RMX3392",
    "context_device_type": "mobile",
    "context_os_name": "android",
    "context_os_version": "14",
    "context_receiver_service_timestamp": 1716740607243,
    "context_time": 1716740580089,
    "message_error_code": 36
  },
  {
    "message_track": "",
    "timestamp_utc": "2024-05-14T18:38:28.324Z",
    "context_application_version": "8.7.20.1261",
    "context_conn_country": "IN",
    "context_device_manufacturer": "realme",
    "context_device_model": "RMX3392",
    "context_device_type": "mobile",
    "context_os_name": "android",
    "context_os_version": "14",
    "context_receiver_service_timestamp": 1715711974213,
    "context_time": 1715711908324,
    "message_error_code": 36
  },
  {
    "message_track": "",
    "timestamp_utc": "2024-05-06T17:56:37.281Z",
    "context_application_version": "8.7.20.1261",
    "context_conn_country": "IN",
    "context_device_manufacturer": "realme",
    "context_device_model": "RMX3392",
    "context_device_type": "mobile",
    "context_os_name": "android",
    "context_os_version": "14",
    "context_receiver_service_timestamp": 1715018227968,
    "context_time": 1715018197281,
    "message_error_code": 36
  },
  {
    "message_track": "",
    "timestamp_utc": "2024-05-27T13:41:53.978Z",
    "context_application_version": "8.7.20.1261",
    "context_conn_country": "IN",
    "context_device_manufacturer": "realme",
    "context_device_model": "RMX3392",
    "context_device_type": "mobile",
    "context_os_name": "android",
    "context_os_version": "14",
    "context_receiver_service_timestamp": 1716917774340,
    "context_time": 1716817313978,
    "message_error_code": 36
  },
  {
    "message_track": "",
    "timestamp_utc": "2024-05-22T19:10:42.246Z",
    "context_application_version": "8.7.20.1261",
    "context_conn_country": "IN",
    "context_device_manufacturer": "realme",
    "context_device_model": "RMX3392",
    "context_device_type": "mobile",
    "context_os_name": "android",
    "context_os_version": "14",
    "context_receiver_service_timestamp": 1716405085654,
    "context_time": 1716405042246,
    "message_error_code": 36
  },
  {
    "message_track": "",
    "timestamp_utc": "2024-05-06T17:47:04.676Z",
    "context_application_version": "8.7.20.1261",
    "context_conn_country": "IN",
    "context_device_manufacturer": "realme",
    "context_device_model": "RMX3392",
    "context_device_type": "mobile",
    "context_os_name": "android",
    "context_os_version": "14",
    "context_receiver_service_timestamp": 1715017653984,
    "context_time": 1715017624676,
    "message_error_code": 36
  },
  {
    "message_track": "",
    "timestamp_utc": "2024-05-14T18:57:48.808Z",
    "context_application_version": "8.7.20.1261",
    "context_conn_country": "IN",
    "context_device_manufacturer": "realme",
    "context_device_model": "RMX3392",
    "context_device_type": "mobile",
    "context_os_name": "android",
    "context_os_version": "14",
    "context_receiver_service_timestamp": 1715713098173,
    "context_time": 1715713068808,
    "message_error_code": 36
  }
]