[
  {
    "message_device_id": "61393562646464333139383561393963",
    "message_name": "RMX3392",
    "timestamp_utc": "2024-04-18T11:19:22.670Z",
    "context_time": 1713439162670,
    "message_cache_id": "aa94aa446237c71979606ba95791df09",
    "message_connect_type": "SMARTPHONE",
    "message_event": "put",
    "message_platform": "ANDROID_ARM"
  },
  {
    "message_device_id": "61393562646464333139383561393963",
    "message_name": "realme 9 Pro+",
    "timestamp_utc": "2024-03-16T17:29:00.272Z",
    "context_time": 1710610140272,
    "message_cache_id": "ff3aef79de9832ad698168677fd70f51",
    "message_connect_type": "SMARTPHONE",
    "message_event": "put",
    "message_platform": "ANDROID_ARM"
  },
  {
    "message_device_id": "36626235323365633437393430363735",
    "message_name": "Lenovo TB-8504X",
    "timestamp_utc": "2024-03-12T15:42:19.292Z",
    "context_time": 1710258139292,
    "message_cache_id": "b6da9d815c3b15db3155805e69325a01",
    "message_connect_type": "TABLET",
    "message_event": "put",
    "message_platform": "ANDROID_ARM"
  },
  {
    "message_device_id": "61393562646464333139383561393963",
    "message_name": "RMX3392",
    "timestamp_utc": "2024-04-04T03:22:10.417Z",
    "context_time": 1712200930417,
    "message_cache_id": "aa94aa446237c71979606ba95791df09",
    "message_connect_type": "SMARTPHONE",
    "message_event": "put",
    "message_platform": "ANDROID_ARM"
  },
  {
    "message_device_id": "61393562646464333139383561393963",
    "message_name": "realme 9 Pro+",
    "timestamp_utc": "2024-06-02T22:08:12.198Z",
    "context_time": 1717366092198,
    "message_cache_id": "aa94aa446237c71979606ba95791df09",
    "message_connect_type": "SMARTPHONE",
    "message_event": "put",
    "message_platform": "ANDROID_ARM"
  },
  {
    "message_device_id": "61393562646464333139383561393963",
    "message_name": "realme 9 Pro+",
    "timestamp_utc": "2024-05-02T18:38:27.553Z",
    "context_time": 1714675107553,
    "message_cache_id": "aa94aa446237c71979606ba95791df09",
    "message_connect_type": "SMARTPHONE",
    "message_event": "put",
    "message_platform": "ANDROID_ARM"
  },
  {
    "message_device_id": "61393562646464333139383561393963",
    "message_name": "RMX3392",
    "timestamp_utc": "2024-04-11T10:42:33.302Z",
    "context_time": 1712832153302,
    "message_cache_id": "aa94aa446237c71979606ba95791df09",
    "message_connect_type": "SMARTPHONE",
    "message_event": "put",
    "message_platform": "ANDROID_ARM"
  },
  {
    "message_device_id": "36626235323365633437393430363735",
    "message_name": "Lenovo TB-8504X",
    "timestamp_utc": "2024-05-13T19:28:13.320Z",
    "context_time": 1715628493320,
    "message_cache_id": "b6da9d815c3b15db3155805e69325a01",
    "message_connect_type": "TABLET",
    "message_event": "put",
    "message_platform": "ANDROID_ARM"
  },
  {
    "message_device_id": "36626235323365633437393430363735",
    "message_name": "Lenovo TAB4 8",
    "timestamp_utc": "2024-05-23T21:50:10.062Z",
    "context_time": 1716501010062,
    "message_cache_id": "b6da9d815c3b15db3155805e69325a01",
    "message_connect_type": "TABLET",
    "message_event": "put",
    "message_platform": "ANDROID_ARM"
  },
  {
    "message_device_id": "36626235323365633437393430363735",
    "message_name": "Lenovo TAB4 8",
    "timestamp_utc": "2024-05-06T17:57:12.108Z",
    "context_time": 1715018232108,
    "message_cache_id": "b6da9d815c3b15db3155805e69325a01",
    "message_connect_type": "TABLET",
    "message_event": "put",
    "message_platform": "ANDROID_ARM"
  },
  {
    "message_device_id": "36626235323365633437393430363735",
    "message_name": "Lenovo TAB4 8",
    "timestamp_utc": "2024-06-03T10:21:26.369Z",
    "context_time": 1717410086369,
    "message_cache_id": "b6da9d815c3b15db3155805e69325a01",
    "message_connect_type": "TABLET",
    "message_event": "put",
    "message_platform": "ANDROID_ARM"
  },
  {
    "message_device_id": "61393562646464333139383561393963",
    "message_name": "RMX3392",
    "timestamp_utc": "2024-04-25T11:44:00.450Z",
    "context_time": 1714045440450,
    "message_cache_id": "aa94aa446237c71979606ba95791df09",
    "message_connect_type": "SMARTPHONE",
    "message_event": "put",
    "message_platform": "ANDROID_ARM"
  },
  {
    "message_device_id": "36626235323365633437393430363735",
    "message_name": "Lenovo TB-8504X",
    "timestamp_utc": "2024-04-07T22:04:31.628Z",
    "context_time": 1712527471628,
    "message_cache_id": "b6da9d815c3b15db3155805e69325a01",
    "message_connect_type": "TABLET",
    "message_event": "put",
    "message_platform": "ANDROID_ARM"
  },
  {
    "message_device_id": "61393562646464333139383561393963",
    "message_name": "realme 9 Pro+",
    "timestamp_utc": "2024-03-09T16:44:54.025Z",
    "context_time": 1710002694025,
    "message_cache_id": "ff3aef79de9832ad698168677fd70f51",
    "message_connect_type": "SMARTPHONE",
    "message_event": "put",
    "message_platform": "ANDROID_ARM"
  },
  {
    "message_device_id": "61393562646464333139383561393963",
    "message_name": "RMX3392",
    "timestamp_utc": "2024-03-20T19:31:02.225Z",
    "context_time": 1710963062225,
    "message_cache_id": "aa94aa446237c71979606ba95791df09",
    "message_connect_type": "SMARTPHONE",
    "message_event": "put",
    "message_platform": "ANDROID_ARM"
  },
  {
    "message_device_id": "61393562646464333139383561393963",
    "message_name": "realme 9 Pro+",
    "timestamp_utc": "2024-05-26T18:20:30.664Z",
    "context_time": 1716747630664,
    "message_cache_id": "aa94aa446237c71979606ba95791df09",
    "message_connect_type": "SMARTPHONE",
    "message_event": "put",
    "message_platform": "ANDROID_ARM"
  },
  {
    "message_device_id": "61393562646464333139383561393963",
    "message_name": "realme 9 Pro+",
    "timestamp_utc": "2024-03-27T19:35:08.605Z",
    "context_time": 1711568108605,
    "message_cache_id": "aa94aa446237c71979606ba95791df09",
    "message_connect_type": "SMARTPHONE",
    "message_event": "put",
    "message_platform": "ANDROID_ARM"
  },
  {
    "message_device_id": "61393562646464333139383561393963",
    "message_name": "realme 9 Pro+",
    "timestamp_utc": "2024-05-19T18:16:36.839Z",
    "context_time": 1716142596839,
    "message_cache_id": "aa94aa446237c71979606ba95791df09",
    "message_connect_type": "SMARTPHONE",
    "message_event": "put",
    "message_platform": "ANDROID_ARM"
  },
  {
    "message_device_id": "36626235323365633437393430363735",
    "message_name": "Lenovo TB-8504X",
    "timestamp_utc": "2024-04-19T15:47:20.463Z",
    "context_time": 1713541640463,
    "message_cache_id": "b6da9d815c3b15db3155805e69325a01",
    "message_connect_type": "TABLET",
    "message_event": "put",
    "message_platform": "ANDROID_ARM"
  },
  {
    "message_device_id": "36626235323365633437393430363735",
    "message_name": "Lenovo TB-8504X",
    "timestamp_utc": "2024-03-20T18:09:24.431Z",
    "context_time": 1710958164431,
    "message_cache_id": "b6da9d815c3b15db3155805e69325a01",
    "message_connect_type": "TABLET",
    "message_event": "put",
    "message_platform": "ANDROID_ARM"
  },
  {
    "message_device_id": "61393562646464333139383561393963",
    "message_name": "realme 9 Pro+",
    "timestamp_utc": "2024-05-12T10:09:37.461Z",
    "context_time": 1715508577461,
    "message_cache_id": "aa94aa446237c71979606ba95791df09",
    "message_connect_type": "SMARTPHONE",
    "message_event": "put",
    "message_platform": "ANDROID_ARM"
  },
  {
    "message_device_id": "36626235323365633437393430363735",
    "message_name": "Lenovo TB-8504X",
    "timestamp_utc": "2024-04-28T15:12:38.852Z",
    "context_time": 1714317158852,
    "message_cache_id": "b6da9d815c3b15db3155805e69325a01",
    "message_connect_type": "TABLET",
    "message_event": "put",
    "message_platform": "ANDROID_ARM"
  }
]