[
  {
    "message_device_id": "61393562646464333139383561393963",
    "timestamp_utc": "2024-04-28T22:08:04.234Z",
    "context_application_version": "8.7.20.1261",
    "context_conn_country": "IN",
    "context_device_manufacturer": "realme",
    "context_device_model": "RMX3392",
    "context_device_type": "mobile",
    "context_os_name": "android",
    "context_os_version": "14",
    "context_receiver_service_timestamp": 1714342105665,
    "context_time": 1714342084234,
    "message_cache_id": "aa94aa446237c71979606ba95791df09",
    "message_event": "delta"
  },
  {
    "message_device_id": "61393562646464333139383561393963",
    "timestamp_utc": "2024-03-20T19:31:10.557Z",
    "context_application_version": "8.7.20.1261",
    "context_conn_country": "IN",
    "context_device_manufacturer": "realme",
    "context_device_model": "RMX3392",
    "context_device_type": "mobile",
    "context_os_name": "android",
    "context_os_version": "13",
    "context_receiver_service_timestamp": 1710963086759,
    "context_time": 1710963070557,
    "message_cache_id": "aa94aa446237c71979606ba95791df09",
    "message_event": "migrate"
  }
]