[
  {
    "timestamp_utc": "2024-04-06T13:55:10.251Z",
    "context_time": 1712411710251,
    "message_amr": "",
    "message_auth_time": 1712411710,
    "message_expires_in": 3600,
    "message_issued_at": 1712411710249,
    "message_issuer": "https://accounts.spotify.com",
    "message_jti": "0814ae33-5d01-4c9b-9d66-ef875d44df40",
    "message_standard_claims_scopes": ""
  },
  {
    "timestamp_utc": "2024-04-06T13:54:53.760Z",
    "context_time": 1712411693760,
    "message_amr": "",
    "message_auth_time": 1712411693,
    "message_expires_in": 3600,
    "message_issued_at": 1712411693758,
    "message_issuer": "https://accounts.spotify.com",
    "message_jti": "d6c2a282-fa19-4dad-aa08-5fb40f633087",
    "message_standard_claims_scopes": ""
  },
  {
    "timestamp_utc": "2024-04-06T13:55:11.252Z",
    "context_time": 1712411711252,
    "message_amr": "",
    "message_auth_time": 1712411711,
    "message_expires_in": 3600,
    "message_issued_at": 1712411711250,
    "message_issuer": "https://accounts.spotify.com",
    "message_jti": "a3515f73-ecf8-4f2a-9529-1dd9b8df85d3",
    "message_standard_claims_scopes": ""
  },
  {
    "timestamp_utc": "2024-04-06T13:54:53.773Z",
    "context_time": 1712411693773,
    "message_amr": "",
    "message_auth_time": 1712411693,
    "message_expires_in": 3600,
    "message_issued_at": 1712411693770,
    "message_issuer": "https://accounts.spotify.com",
    "message_jti": "afb04bc0-1b9f-45b3-a0a9-ea4294673169",
    "message_standard_claims_scopes": "PROFILE EMAIL"
  },
  {
    "timestamp_utc": "2024-04-06T13:55:09.569Z",
    "context_time": 1712411709569,
    "message_amr": "",
    "message_auth_time": 1712411709,
    "message_expires_in": 3600,
    "message_issued_at": 1712411709567,
    "message_issuer": "https://accounts.spotify.com",
    "message_jti": "557496f3-a734-4322-8873-946b1a681e2e",
    "message_standard_claims_scopes": "PROFILE EMAIL"
  }
]