[
  {
    "timestamp_utc": "2024-04-29T17:58:23.743Z",
    "context_time": 1714413503743,
    "message_contents": [
      "spotify:track:7zUuXqbmSk2OIChRwsL63t",
      "spotify:track:6CYtjAHaY3lznJRMJCCPTC",
      "spotify:track:6cCLkL72zw70bOVV88D0Ep",
      "spotify:track:5hL9yKGJAMUxfwsjFnJ0aR",
      "spotify:track:1pNTwQvMOD7NRJtRwHlRRf",
      "spotify:track:1gWtHDe403RuyZqhvSRcv8",
      "spotify:track:0hSjuhADCGdKNi5uIWJheK",
      "spotify:track:2RV4QunRX0CTs2JR1uUbMj",
      "spotify:track:1ZMlxEZZaJ7IDYUpr5JXB2",
      "spotify:track:1TkyDEdjiUuYhoMkxdZCiO",
      "spotify:track:2bGCXKKxk0FyTwYeJooaJH",
      "spotify:track:5cJJdUtacwBrphoMjh3tKG",
      "spotify:track:2Pas1bpuA8riVr0BOTCpJx",
      "spotify:track:0defKES0cQIsig27CpfPWx",
      "spotify:track:0iEdt7cayQ2XbicDeWFztj",
      "spotify:track:3NcqsdOoNs8gmS2AoKDwlC",
      "spotify:track:1JelKGBph8gon106Wqjwu2",
      "spotify:track:7bOxSmco2236p74tqu41PU",
      "spotify:track:54XrOdhUS2311wIt9m0OlD",
      "spotify:track:471RBR3831v1y8qwiBw2f3",
      "spotify:track:13bxvI8AveCg4FOJTCULnb",
      "spotify:track:5Br8K1CLLVB7AuuM0t4G7r",
      "spotify:track:1xSKxa1J5NHMQBX4wMZW2g",
      "spotify:track:5aQe0faFOjeskrHwpleXLJ",
      "spotify:track:6EQG98YQXZwX9nJSABjvDw",
      "spotify:track:6GT0oiQdjiYX91qgAMi7Vd",
      "spotify:track:3bQsp4Vr9Rg4fNCx6HPOgX",
      "spotify:track:3wAXK2nhnsS6vdnGQ0Dph0",
      "spotify:track:7eadaD2SBArRbebB9CP70X",
      "spotify:track:7uhINGViZPygI2AljxO8KN"
    ],
    "message_mix_id": "37i9dQZF1EpSk1pS08y9Th",
    "message_type": "BACKTRACKS"
  },
  {
    "timestamp_utc": "2024-03-25T18:17:57.646Z",
    "context_time": 1711390677646,
    "message_contents": [
      "spotify:track:6CYtjAHaY3lznJRMJCCPTC",
      "spotify:track:3bQsp4Vr9Rg4fNCx6HPOgX",
      "spotify:track:4Zp96hExiyQiwivwe1JK1d",
      "spotify:track:5i8Nji8F21XK0q7ZdpcTEZ",
      "spotify:track:3zZ4VnqnGURgm5fYRLy4JV",
      "spotify:track:1JelKGBph8gon106Wqjwu2",
      "spotify:track:5aQe0faFOjeskrHwpleXLJ",
      "spotify:track:0Pa0xSCRVO8ZIxs29XgBvv",
      "spotify:track:3g572Upfd1UZat0EBLGtns",
      "spotify:track:0RSGPiykniIg8m7JhiAVv7",
      "spotify:track:7pncFFzijtxIQtLpNwiAyO",
      "spotify:track:5uQ2Ne5Z3miUgwN1YZSMQC",
      "spotify:track:1ZMlxEZZaJ7IDYUpr5JXB2",
      "spotify:track:0P4AQdNDgEdi7J8mpgY8Jx",
      "spotify:track:46HUXpfLQmX8t0QcDr4w7W",
      "spotify:track:1TkyDEdjiUuYhoMkxdZCiO",
      "spotify:track:7h5jBU18CqXNhDUKRr6y7h",
      "spotify:track:2jfLNlyUpxhFkoo1lJjiL3",
      "spotify:track:7rtaBPvxCSw2bKY8miNyLa",
      "spotify:track:0iEdt7cayQ2XbicDeWFztj",
      "spotify:track:2RV4QunRX0CTs2JR1uUbMj",
      "spotify:track:6Z394Nd4gW6Ts9hmu3NUjx",
      "spotify:track:45PA9lW7U5LYnlpGrdTyHY",
      "spotify:track:520NVZmA0cXVRrUUg0hOsc",
      "spotify:track:13bxvI8AveCg4FOJTCULnb",
      "spotify:track:0rlLBWFFTQiOWi963SH9bb",
      "spotify:track:2cMXkKgX98UFjk4lTwVWoo",
      "spotify:track:7mh09LniAOBK6JQkCffAc9",
      "spotify:track:6E6BCsQHXDAdXsrL7zV71N",
      "spotify:track:0snQrp1VaY5Pj1YIHRJpRJ"
    ],
    "message_mix_id": "37i9dQZF1EpSk1pS08y9Th",
    "message_type": "BACKTRACKS"
  },
  {
    "timestamp_utc": "2024-04-06T18:01:55.603Z",
    "context_time": 1712426515603,
    "message_contents": [
      "spotify:track:0hSjuhADCGdKNi5uIWJheK",
      "spotify:track:3Kh9bkKyT35NIfiK24uPdo",
      "spotify:track:0RSGPiykniIg8m7JhiAVv7",
      "spotify:track:3bQsp4Vr9Rg4fNCx6HPOgX",
      "spotify:track:45PA9lW7U5LYnlpGrdTyHY",
      "spotify:track:0P4AQdNDgEdi7J8mpgY8Jx",
      "spotify:track:3zZ4VnqnGURgm5fYRLy4JV",
      "spotify:track:1JelKGBph8gon106Wqjwu2",
      "spotify:track:1ZMlxEZZaJ7IDYUpr5JXB2",
      "spotify:track:1pNTwQvMOD7NRJtRwHlRRf",
      "spotify:track:1TkyDEdjiUuYhoMkxdZCiO",
      "spotify:track:0Pa0xSCRVO8ZIxs29XgBvv",
      "spotify:track:5i8Nji8F21XK0q7ZdpcTEZ",
      "spotify:track:5aQe0faFOjeskrHwpleXLJ",
      "spotify:track:6P1pBAEUoHwRMToeVoTPrg",
      "spotify:track:6GT0oiQdjiYX91qgAMi7Vd",
      "spotify:track:4Zp96hExiyQiwivwe1JK1d",
      "spotify:track:46HUXpfLQmX8t0QcDr4w7W",
      "spotify:track:2cMXkKgX98UFjk4lTwVWoo",
      "spotify:track:5Br8K1CLLVB7AuuM0t4G7r",
      "spotify:track:13bxvI8AveCg4FOJTCULnb",
      "spotify:track:1yOzcnB0kIli8JttbJFMEK",
      "spotify:track:7pncFFzijtxIQtLpNwiAyO",
      "spotify:track:0NsYZt7iTFoLMw3pZTQEDQ",
      "spotify:track:0XF0D8HL9gk2sr9tlFOee3",
      "spotify:track:2Pas1bpuA8riVr0BOTCpJx",
      "spotify:track:6ivemTXTn27PwVjtd0oqDs",
      "spotify:track:2RV4QunRX0CTs2JR1uUbMj",
      "spotify:track:0defKES0cQIsig27CpfPWx",
      "spotify:track:520NVZmA0cXVRrUUg0hOsc"
    ],
    "message_mix_id": "37i9dQZF1EpSk1pS08y9Th",
    "message_type": "BACKTRACKS"
  },
  {
    "timestamp_utc": "2024-05-23T21:40:45.632Z",
    "context_time": 1716500445632,
    "message_contents": [
      "spotify:track:3WLJ7D5kh44K5eJ1NqZQ6W",
      "spotify:track:5hL9yKGJAMUxfwsjFnJ0aR",
      "spotify:track:3F2BSn4ayglzMwquBRHZq6",
      "spotify:track:02sas1xqIwRm7iWSoHDvKe",
      "spotify:track:6ivemTXTn27PwVjtd0oqDs",
      "spotify:track:1ZiReD9pPTttQWwSoYqdyH",
      "spotify:track:0XF0D8HL9gk2sr9tlFOee3",
      "spotify:track:117gRrOjnRkMCgWxNtDNSv",
      "spotify:track:5uQ2Ne5Z3miUgwN1YZSMQC",
      "spotify:track:54XrOdhUS2311wIt9m0OlD",
      "spotify:track:6EQG98YQXZwX9nJSABjvDw",
      "spotify:track:471RBR3831v1y8qwiBw2f3",
      "spotify:track:5DdwOYaO8qF9wEphjjmFM0",
      "spotify:track:6P1pBAEUoHwRMToeVoTPrg",
      "spotify:track:2JCXbJztaSZiIeqUhaMhCt",
      "spotify:track:7bOxSmco2236p74tqu41PU",
      "spotify:track:1JOjPZOx8E0wNvPZyPcoyg",
      "spotify:track:0op7p4Q6gFh44KKeTaKocv",
      "spotify:track:1TkyDEdjiUuYhoMkxdZCiO",
      "spotify:track:6GT0oiQdjiYX91qgAMi7Vd",
      "spotify:track:7zUuXqbmSk2OIChRwsL63t",
      "spotify:track:32FY3evYxsIsb5yUQ68Uja",
      "spotify:track:6J5ymVSQlrmZ2Y48GYLaoK",
      "spotify:track:6cCLkL72zw70bOVV88D0Ep",
      "spotify:track:4SDLH34rwro1NgA7YUFYYW",
      "spotify:track:2rjCLFdX8n9xLoMZgdMMxt",
      "spotify:track:2cMXkKgX98UFjk4lTwVWoo",
      "spotify:track:0iEdt7cayQ2XbicDeWFztj",
      "spotify:track:1EuQFujqMzy76oZZ7R2xNO",
      "spotify:track:3NcqsdOoNs8gmS2AoKDwlC"
    ],
    "message_mix_id": "37i9dQZF1EpmHdn9cAvtQ8",
    "message_type": "ON_REPEAT"
  },
  {
    "timestamp_utc": "2024-05-26T21:34:23.999Z",
    "context_time": 1716759263999,
    "message_contents": [
      "spotify:track:02MgmUhQsNxGo6z3S2RcB5",
      "spotify:track:6cCLkL72zw70bOVV88D0Ep",
      "spotify:track:08kTa3SL9sV6Iy8KLKtGql",
      "spotify:track:13bxvI8AveCg4FOJTCULnb",
      "spotify:track:0defKES0cQIsig27CpfPWx",
      "spotify:track:2bGCXKKxk0FyTwYeJooaJH",
      "spotify:track:2RV4QunRX0CTs2JR1uUbMj",
      "spotify:track:5cJJdUtacwBrphoMjh3tKG",
      "spotify:track:0RSGPiykniIg8m7JhiAVv7",
      "spotify:track:0bNkrxGqyFNYuXfj9HBV4r",
      "spotify:track:2Pas1bpuA8riVr0BOTCpJx",
      "spotify:track:1JOjPZOx8E0wNvPZyPcoyg",
      "spotify:track:1gWtHDe403RuyZqhvSRcv8",
      "spotify:track:2cMXkKgX98UFjk4lTwVWoo",
      "spotify:track:4CntijvDDzDpURDLjrJEkQ",
      "spotify:track:6GT0oiQdjiYX91qgAMi7Vd",
      "spotify:track:1ZMlxEZZaJ7IDYUpr5JXB2",
      "spotify:track:1xSKxa1J5NHMQBX4wMZW2g",
      "spotify:track:0iEdt7cayQ2XbicDeWFztj",
      "spotify:track:7bOxSmco2236p74tqu41PU",
      "spotify:track:5i8Nji8F21XK0q7ZdpcTEZ",
      "spotify:track:3zZ4VnqnGURgm5fYRLy4JV",
      "spotify:track:1yOzcnB0kIli8JttbJFMEK",
      "spotify:track:1JelKGBph8gon106Wqjwu2",
      "spotify:track:7uhINGViZPygI2AljxO8KN",
      "spotify:track:3Kh9bkKyT35NIfiK24uPdo",
      "spotify:track:7eadaD2SBArRbebB9CP70X",
      "spotify:track:5aQe0faFOjeskrHwpleXLJ",
      "spotify:track:6MZyrnqwsLnrWY5Gk0AyXg",
      "spotify:track:0cJTjTH3XVTTJh8F4Uq1db"
    ],
    "message_mix_id": "37i9dQZF1EpSk1pS08y9Th",
    "message_type": "BACKTRACKS"
  },
  {
    "timestamp_utc": "2024-04-18T21:51:06.372Z",
    "context_time": 1713477066372,
    "message_contents": [
      "spotify:track:3WLJ7D5kh44K5eJ1NqZQ6W",
      "spotify:track:7fY8qVujvm5lZBrt5Y1sIJ",
      "spotify:track:3F2BSn4ayglzMwquBRHZq6",
      "spotify:track:02MgmUhQsNxGo6z3S2RcB5",
      "spotify:track:6ivemTXTn27PwVjtd0oqDs",
      "spotify:track:0XF0D8HL9gk2sr9tlFOee3",
      "spotify:track:1EuQFujqMzy76oZZ7R2xNO",
      "spotify:track:117gRrOjnRkMCgWxNtDNSv",
      "spotify:track:6P1pBAEUoHwRMToeVoTPrg",
      "spotify:track:7mh09LniAOBK6JQkCffAc9",
      "spotify:track:2JCXbJztaSZiIeqUhaMhCt",
      "spotify:track:02sas1xqIwRm7iWSoHDvKe",
      "spotify:track:1ZiReD9pPTttQWwSoYqdyH",
      "spotify:track:5DdwOYaO8qF9wEphjjmFM0",
      "spotify:track:2cMXkKgX98UFjk4lTwVWoo",
      "spotify:track:5hL9yKGJAMUxfwsjFnJ0aR",
      "spotify:track:0iEdt7cayQ2XbicDeWFztj",
      "spotify:track:7bOxSmco2236p74tqu41PU",
      "spotify:track:5uQ2Ne5Z3miUgwN1YZSMQC",
      "spotify:track:7KkKCRrs1BaeA9aug5OKLX",
      "spotify:track:6CYtjAHaY3lznJRMJCCPTC",
      "spotify:track:4SDLH34rwro1NgA7YUFYYW",
      "spotify:track:7uhINGViZPygI2AljxO8KN",
      "spotify:track:7rhh49X6nRLD4j6ifSb5Ek",
      "spotify:track:6cCLkL72zw70bOVV88D0Ep",
      "spotify:track:3Kh9bkKyT35NIfiK24uPdo",
      "spotify:track:3zZ4VnqnGURgm5fYRLy4JV",
      "spotify:track:0op7p4Q6gFh44KKeTaKocv",
      "spotify:track:1pNTwQvMOD7NRJtRwHlRRf",
      "spotify:track:7zUuXqbmSk2OIChRwsL63t"
    ],
    "message_mix_id": "37i9dQZF1EpmHdn9cAvtQ8",
    "message_type": "ON_REPEAT"
  },
  {
    "timestamp_utc": "2024-05-29T23:16:18.543Z",
    "context_time": 1717024578543,
    "message_contents": [
      "spotify:track:02MgmUhQsNxGo6z3S2RcB5",
      "spotify:track:0op7p4Q6gFh44KKeTaKocv",
      "spotify:track:6J5ymVSQlrmZ2Y48GYLaoK",
      "spotify:track:0XF0D8HL9gk2sr9tlFOee3",
      "spotify:track:6cCLkL72zw70bOVV88D0Ep",
      "spotify:track:08kTa3SL9sV6Iy8KLKtGql",
      "spotify:track:13bxvI8AveCg4FOJTCULnb",
      "spotify:track:7zUuXqbmSk2OIChRwsL63t",
      "spotify:track:0defKES0cQIsig27CpfPWx",
      "spotify:track:2RV4QunRX0CTs2JR1uUbMj",
      "spotify:track:5cJJdUtacwBrphoMjh3tKG",
      "spotify:track:0RSGPiykniIg8m7JhiAVv7",
      "spotify:track:0bNkrxGqyFNYuXfj9HBV4r",
      "spotify:track:2Pas1bpuA8riVr0BOTCpJx",
      "spotify:track:2bGCXKKxk0FyTwYeJooaJH",
      "spotify:track:2cMXkKgX98UFjk4lTwVWoo",
      "spotify:track:0iEdt7cayQ2XbicDeWFztj",
      "spotify:track:1gWtHDe403RuyZqhvSRcv8",
      "spotify:track:5i8Nji8F21XK0q7ZdpcTEZ",
      "spotify:track:1xSKxa1J5NHMQBX4wMZW2g",
      "spotify:track:1JOjPZOx8E0wNvPZyPcoyg",
      "spotify:track:3zZ4VnqnGURgm5fYRLy4JV",
      "spotify:track:1yOzcnB0kIli8JttbJFMEK",
      "spotify:track:1JelKGBph8gon106Wqjwu2",
      "spotify:track:7uhINGViZPygI2AljxO8KN",
      "spotify:track:3NcqsdOoNs8gmS2AoKDwlC",
      "spotify:track:3wAXK2nhnsS6vdnGQ0Dph0",
      "spotify:track:7bOxSmco2236p74tqu41PU",
      "spotify:track:5aQe0faFOjeskrHwpleXLJ",
      "spotify:track:520NVZmA0cXVRrUUg0hOsc"
    ],
    "message_mix_id": "37i9dQZF1EpSk1pS08y9Th",
    "message_type": "BACKTRACKS"
  },
  {
    "timestamp_utc": "2024-05-26T21:34:23.999Z",
    "context_time": 1716759263999,
    "message_contents": [
      "spotify:track:3zSSCPpLZ5Oc8nelhhGjKz",
      "spotify:track:3WLJ7D5kh44K5eJ1NqZQ6W",
      "spotify:track:3F2BSn4ayglzMwquBRHZq6",
      "spotify:track:2rjCLFdX8n9xLoMZgdMMxt",
      "spotify:track:1ZiReD9pPTttQWwSoYqdyH",
      "spotify:track:54XrOdhUS2311wIt9m0OlD",
      "spotify:track:5uQ2Ne5Z3miUgwN1YZSMQC",
      "spotify:track:117gRrOjnRkMCgWxNtDNSv",
      "spotify:track:5DdwOYaO8qF9wEphjjmFM0",
      "spotify:track:6ivemTXTn27PwVjtd0oqDs",
      "spotify:track:6EQG98YQXZwX9nJSABjvDw",
      "spotify:track:02sas1xqIwRm7iWSoHDvKe",
      "spotify:track:45PA9lW7U5LYnlpGrdTyHY",
      "spotify:track:5hL9yKGJAMUxfwsjFnJ0aR",
      "spotify:track:0XF0D8HL9gk2sr9tlFOee3",
      "spotify:track:1TkyDEdjiUuYhoMkxdZCiO",
      "spotify:track:7zUuXqbmSk2OIChRwsL63t",
      "spotify:track:0op7p4Q6gFh44KKeTaKocv",
      "spotify:track:6P1pBAEUoHwRMToeVoTPrg",
      "spotify:track:471RBR3831v1y8qwiBw2f3",
      "spotify:track:6J5ymVSQlrmZ2Y48GYLaoK",
      "spotify:track:7mh09LniAOBK6JQkCffAc9",
      "spotify:track:2JCXbJztaSZiIeqUhaMhCt",
      "spotify:track:4SDLH34rwro1NgA7YUFYYW",
      "spotify:track:1EuQFujqMzy76oZZ7R2xNO",
      "spotify:track:0hSjuhADCGdKNi5uIWJheK",
      "spotify:track:1pNTwQvMOD7NRJtRwHlRRf",
      "spotify:track:3IW6WWv5CeCgSyNwL9UmJr",
      "spotify:track:32FY3evYxsIsb5yUQ68Uja",
      "spotify:track:3wAXK2nhnsS6vdnGQ0Dph0"
    ],
    "message_mix_id": "37i9dQZF1EpmHdn9cAvtQ8",
    "message_type": "ON_REPEAT"
  },
  {
    "timestamp_utc": "2024-05-05T18:31:14.305Z",
    "context_time": 1714933874305,
    "message_contents": [
      "spotify:track:6cCLkL72zw70bOVV88D0Ep",
      "spotify:track:2bGCXKKxk0FyTwYeJooaJH",
      "spotify:track:2RV4QunRX0CTs2JR1uUbMj",
      "spotify:track:2Pas1bpuA8riVr0BOTCpJx",
      "spotify:track:13bxvI8AveCg4FOJTCULnb",
      "spotify:track:1TkyDEdjiUuYhoMkxdZCiO",
      "spotify:track:0hSjuhADCGdKNi5uIWJheK",
      "spotify:track:5cJJdUtacwBrphoMjh3tKG",
      "spotify:track:0defKES0cQIsig27CpfPWx",
      "spotify:track:0bNkrxGqyFNYuXfj9HBV4r",
      "spotify:track:0iEdt7cayQ2XbicDeWFztj",
      "spotify:track:1ZMlxEZZaJ7IDYUpr5JXB2",
      "spotify:track:3zZ4VnqnGURgm5fYRLy4JV",
      "spotify:track:7bOxSmco2236p74tqu41PU",
      "spotify:track:471RBR3831v1y8qwiBw2f3",
      "spotify:track:1xSKxa1J5NHMQBX4wMZW2g",
      "spotify:track:6GT0oiQdjiYX91qgAMi7Vd",
      "spotify:track:0RSGPiykniIg8m7JhiAVv7",
      "spotify:track:1JelKGBph8gon106Wqjwu2",
      "spotify:track:6ivemTXTn27PwVjtd0oqDs",
      "spotify:track:5aQe0faFOjeskrHwpleXLJ",
      "spotify:track:4CntijvDDzDpURDLjrJEkQ",
      "spotify:track:6EQG98YQXZwX9nJSABjvDw",
      "spotify:track:54XrOdhUS2311wIt9m0OlD",
      "spotify:track:6MZyrnqwsLnrWY5Gk0AyXg",
      "spotify:track:0Pa0xSCRVO8ZIxs29XgBvv",
      "spotify:track:7eadaD2SBArRbebB9CP70X",
      "spotify:track:7uhINGViZPygI2AljxO8KN",
      "spotify:track:7mh09LniAOBK6JQkCffAc9",
      "spotify:track:3Kh9bkKyT35NIfiK24uPdo"
    ],
    "message_mix_id": "37i9dQZF1EpSk1pS08y9Th",
    "message_type": "BACKTRACKS"
  },
  {
    "timestamp_utc": "2024-06-04T18:11:40.047Z",
    "context_time": 1717524700047,
    "message_contents": [
      "spotify:track:0defKES0cQIsig27CpfPWx",
      "spotify:track:7zUuXqbmSk2OIChRwsL63t",
      "spotify:track:13bxvI8AveCg4FOJTCULnb",
      "spotify:track:6GT0oiQdjiYX91qgAMi7Vd",
      "spotify:track:1JOjPZOx8E0wNvPZyPcoyg",
      "spotify:track:6P1pBAEUoHwRMToeVoTPrg",
      "spotify:track:3IW6WWv5CeCgSyNwL9UmJr",
      "spotify:track:1EuQFujqMzy76oZZ7R2xNO",
      "spotify:track:5uQ2Ne5Z3miUgwN1YZSMQC",
      "spotify:track:1xSKxa1J5NHMQBX4wMZW2g",
      "spotify:track:4SDLH34rwro1NgA7YUFYYW",
      "spotify:track:1TkyDEdjiUuYhoMkxdZCiO",
      "spotify:track:5i8Nji8F21XK0q7ZdpcTEZ",
      "spotify:track:2cMXkKgX98UFjk4lTwVWoo",
      "spotify:track:3zZ4VnqnGURgm5fYRLy4JV",
      "spotify:track:45PA9lW7U5LYnlpGrdTyHY",
      "spotify:track:1ZMlxEZZaJ7IDYUpr5JXB2",
      "spotify:track:0RSGPiykniIg8m7JhiAVv7",
      "spotify:track:2bGCXKKxk0FyTwYeJooaJH",
      "spotify:track:1gWtHDe403RuyZqhvSRcv8",
      "spotify:track:7bOxSmco2236p74tqu41PU",
      "spotify:track:0iEdt7cayQ2XbicDeWFztj",
      "spotify:track:1yOzcnB0kIli8JttbJFMEK",
      "spotify:track:520NVZmA0cXVRrUUg0hOsc",
      "spotify:track:2jfLNlyUpxhFkoo1lJjiL3",
      "spotify:track:1JelKGBph8gon106Wqjwu2",
      "spotify:track:1Yf9bMpL6jrHjQ6Y9ySdOb",
      "spotify:track:7uhINGViZPygI2AljxO8KN",
      "spotify:track:6MZyrnqwsLnrWY5Gk0AyXg",
      "spotify:track:3wAXK2nhnsS6vdnGQ0Dph0"
    ],
    "message_mix_id": "37i9dQZF1EpSk1pS08y9Th",
    "message_type": "BACKTRACKS"
  },
  {
    "timestamp_utc": "2024-04-22T18:14:21.783Z",
    "context_time": 1713809661783,
    "message_contents": [
      "spotify:track:7zUuXqbmSk2OIChRwsL63t",
      "spotify:track:6CYtjAHaY3lznJRMJCCPTC",
      "spotify:track:5hL9yKGJAMUxfwsjFnJ0aR",
      "spotify:track:6cCLkL72zw70bOVV88D0Ep",
      "spotify:track:0iEdt7cayQ2XbicDeWFztj",
      "spotify:track:3NcqsdOoNs8gmS2AoKDwlC",
      "spotify:track:117gRrOjnRkMCgWxNtDNSv",
      "spotify:track:2bGCXKKxk0FyTwYeJooaJH",
      "spotify:track:1ZMlxEZZaJ7IDYUpr5JXB2",
      "spotify:track:0hSjuhADCGdKNi5uIWJheK",
      "spotify:track:7bOxSmco2236p74tqu41PU",
      "spotify:track:1JelKGBph8gon106Wqjwu2",
      "spotify:track:5aQe0faFOjeskrHwpleXLJ",
      "spotify:track:3bQsp4Vr9Rg4fNCx6HPOgX",
      "spotify:track:3wAXK2nhnsS6vdnGQ0Dph0",
      "spotify:track:1gWtHDe403RuyZqhvSRcv8",
      "spotify:track:2Pas1bpuA8riVr0BOTCpJx",
      "spotify:track:2RV4QunRX0CTs2JR1uUbMj",
      "spotify:track:471RBR3831v1y8qwiBw2f3",
      "spotify:track:7uhINGViZPygI2AljxO8KN",
      "spotify:track:3Kh9bkKyT35NIfiK24uPdo",
      "spotify:track:1xSKxa1J5NHMQBX4wMZW2g",
      "spotify:track:6GT0oiQdjiYX91qgAMi7Vd",
      "spotify:track:1TkyDEdjiUuYhoMkxdZCiO",
      "spotify:track:13bxvI8AveCg4FOJTCULnb",
      "spotify:track:0Pa0xSCRVO8ZIxs29XgBvv",
      "spotify:track:6EQG98YQXZwX9nJSABjvDw",
      "spotify:track:4CntijvDDzDpURDLjrJEkQ",
      "spotify:track:7eadaD2SBArRbebB9CP70X",
      "spotify:track:6MZyrnqwsLnrWY5Gk0AyXg"
    ],
    "message_mix_id": "37i9dQZF1EpSk1pS08y9Th",
    "message_type": "BACKTRACKS"
  },
  {
    "timestamp_utc": "2024-05-08T17:29:51.077Z",
    "context_time": 1715189391077,
    "message_contents": [
      "spotify:track:2bGCXKKxk0FyTwYeJooaJH",
      "spotify:track:0XF0D8HL9gk2sr9tlFOee3",
      "spotify:track:2Pas1bpuA8riVr0BOTCpJx",
      "spotify:track:0defKES0cQIsig27CpfPWx",
      "spotify:track:1TkyDEdjiUuYhoMkxdZCiO",
      "spotify:track:54XrOdhUS2311wIt9m0OlD",
      "spotify:track:13bxvI8AveCg4FOJTCULnb",
      "spotify:track:5cJJdUtacwBrphoMjh3tKG",
      "spotify:track:5uQ2Ne5Z3miUgwN1YZSMQC",
      "spotify:track:1xSKxa1J5NHMQBX4wMZW2g",
      "spotify:track:1pNTwQvMOD7NRJtRwHlRRf",
      "spotify:track:0iEdt7cayQ2XbicDeWFztj",
      "spotify:track:0hSjuhADCGdKNi5uIWJheK",
      "spotify:track:1JelKGBph8gon106Wqjwu2",
      "spotify:track:0RSGPiykniIg8m7JhiAVv7",
      "spotify:track:7eadaD2SBArRbebB9CP70X",
      "spotify:track:3wAXK2nhnsS6vdnGQ0Dph0",
      "spotify:track:7bOxSmco2236p74tqu41PU",
      "spotify:track:6GT0oiQdjiYX91qgAMi7Vd",
      "spotify:track:1ZMlxEZZaJ7IDYUpr5JXB2",
      "spotify:track:3NcqsdOoNs8gmS2AoKDwlC",
      "spotify:track:1Yf9bMpL6jrHjQ6Y9ySdOb",
      "spotify:track:4SDLH34rwro1NgA7YUFYYW",
      "spotify:track:6EQG98YQXZwX9nJSABjvDw",
      "spotify:track:6MZyrnqwsLnrWY5Gk0AyXg",
      "spotify:track:5aQe0faFOjeskrHwpleXLJ",
      "spotify:track:0Pa0xSCRVO8ZIxs29XgBvv",
      "spotify:track:7uhINGViZPygI2AljxO8KN",
      "spotify:track:3Kh9bkKyT35NIfiK24uPdo",
      "spotify:track:6P1pBAEUoHwRMToeVoTPrg"
    ],
    "message_mix_id": "37i9dQZF1EpSk1pS08y9Th",
    "message_type": "BACKTRACKS"
  },
  {
    "timestamp_utc": "2024-06-01T19:18:15.954Z",
    "context_time": 1717269495954,
    "message_contents": [
      "spotify:track:02MgmUhQsNxGo6z3S2RcB5",
      "spotify:track:13bxvI8AveCg4FOJTCULnb",
      "spotify:track:0defKES0cQIsig27CpfPWx",
      "spotify:track:5cJJdUtacwBrphoMjh3tKG",
      "spotify:track:0bNkrxGqyFNYuXfj9HBV4r",
      "spotify:track:2Pas1bpuA8riVr0BOTCpJx",
      "spotify:track:45PA9lW7U5LYnlpGrdTyHY",
      "spotify:track:6P1pBAEUoHwRMToeVoTPrg",
      "spotify:track:0RSGPiykniIg8m7JhiAVv7",
      "spotify:track:3IW6WWv5CeCgSyNwL9UmJr",
      "spotify:track:4CntijvDDzDpURDLjrJEkQ",
      "spotify:track:1xSKxa1J5NHMQBX4wMZW2g",
      "spotify:track:5i8Nji8F21XK0q7ZdpcTEZ",
      "spotify:track:3zZ4VnqnGURgm5fYRLy4JV",
      "spotify:track:1JelKGBph8gon106Wqjwu2",
      "spotify:track:2cMXkKgX98UFjk4lTwVWoo",
      "spotify:track:1ZMlxEZZaJ7IDYUpr5JXB2",
      "spotify:track:7uhINGViZPygI2AljxO8KN",
      "spotify:track:0iEdt7cayQ2XbicDeWFztj",
      "spotify:track:2bGCXKKxk0FyTwYeJooaJH",
      "spotify:track:3wAXK2nhnsS6vdnGQ0Dph0",
      "spotify:track:1gWtHDe403RuyZqhvSRcv8",
      "spotify:track:471RBR3831v1y8qwiBw2f3",
      "spotify:track:1yOzcnB0kIli8JttbJFMEK",
      "spotify:track:5aQe0faFOjeskrHwpleXLJ",
      "spotify:track:6MZyrnqwsLnrWY5Gk0AyXg",
      "spotify:track:0cJTjTH3XVTTJh8F4Uq1db",
      "spotify:track:520NVZmA0cXVRrUUg0hOsc",
      "spotify:track:3Kh9bkKyT35NIfiK24uPdo",
      "spotify:track:1FtCRvAsGivR9nUW8HDUts"
    ],
    "message_mix_id": "37i9dQZF1EpSk1pS08y9Th",
    "message_type": "BACKTRACKS"
  },
  {
    "timestamp_utc": "2024-03-31T21:06:59.039Z",
    "context_time": 1711919219039,
    "message_contents": [
      "spotify:track:6CYtjAHaY3lznJRMJCCPTC",
      "spotify:track:0RSGPiykniIg8m7JhiAVv7",
      "spotify:track:7pncFFzijtxIQtLpNwiAyO",
      "spotify:track:0Pa0xSCRVO8ZIxs29XgBvv",
      "spotify:track:3g572Upfd1UZat0EBLGtns",
      "spotify:track:5i8Nji8F21XK0q7ZdpcTEZ",
      "spotify:track:3bQsp4Vr9Rg4fNCx6HPOgX",
      "spotify:track:4Zp96hExiyQiwivwe1JK1d",
      "spotify:track:3zZ4VnqnGURgm5fYRLy4JV",
      "spotify:track:1JelKGBph8gon106Wqjwu2",
      "spotify:track:45PA9lW7U5LYnlpGrdTyHY",
      "spotify:track:1ZMlxEZZaJ7IDYUpr5JXB2",
      "spotify:track:0P4AQdNDgEdi7J8mpgY8Jx",
      "spotify:track:7rtaBPvxCSw2bKY8miNyLa",
      "spotify:track:5aQe0faFOjeskrHwpleXLJ",
      "spotify:track:0defKES0cQIsig27CpfPWx",
      "spotify:track:520NVZmA0cXVRrUUg0hOsc",
      "spotify:track:46HUXpfLQmX8t0QcDr4w7W",
      "spotify:track:7h5jBU18CqXNhDUKRr6y7h",
      "spotify:track:6P1pBAEUoHwRMToeVoTPrg",
      "spotify:track:0iEdt7cayQ2XbicDeWFztj",
      "spotify:track:2RV4QunRX0CTs2JR1uUbMj",
      "spotify:track:0rlLBWFFTQiOWi963SH9bb",
      "spotify:track:2cMXkKgX98UFjk4lTwVWoo",
      "spotify:track:4QK1qv4mgsfdWmMzp1Z3fx",
      "spotify:track:7mh09LniAOBK6JQkCffAc9",
      "spotify:track:0snQrp1VaY5Pj1YIHRJpRJ",
      "spotify:track:6ivemTXTn27PwVjtd0oqDs",
      "spotify:track:5cJJdUtacwBrphoMjh3tKG",
      "spotify:track:2jfLNlyUpxhFkoo1lJjiL3"
    ],
    "message_mix_id": "37i9dQZF1EpSk1pS08y9Th",
    "message_type": "BACKTRACKS"
  },
  {
    "timestamp_utc": "2024-03-19T18:30:38.972Z",
    "context_time": 1710873038972,
    "message_contents": [
      "spotify:track:7fY8qVujvm5lZBrt5Y1sIJ",
      "spotify:track:3WLJ7D5kh44K5eJ1NqZQ6W",
      "spotify:track:5eaNyfZrCInXHr0wa80FB5",
      "spotify:track:3NcqsdOoNs8gmS2AoKDwlC",
      "spotify:track:02sas1xqIwRm7iWSoHDvKe",
      "spotify:track:2bGCXKKxk0FyTwYeJooaJH",
      "spotify:track:1ZiReD9pPTttQWwSoYqdyH",
      "spotify:track:0XF0D8HL9gk2sr9tlFOee3",
      "spotify:track:1EuQFujqMzy76oZZ7R2xNO",
      "spotify:track:5hL9yKGJAMUxfwsjFnJ0aR",
      "spotify:track:08kTa3SL9sV6Iy8KLKtGql",
      "spotify:track:7mh09LniAOBK6JQkCffAc9",
      "spotify:track:6CYtjAHaY3lznJRMJCCPTC",
      "spotify:track:6EQG98YQXZwX9nJSABjvDw",
      "spotify:track:3Kh9bkKyT35NIfiK24uPdo",
      "spotify:track:4SDLH34rwro1NgA7YUFYYW",
      "spotify:track:7tjtWVu8RsshzPxQm8oT3y",
      "spotify:track:5cJJdUtacwBrphoMjh3tKG",
      "spotify:track:7bOxSmco2236p74tqu41PU",
      "spotify:track:471RBR3831v1y8qwiBw2f3",
      "spotify:track:0hSjuhADCGdKNi5uIWJheK",
      "spotify:track:1gWtHDe403RuyZqhvSRcv8",
      "spotify:track:5HbI2Xlpfs0Vf4AlklsoRe",
      "spotify:track:6XPLnH0wby09UGaJYtv4NT",
      "spotify:track:2cMXkKgX98UFjk4lTwVWoo",
      "spotify:track:117gRrOjnRkMCgWxNtDNSv",
      "spotify:track:32FY3evYxsIsb5yUQ68Uja",
      "spotify:track:5uQ2Ne5Z3miUgwN1YZSMQC",
      "spotify:track:1JelKGBph8gon106Wqjwu2",
      "spotify:track:3F2BSn4ayglzMwquBRHZq6"
    ],
    "message_mix_id": "37i9dQZF1EpmHdn9cAvtQ8",
    "message_type": "ON_REPEAT"
  },
  {
    "timestamp_utc": "2024-04-22T18:14:21.783Z",
    "context_time": 1713809661783,
    "message_contents": [
      "spotify:track:3WLJ7D5kh44K5eJ1NqZQ6W",
      "spotify:track:7fY8qVujvm5lZBrt5Y1sIJ",
      "spotify:track:02MgmUhQsNxGo6z3S2RcB5",
      "spotify:track:2JCXbJztaSZiIeqUhaMhCt",
      "spotify:track:1ZiReD9pPTttQWwSoYqdyH",
      "spotify:track:1EuQFujqMzy76oZZ7R2xNO",
      "spotify:track:5DdwOYaO8qF9wEphjjmFM0",
      "spotify:track:7mh09LniAOBK6JQkCffAc9",
      "spotify:track:6ivemTXTn27PwVjtd0oqDs",
      "spotify:track:4SDLH34rwro1NgA7YUFYYW",
      "spotify:track:02sas1xqIwRm7iWSoHDvKe",
      "spotify:track:45PA9lW7U5LYnlpGrdTyHY",
      "spotify:track:2rjCLFdX8n9xLoMZgdMMxt",
      "spotify:track:3zZ4VnqnGURgm5fYRLy4JV",
      "spotify:track:3F2BSn4ayglzMwquBRHZq6",
      "spotify:track:2cMXkKgX98UFjk4lTwVWoo",
      "spotify:track:0op7p4Q6gFh44KKeTaKocv",
      "spotify:track:1JOjPZOx8E0wNvPZyPcoyg",
      "spotify:track:0bNkrxGqyFNYuXfj9HBV4r",
      "spotify:track:6P1pBAEUoHwRMToeVoTPrg",
      "spotify:track:3IW6WWv5CeCgSyNwL9UmJr",
      "spotify:track:5uQ2Ne5Z3miUgwN1YZSMQC",
      "spotify:track:7KkKCRrs1BaeA9aug5OKLX",
      "spotify:track:0XF0D8HL9gk2sr9tlFOee3",
      "spotify:track:6J5ymVSQlrmZ2Y48GYLaoK",
      "spotify:track:1pNTwQvMOD7NRJtRwHlRRf",
      "spotify:track:5cJJdUtacwBrphoMjh3tKG",
      "spotify:track:0RSGPiykniIg8m7JhiAVv7",
      "spotify:track:08kTa3SL9sV6Iy8KLKtGql",
      "spotify:track:0defKES0cQIsig27CpfPWx"
    ],
    "message_mix_id": "37i9dQZF1EpmHdn9cAvtQ8",
    "message_type": "ON_REPEAT"
  },
  {
    "timestamp_utc": "2024-04-03T17:39:27.890Z",
    "context_time": 1712165967890,
    "message_contents": [
      "spotify:track:7fY8qVujvm5lZBrt5Y1sIJ",
      "spotify:track:3WLJ7D5kh44K5eJ1NqZQ6W",
      "spotify:track:3F2BSn4ayglzMwquBRHZq6",
      "spotify:track:02MgmUhQsNxGo6z3S2RcB5",
      "spotify:track:2rjCLFdX8n9xLoMZgdMMxt",
      "spotify:track:2RV4QunRX0CTs2JR1uUbMj",
      "spotify:track:6J5ymVSQlrmZ2Y48GYLaoK",
      "spotify:track:1ZiReD9pPTttQWwSoYqdyH",
      "spotify:track:1gWtHDe403RuyZqhvSRcv8",
      "spotify:track:6cCLkL72zw70bOVV88D0Ep",
      "spotify:track:0op7p4Q6gFh44KKeTaKocv",
      "spotify:track:5HbI2Xlpfs0Vf4AlklsoRe",
      "spotify:track:117gRrOjnRkMCgWxNtDNSv",
      "spotify:track:1yOzcnB0kIli8JttbJFMEK",
      "spotify:track:3NcqsdOoNs8gmS2AoKDwlC",
      "spotify:track:0XF0D8HL9gk2sr9tlFOee3",
      "spotify:track:1TkyDEdjiUuYhoMkxdZCiO",
      "spotify:track:4SDLH34rwro1NgA7YUFYYW",
      "spotify:track:3wAXK2nhnsS6vdnGQ0Dph0",
      "spotify:track:5Br8K1CLLVB7AuuM0t4G7r",
      "spotify:track:1xSKxa1J5NHMQBX4wMZW2g",
      "spotify:track:1EuQFujqMzy76oZZ7R2xNO",
      "spotify:track:08kTa3SL9sV6Iy8KLKtGql",
      "spotify:track:2Pas1bpuA8riVr0BOTCpJx",
      "spotify:track:54XrOdhUS2311wIt9m0OlD",
      "spotify:track:5DdwOYaO8qF9wEphjjmFM0",
      "spotify:track:7mh09LniAOBK6JQkCffAc9",
      "spotify:track:13bxvI8AveCg4FOJTCULnb",
      "spotify:track:02sas1xqIwRm7iWSoHDvKe",
      "spotify:track:2jhl4HxYbNC5OPvqxiodUG"
    ],
    "message_mix_id": "37i9dQZF1EpmHdn9cAvtQ8",
    "message_type": "ON_REPEAT"
  },
  {
    "timestamp_utc": "2024-03-13T19:38:19.839Z",
    "context_time": 1710358699839,
    "message_contents": [
      "spotify:track:7fY8qVujvm5lZBrt5Y1sIJ",
      "spotify:track:3WLJ7D5kh44K5eJ1NqZQ6W",
      "spotify:track:2bGCXKKxk0FyTwYeJooaJH",
      "spotify:track:3NcqsdOoNs8gmS2AoKDwlC",
      "spotify:track:3zZ4VnqnGURgm5fYRLy4JV",
      "spotify:track:1ZiReD9pPTttQWwSoYqdyH",
      "spotify:track:0XF0D8HL9gk2sr9tlFOee3",
      "spotify:track:471RBR3831v1y8qwiBw2f3",
      "spotify:track:1gWtHDe403RuyZqhvSRcv8",
      "spotify:track:1EuQFujqMzy76oZZ7R2xNO",
      "spotify:track:0iEdt7cayQ2XbicDeWFztj",
      "spotify:track:3F2BSn4ayglzMwquBRHZq6",
      "spotify:track:3Kh9bkKyT35NIfiK24uPdo",
      "spotify:track:7bOxSmco2236p74tqu41PU",
      "spotify:track:4SDLH34rwro1NgA7YUFYYW",
      "spotify:track:7mh09LniAOBK6JQkCffAc9",
      "spotify:track:0NsYZt7iTFoLMw3pZTQEDQ",
      "spotify:track:2JCXbJztaSZiIeqUhaMhCt",
      "spotify:track:7eadaD2SBArRbebB9CP70X",
      "spotify:track:6P1pBAEUoHwRMToeVoTPrg",
      "spotify:track:2RV4QunRX0CTs2JR1uUbMj",
      "spotify:track:6EQG98YQXZwX9nJSABjvDw",
      "spotify:track:3g572Upfd1UZat0EBLGtns",
      "spotify:track:5Br8K1CLLVB7AuuM0t4G7r",
      "spotify:track:5HbI2Xlpfs0Vf4AlklsoRe",
      "spotify:track:1TkyDEdjiUuYhoMkxdZCiO",
      "spotify:track:3wAXK2nhnsS6vdnGQ0Dph0",
      "spotify:track:6ivemTXTn27PwVjtd0oqDs",
      "spotify:track:5cJJdUtacwBrphoMjh3tKG",
      "spotify:track:0op7p4Q6gFh44KKeTaKocv"
    ],
    "message_mix_id": "37i9dQZF1EpmHdn9cAvtQ8",
    "message_type": "ON_REPEAT"
  },
  {
    "timestamp_utc": "2024-03-28T18:38:06.499Z",
    "context_time": 1711651086499,
    "message_contents": [
      "spotify:track:7fY8qVujvm5lZBrt5Y1sIJ",
      "spotify:track:3WLJ7D5kh44K5eJ1NqZQ6W",
      "spotify:track:02MgmUhQsNxGo6z3S2RcB5",
      "spotify:track:6J5ymVSQlrmZ2Y48GYLaoK",
      "spotify:track:02sas1xqIwRm7iWSoHDvKe",
      "spotify:track:2bGCXKKxk0FyTwYeJooaJH",
      "spotify:track:5HbI2Xlpfs0Vf4AlklsoRe",
      "spotify:track:6cCLkL72zw70bOVV88D0Ep",
      "spotify:track:117gRrOjnRkMCgWxNtDNSv",
      "spotify:track:0op7p4Q6gFh44KKeTaKocv",
      "spotify:track:2rjCLFdX8n9xLoMZgdMMxt",
      "spotify:track:0XF0D8HL9gk2sr9tlFOee3",
      "spotify:track:1gWtHDe403RuyZqhvSRcv8",
      "spotify:track:3NcqsdOoNs8gmS2AoKDwlC",
      "spotify:track:1JOjPZOx8E0wNvPZyPcoyg",
      "spotify:track:5hL9yKGJAMUxfwsjFnJ0aR",
      "spotify:track:08kTa3SL9sV6Iy8KLKtGql",
      "spotify:track:7bOxSmco2236p74tqu41PU",
      "spotify:track:5eaNyfZrCInXHr0wa80FB5",
      "spotify:track:6ivemTXTn27PwVjtd0oqDs",
      "spotify:track:3Kh9bkKyT35NIfiK24uPdo",
      "spotify:track:1ZiReD9pPTttQWwSoYqdyH",
      "spotify:track:3wAXK2nhnsS6vdnGQ0Dph0",
      "spotify:track:6EQG98YQXZwX9nJSABjvDw",
      "spotify:track:1TkyDEdjiUuYhoMkxdZCiO",
      "spotify:track:5cJJdUtacwBrphoMjh3tKG",
      "spotify:track:0hSjuhADCGdKNi5uIWJheK",
      "spotify:track:32FY3evYxsIsb5yUQ68Uja",
      "spotify:track:6GT0oiQdjiYX91qgAMi7Vd",
      "spotify:track:2RV4QunRX0CTs2JR1uUbMj"
    ],
    "message_mix_id": "37i9dQZF1EpmHdn9cAvtQ8",
    "message_type": "ON_REPEAT"
  },
  {
    "timestamp_utc": "2024-03-22T20:10:15.864Z",
    "context_time": 1711138215864,
    "message_contents": [
      "spotify:track:7fY8qVujvm5lZBrt5Y1sIJ",
      "spotify:track:3WLJ7D5kh44K5eJ1NqZQ6W",
      "spotify:track:5eaNyfZrCInXHr0wa80FB5",
      "spotify:track:2bGCXKKxk0FyTwYeJooaJH",
      "spotify:track:02sas1xqIwRm7iWSoHDvKe",
      "spotify:track:02MgmUhQsNxGo6z3S2RcB5",
      "spotify:track:7bOxSmco2236p74tqu41PU",
      "spotify:track:3NcqsdOoNs8gmS2AoKDwlC",
      "spotify:track:5HbI2Xlpfs0Vf4AlklsoRe",
      "spotify:track:2rjCLFdX8n9xLoMZgdMMxt",
      "spotify:track:0XF0D8HL9gk2sr9tlFOee3",
      "spotify:track:1gWtHDe403RuyZqhvSRcv8",
      "spotify:track:7mh09LniAOBK6JQkCffAc9",
      "spotify:track:5cJJdUtacwBrphoMjh3tKG",
      "spotify:track:32FY3evYxsIsb5yUQ68Uja",
      "spotify:track:6J5ymVSQlrmZ2Y48GYLaoK",
      "spotify:track:5hL9yKGJAMUxfwsjFnJ0aR",
      "spotify:track:7rhh49X6nRLD4j6ifSb5Ek",
      "spotify:track:3g572Upfd1UZat0EBLGtns",
      "spotify:track:1ZiReD9pPTttQWwSoYqdyH",
      "spotify:track:7eadaD2SBArRbebB9CP70X",
      "spotify:track:6XPLnH0wby09UGaJYtv4NT",
      "spotify:track:2JCXbJztaSZiIeqUhaMhCt",
      "spotify:track:1EuQFujqMzy76oZZ7R2xNO",
      "spotify:track:0op7p4Q6gFh44KKeTaKocv",
      "spotify:track:6cCLkL72zw70bOVV88D0Ep",
      "spotify:track:1ZMlxEZZaJ7IDYUpr5JXB2",
      "spotify:track:08kTa3SL9sV6Iy8KLKtGql",
      "spotify:track:2cMXkKgX98UFjk4lTwVWoo",
      "spotify:track:5DdwOYaO8qF9wEphjjmFM0"
    ],
    "message_mix_id": "37i9dQZF1EpmHdn9cAvtQ8",
    "message_type": "ON_REPEAT"
  },
  {
    "timestamp_utc": "2024-03-10T20:20:51.548Z",
    "context_time": 1710102051548,
    "message_contents": [
      "spotify:track:6Z394Nd4gW6Ts9hmu3NUjx",
      "spotify:track:0hSjuhADCGdKNi5uIWJheK",
      "spotify:track:4Zp96hExiyQiwivwe1JK1d",
      "spotify:track:54XrOdhUS2311wIt9m0OlD",
      "spotify:track:5i8Nji8F21XK0q7ZdpcTEZ",
      "spotify:track:330joCgJHJGHFLOgJCvNEM",
      "spotify:track:0snQrp1VaY5Pj1YIHRJpRJ",
      "spotify:track:3bQsp4Vr9Rg4fNCx6HPOgX",
      "spotify:track:2jfLNlyUpxhFkoo1lJjiL3",
      "spotify:track:5aQe0faFOjeskrHwpleXLJ",
      "spotify:track:6E6BCsQHXDAdXsrL7zV71N",
      "spotify:track:7pncFFzijtxIQtLpNwiAyO",
      "spotify:track:0Pa0xSCRVO8ZIxs29XgBvv",
      "spotify:track:46HUXpfLQmX8t0QcDr4w7W",
      "spotify:track:3g572Upfd1UZat0EBLGtns",
      "spotify:track:45PA9lW7U5LYnlpGrdTyHY",
      "spotify:track:0RSGPiykniIg8m7JhiAVv7",
      "spotify:track:7h5jBU18CqXNhDUKRr6y7h",
      "spotify:track:7rtaBPvxCSw2bKY8miNyLa",
      "spotify:track:1ZMlxEZZaJ7IDYUpr5JXB2",
      "spotify:track:520NVZmA0cXVRrUUg0hOsc",
      "spotify:track:13bxvI8AveCg4FOJTCULnb",
      "spotify:track:0P4AQdNDgEdi7J8mpgY8Jx",
      "spotify:track:0rlLBWFFTQiOWi963SH9bb",
      "spotify:track:08kTa3SL9sV6Iy8KLKtGql",
      "spotify:track:1JelKGBph8gon106Wqjwu2",
      "spotify:track:0fxglD52oLxhKpVv2od1x9",
      "spotify:track:3CXlvNO3LSurkx7cNMOXRj",
      "spotify:track:117gRrOjnRkMCgWxNtDNSv",
      "spotify:track:5HbI2Xlpfs0Vf4AlklsoRe"
    ],
    "message_mix_id": "37i9dQZF1EpSk1pS08y9Th",
    "message_type": "BACKTRACKS"
  },
  {
    "timestamp_utc": "2024-05-18T18:59:18.088Z",
    "context_time": 1716058758088,
    "message_contents": [
      "spotify:track:3WLJ7D5kh44K5eJ1NqZQ6W",
      "spotify:track:5DdwOYaO8qF9wEphjjmFM0",
      "spotify:track:3F2BSn4ayglzMwquBRHZq6",
      "spotify:track:5hL9yKGJAMUxfwsjFnJ0aR",
      "spotify:track:2rjCLFdX8n9xLoMZgdMMxt",
      "spotify:track:2JCXbJztaSZiIeqUhaMhCt",
      "spotify:track:02sas1xqIwRm7iWSoHDvKe",
      "spotify:track:6ivemTXTn27PwVjtd0oqDs",
      "spotify:track:471RBR3831v1y8qwiBw2f3",
      "spotify:track:6EQG98YQXZwX9nJSABjvDw",
      "spotify:track:1TkyDEdjiUuYhoMkxdZCiO",
      "spotify:track:54XrOdhUS2311wIt9m0OlD",
      "spotify:track:1JOjPZOx8E0wNvPZyPcoyg",
      "spotify:track:32FY3evYxsIsb5yUQ68Uja",
      "spotify:track:117gRrOjnRkMCgWxNtDNSv",
      "spotify:track:7bOxSmco2236p74tqu41PU",
      "spotify:track:0hSjuhADCGdKNi5uIWJheK",
      "spotify:track:5uQ2Ne5Z3miUgwN1YZSMQC",
      "spotify:track:7zUuXqbmSk2OIChRwsL63t",
      "spotify:track:1ZiReD9pPTttQWwSoYqdyH",
      "spotify:track:0op7p4Q6gFh44KKeTaKocv",
      "spotify:track:6P1pBAEUoHwRMToeVoTPrg",
      "spotify:track:45PA9lW7U5LYnlpGrdTyHY",
      "spotify:track:7mh09LniAOBK6JQkCffAc9",
      "spotify:track:1EuQFujqMzy76oZZ7R2xNO",
      "spotify:track:4SDLH34rwro1NgA7YUFYYW",
      "spotify:track:0XF0D8HL9gk2sr9tlFOee3",
      "spotify:track:7KkKCRrs1BaeA9aug5OKLX",
      "spotify:track:08kTa3SL9sV6Iy8KLKtGql",
      "spotify:track:3NcqsdOoNs8gmS2AoKDwlC"
    ],
    "message_mix_id": "37i9dQZF1EpmHdn9cAvtQ8",
    "message_type": "ON_REPEAT"
  },
  {
    "timestamp_utc": "2024-05-23T21:40:45.632Z",
    "context_time": 1716500445632,
    "message_contents": [
      "spotify:track:02MgmUhQsNxGo6z3S2RcB5",
      "spotify:track:0defKES0cQIsig27CpfPWx",
      "spotify:track:45PA9lW7U5LYnlpGrdTyHY",
      "spotify:track:2bGCXKKxk0FyTwYeJooaJH",
      "spotify:track:2RV4QunRX0CTs2JR1uUbMj",
      "spotify:track:5cJJdUtacwBrphoMjh3tKG",
      "spotify:track:08kTa3SL9sV6Iy8KLKtGql",
      "spotify:track:1pNTwQvMOD7NRJtRwHlRRf",
      "spotify:track:0bNkrxGqyFNYuXfj9HBV4r",
      "spotify:track:13bxvI8AveCg4FOJTCULnb",
      "spotify:track:0RSGPiykniIg8m7JhiAVv7",
      "spotify:track:2Pas1bpuA8riVr0BOTCpJx",
      "spotify:track:7mh09LniAOBK6JQkCffAc9",
      "spotify:track:1xSKxa1J5NHMQBX4wMZW2g",
      "spotify:track:3zZ4VnqnGURgm5fYRLy4JV",
      "spotify:track:1gWtHDe403RuyZqhvSRcv8",
      "spotify:track:1JelKGBph8gon106Wqjwu2",
      "spotify:track:1ZMlxEZZaJ7IDYUpr5JXB2",
      "spotify:track:3Kh9bkKyT35NIfiK24uPdo",
      "spotify:track:7uhINGViZPygI2AljxO8KN",
      "spotify:track:7eadaD2SBArRbebB9CP70X",
      "spotify:track:0hSjuhADCGdKNi5uIWJheK",
      "spotify:track:5i8Nji8F21XK0q7ZdpcTEZ",
      "spotify:track:3IW6WWv5CeCgSyNwL9UmJr",
      "spotify:track:520NVZmA0cXVRrUUg0hOsc",
      "spotify:track:3wAXK2nhnsS6vdnGQ0Dph0",
      "spotify:track:1Yf9bMpL6jrHjQ6Y9ySdOb",
      "spotify:track:4CntijvDDzDpURDLjrJEkQ",
      "spotify:track:6MZyrnqwsLnrWY5Gk0AyXg",
      "spotify:track:0cJTjTH3XVTTJh8F4Uq1db"
    ],
    "message_mix_id": "37i9dQZF1EpSk1pS08y9Th",
    "message_type": "BACKTRACKS"
  },
  {
    "timestamp_utc": "2024-04-15T21:07:31.071Z",
    "context_time": 1713215251071,
    "message_contents": [
      "spotify:track:5hL9yKGJAMUxfwsjFnJ0aR",
      "spotify:track:0hSjuhADCGdKNi5uIWJheK",
      "spotify:track:0RSGPiykniIg8m7JhiAVv7",
      "spotify:track:3zZ4VnqnGURgm5fYRLy4JV",
      "spotify:track:3bQsp4Vr9Rg4fNCx6HPOgX",
      "spotify:track:0iEdt7cayQ2XbicDeWFztj",
      "spotify:track:3Kh9bkKyT35NIfiK24uPdo",
      "spotify:track:1JelKGBph8gon106Wqjwu2",
      "spotify:track:6P1pBAEUoHwRMToeVoTPrg",
      "spotify:track:1pNTwQvMOD7NRJtRwHlRRf",
      "spotify:track:1ZMlxEZZaJ7IDYUpr5JXB2",
      "spotify:track:3IW6WWv5CeCgSyNwL9UmJr",
      "spotify:track:0Pa0xSCRVO8ZIxs29XgBvv",
      "spotify:track:0P4AQdNDgEdi7J8mpgY8Jx",
      "spotify:track:5aQe0faFOjeskrHwpleXLJ",
      "spotify:track:1TkyDEdjiUuYhoMkxdZCiO",
      "spotify:track:1EuQFujqMzy76oZZ7R2xNO",
      "spotify:track:2Pas1bpuA8riVr0BOTCpJx",
      "spotify:track:6MZyrnqwsLnrWY5Gk0AyXg",
      "spotify:track:0NsYZt7iTFoLMw3pZTQEDQ",
      "spotify:track:2RV4QunRX0CTs2JR1uUbMj",
      "spotify:track:1xSKxa1J5NHMQBX4wMZW2g",
      "spotify:track:6GT0oiQdjiYX91qgAMi7Vd",
      "spotify:track:520NVZmA0cXVRrUUg0hOsc",
      "spotify:track:0bNkrxGqyFNYuXfj9HBV4r",
      "spotify:track:0defKES0cQIsig27CpfPWx",
      "spotify:track:5DdwOYaO8qF9wEphjjmFM0",
      "spotify:track:5Br8K1CLLVB7AuuM0t4G7r",
      "spotify:track:46HUXpfLQmX8t0QcDr4w7W",
      "spotify:track:6E6BCsQHXDAdXsrL7zV71N"
    ],
    "message_mix_id": "37i9dQZF1EpSk1pS08y9Th",
    "message_type": "BACKTRACKS"
  },
  {
    "timestamp_utc": "2024-05-18T18:59:18.088Z",
    "context_time": 1716058758088,
    "message_contents": [
      "spotify:track:02MgmUhQsNxGo6z3S2RcB5",
      "spotify:track:6J5ymVSQlrmZ2Y48GYLaoK",
      "spotify:track:6cCLkL72zw70bOVV88D0Ep",
      "spotify:track:2bGCXKKxk0FyTwYeJooaJH",
      "spotify:track:13bxvI8AveCg4FOJTCULnb",
      "spotify:track:0defKES0cQIsig27CpfPWx",
      "spotify:track:1xSKxa1J5NHMQBX4wMZW2g",
      "spotify:track:2RV4QunRX0CTs2JR1uUbMj",
      "spotify:track:2Pas1bpuA8riVr0BOTCpJx",
      "spotify:track:0iEdt7cayQ2XbicDeWFztj",
      "spotify:track:0RSGPiykniIg8m7JhiAVv7",
      "spotify:track:1gWtHDe403RuyZqhvSRcv8",
      "spotify:track:1pNTwQvMOD7NRJtRwHlRRf",
      "spotify:track:5cJJdUtacwBrphoMjh3tKG",
      "spotify:track:1JelKGBph8gon106Wqjwu2",
      "spotify:track:6GT0oiQdjiYX91qgAMi7Vd",
      "spotify:track:3wAXK2nhnsS6vdnGQ0Dph0",
      "spotify:track:7uhINGViZPygI2AljxO8KN",
      "spotify:track:1ZMlxEZZaJ7IDYUpr5JXB2",
      "spotify:track:3Kh9bkKyT35NIfiK24uPdo",
      "spotify:track:0bNkrxGqyFNYuXfj9HBV4r",
      "spotify:track:7eadaD2SBArRbebB9CP70X",
      "spotify:track:1Yf9bMpL6jrHjQ6Y9ySdOb",
      "spotify:track:6MZyrnqwsLnrWY5Gk0AyXg",
      "spotify:track:3zZ4VnqnGURgm5fYRLy4JV",
      "spotify:track:4CntijvDDzDpURDLjrJEkQ",
      "spotify:track:5Br8K1CLLVB7AuuM0t4G7r",
      "spotify:track:5i8Nji8F21XK0q7ZdpcTEZ",
      "spotify:track:5aQe0faFOjeskrHwpleXLJ",
      "spotify:track:0Pa0xSCRVO8ZIxs29XgBvv"
    ],
    "message_mix_id": "37i9dQZF1EpSk1pS08y9Th",
    "message_type": "BACKTRACKS"
  },
  {
    "timestamp_utc": "2024-06-01T19:18:15.954Z",
    "context_time": 1717269495954,
    "message_contents": [
      "spotify:track:3zSSCPpLZ5Oc8nelhhGjKz",
      "spotify:track:3WLJ7D5kh44K5eJ1NqZQ6W",
      "spotify:track:3F2BSn4ayglzMwquBRHZq6",
      "spotify:track:5DdwOYaO8qF9wEphjjmFM0",
      "spotify:track:1ZiReD9pPTttQWwSoYqdyH",
      "spotify:track:54XrOdhUS2311wIt9m0OlD",
      "spotify:track:5hL9yKGJAMUxfwsjFnJ0aR",
      "spotify:track:02sas1xqIwRm7iWSoHDvKe",
      "spotify:track:2rjCLFdX8n9xLoMZgdMMxt",
      "spotify:track:6ivemTXTn27PwVjtd0oqDs",
      "spotify:track:2JCXbJztaSZiIeqUhaMhCt",
      "spotify:track:117gRrOjnRkMCgWxNtDNSv",
      "spotify:track:5uQ2Ne5Z3miUgwN1YZSMQC",
      "spotify:track:0XF0D8HL9gk2sr9tlFOee3",
      "spotify:track:32FY3evYxsIsb5yUQ68Uja",
      "spotify:track:1TkyDEdjiUuYhoMkxdZCiO",
      "spotify:track:6EQG98YQXZwX9nJSABjvDw",
      "spotify:track:7zUuXqbmSk2OIChRwsL63t",
      "spotify:track:0op7p4Q6gFh44KKeTaKocv",
      "spotify:track:7mh09LniAOBK6JQkCffAc9",
      "spotify:track:1JOjPZOx8E0wNvPZyPcoyg",
      "spotify:track:08kTa3SL9sV6Iy8KLKtGql",
      "spotify:track:7bOxSmco2236p74tqu41PU",
      "spotify:track:1pNTwQvMOD7NRJtRwHlRRf",
      "spotify:track:6J5ymVSQlrmZ2Y48GYLaoK",
      "spotify:track:2RV4QunRX0CTs2JR1uUbMj",
      "spotify:track:1EuQFujqMzy76oZZ7R2xNO",
      "spotify:track:6GT0oiQdjiYX91qgAMi7Vd",
      "spotify:track:4SDLH34rwro1NgA7YUFYYW",
      "spotify:track:6cCLkL72zw70bOVV88D0Ep"
    ],
    "message_mix_id": "37i9dQZF1EpmHdn9cAvtQ8",
    "message_type": "ON_REPEAT"
  },
  {
    "timestamp_utc": "2024-03-13T19:38:19.839Z",
    "context_time": 1710358699839,
    "message_contents": [
      "spotify:track:6Z394Nd4gW6Ts9hmu3NUjx",
      "spotify:track:0hSjuhADCGdKNi5uIWJheK",
      "spotify:track:4Zp96hExiyQiwivwe1JK1d",
      "spotify:track:54XrOdhUS2311wIt9m0OlD",
      "spotify:track:5i8Nji8F21XK0q7ZdpcTEZ",
      "spotify:track:02MgmUhQsNxGo6z3S2RcB5",
      "spotify:track:5aQe0faFOjeskrHwpleXLJ",
      "spotify:track:330joCgJHJGHFLOgJCvNEM",
      "spotify:track:3bQsp4Vr9Rg4fNCx6HPOgX",
      "spotify:track:5hL9yKGJAMUxfwsjFnJ0aR",
      "spotify:track:0snQrp1VaY5Pj1YIHRJpRJ",
      "spotify:track:2jfLNlyUpxhFkoo1lJjiL3",
      "spotify:track:7pncFFzijtxIQtLpNwiAyO",
      "spotify:track:5uQ2Ne5Z3miUgwN1YZSMQC",
      "spotify:track:6E6BCsQHXDAdXsrL7zV71N",
      "spotify:track:0Pa0xSCRVO8ZIxs29XgBvv",
      "spotify:track:2cMXkKgX98UFjk4lTwVWoo",
      "spotify:track:46HUXpfLQmX8t0QcDr4w7W",
      "spotify:track:0RSGPiykniIg8m7JhiAVv7",
      "spotify:track:7h5jBU18CqXNhDUKRr6y7h",
      "spotify:track:6CYtjAHaY3lznJRMJCCPTC",
      "spotify:track:7rtaBPvxCSw2bKY8miNyLa",
      "spotify:track:1ZMlxEZZaJ7IDYUpr5JXB2",
      "spotify:track:45PA9lW7U5LYnlpGrdTyHY",
      "spotify:track:520NVZmA0cXVRrUUg0hOsc",
      "spotify:track:13bxvI8AveCg4FOJTCULnb",
      "spotify:track:0P4AQdNDgEdi7J8mpgY8Jx",
      "spotify:track:0rlLBWFFTQiOWi963SH9bb",
      "spotify:track:32FY3evYxsIsb5yUQ68Uja",
      "spotify:track:08kTa3SL9sV6Iy8KLKtGql"
    ],
    "message_mix_id": "37i9dQZF1EpSk1pS08y9Th",
    "message_type": "BACKTRACKS"
  },
  {
    "timestamp_utc": "2024-03-31T21:06:59.039Z",
    "context_time": 1711919219039,
    "message_contents": [
      "spotify:track:7fY8qVujvm5lZBrt5Y1sIJ",
      "spotify:track:3WLJ7D5kh44K5eJ1NqZQ6W",
      "spotify:track:3F2BSn4ayglzMwquBRHZq6",
      "spotify:track:02MgmUhQsNxGo6z3S2RcB5",
      "spotify:track:2rjCLFdX8n9xLoMZgdMMxt",
      "spotify:track:2bGCXKKxk0FyTwYeJooaJH",
      "spotify:track:6J5ymVSQlrmZ2Y48GYLaoK",
      "spotify:track:3wAXK2nhnsS6vdnGQ0Dph0",
      "spotify:track:1gWtHDe403RuyZqhvSRcv8",
      "spotify:track:0op7p4Q6gFh44KKeTaKocv",
      "spotify:track:1ZiReD9pPTttQWwSoYqdyH",
      "spotify:track:5uQ2Ne5Z3miUgwN1YZSMQC",
      "spotify:track:117gRrOjnRkMCgWxNtDNSv",
      "spotify:track:5hL9yKGJAMUxfwsjFnJ0aR",
      "spotify:track:7bOxSmco2236p74tqu41PU",
      "spotify:track:0hSjuhADCGdKNi5uIWJheK",
      "spotify:track:1TkyDEdjiUuYhoMkxdZCiO",
      "spotify:track:7eadaD2SBArRbebB9CP70X",
      "spotify:track:0XF0D8HL9gk2sr9tlFOee3",
      "spotify:track:6cCLkL72zw70bOVV88D0Ep",
      "spotify:track:6EQG98YQXZwX9nJSABjvDw",
      "spotify:track:54XrOdhUS2311wIt9m0OlD",
      "spotify:track:5HbI2Xlpfs0Vf4AlklsoRe",
      "spotify:track:02sas1xqIwRm7iWSoHDvKe",
      "spotify:track:3NcqsdOoNs8gmS2AoKDwlC",
      "spotify:track:1JOjPZOx8E0wNvPZyPcoyg",
      "spotify:track:3Kh9bkKyT35NIfiK24uPdo",
      "spotify:track:08kTa3SL9sV6Iy8KLKtGql",
      "spotify:track:6GT0oiQdjiYX91qgAMi7Vd",
      "spotify:track:5DdwOYaO8qF9wEphjjmFM0"
    ],
    "message_mix_id": "37i9dQZF1EpmHdn9cAvtQ8",
    "message_type": "ON_REPEAT"
  },
  {
    "timestamp_utc": "2024-05-29T23:16:18.543Z",
    "context_time": 1717024578543,
    "message_contents": [
      "spotify:track:3zSSCPpLZ5Oc8nelhhGjKz",
      "spotify:track:3WLJ7D5kh44K5eJ1NqZQ6W",
      "spotify:track:1ZiReD9pPTttQWwSoYqdyH",
      "spotify:track:3F2BSn4ayglzMwquBRHZq6",
      "spotify:track:02sas1xqIwRm7iWSoHDvKe",
      "spotify:track:54XrOdhUS2311wIt9m0OlD",
      "spotify:track:5uQ2Ne5Z3miUgwN1YZSMQC",
      "spotify:track:2rjCLFdX8n9xLoMZgdMMxt",
      "spotify:track:471RBR3831v1y8qwiBw2f3",
      "spotify:track:6ivemTXTn27PwVjtd0oqDs",
      "spotify:track:1TkyDEdjiUuYhoMkxdZCiO",
      "spotify:track:32FY3evYxsIsb5yUQ68Uja",
      "spotify:track:7CdMQeOoHpsO6vKQPCIvDm",
      "spotify:track:5hL9yKGJAMUxfwsjFnJ0aR",
      "spotify:track:117gRrOjnRkMCgWxNtDNSv",
      "spotify:track:6EQG98YQXZwX9nJSABjvDw",
      "spotify:track:6P1pBAEUoHwRMToeVoTPrg",
      "spotify:track:4SDLH34rwro1NgA7YUFYYW",
      "spotify:track:5DdwOYaO8qF9wEphjjmFM0",
      "spotify:track:1EuQFujqMzy76oZZ7R2xNO",
      "spotify:track:2JCXbJztaSZiIeqUhaMhCt",
      "spotify:track:3IW6WWv5CeCgSyNwL9UmJr",
      "spotify:track:4CntijvDDzDpURDLjrJEkQ",
      "spotify:track:45PA9lW7U5LYnlpGrdTyHY",
      "spotify:track:7rhh49X6nRLD4j6ifSb5Ek",
      "spotify:track:1ZMlxEZZaJ7IDYUpr5JXB2",
      "spotify:track:6MZyrnqwsLnrWY5Gk0AyXg",
      "spotify:track:6GT0oiQdjiYX91qgAMi7Vd",
      "spotify:track:1pNTwQvMOD7NRJtRwHlRRf",
      "spotify:track:7mh09LniAOBK6JQkCffAc9"
    ],
    "message_mix_id": "37i9dQZF1EpmHdn9cAvtQ8",
    "message_type": "ON_REPEAT"
  },
  {
    "timestamp_utc": "2024-03-19T18:30:38.972Z",
    "context_time": 1710873038972,
    "message_contents": [
      "spotify:track:6Z394Nd4gW6Ts9hmu3NUjx",
      "spotify:track:3bQsp4Vr9Rg4fNCx6HPOgX",
      "spotify:track:4Zp96hExiyQiwivwe1JK1d",
      "spotify:track:5i8Nji8F21XK0q7ZdpcTEZ",
      "spotify:track:5aQe0faFOjeskrHwpleXLJ",
      "spotify:track:54XrOdhUS2311wIt9m0OlD",
      "spotify:track:0Pa0xSCRVO8ZIxs29XgBvv",
      "spotify:track:0snQrp1VaY5Pj1YIHRJpRJ",
      "spotify:track:2jfLNlyUpxhFkoo1lJjiL3",
      "spotify:track:7pncFFzijtxIQtLpNwiAyO",
      "spotify:track:02MgmUhQsNxGo6z3S2RcB5",
      "spotify:track:6J5ymVSQlrmZ2Y48GYLaoK",
      "spotify:track:0P4AQdNDgEdi7J8mpgY8Jx",
      "spotify:track:330joCgJHJGHFLOgJCvNEM",
      "spotify:track:6E6BCsQHXDAdXsrL7zV71N",
      "spotify:track:46HUXpfLQmX8t0QcDr4w7W",
      "spotify:track:3g572Upfd1UZat0EBLGtns",
      "spotify:track:3wAXK2nhnsS6vdnGQ0Dph0",
      "spotify:track:1TkyDEdjiUuYhoMkxdZCiO",
      "spotify:track:0RSGPiykniIg8m7JhiAVv7",
      "spotify:track:7h5jBU18CqXNhDUKRr6y7h",
      "spotify:track:5DdwOYaO8qF9wEphjjmFM0",
      "spotify:track:3zZ4VnqnGURgm5fYRLy4JV",
      "spotify:track:3IW6WWv5CeCgSyNwL9UmJr",
      "spotify:track:7rtaBPvxCSw2bKY8miNyLa",
      "spotify:track:0NsYZt7iTFoLMw3pZTQEDQ",
      "spotify:track:1ZMlxEZZaJ7IDYUpr5JXB2",
      "spotify:track:45PA9lW7U5LYnlpGrdTyHY",
      "spotify:track:520NVZmA0cXVRrUUg0hOsc",
      "spotify:track:13bxvI8AveCg4FOJTCULnb"
    ],
    "message_mix_id": "37i9dQZF1EpSk1pS08y9Th",
    "message_type": "BACKTRACKS"
  },
  {
    "timestamp_utc": "2024-05-03T02:14:34.513Z",
    "context_time": 1714702474513,
    "message_contents": [
      "spotify:track:3WLJ7D5kh44K5eJ1NqZQ6W",
      "spotify:track:7fY8qVujvm5lZBrt5Y1sIJ",
      "spotify:track:02sas1xqIwRm7iWSoHDvKe",
      "spotify:track:3F2BSn4ayglzMwquBRHZq6",
      "spotify:track:5hL9yKGJAMUxfwsjFnJ0aR",
      "spotify:track:02MgmUhQsNxGo6z3S2RcB5",
      "spotify:track:6P1pBAEUoHwRMToeVoTPrg",
      "spotify:track:1JOjPZOx8E0wNvPZyPcoyg",
      "spotify:track:0XF0D8HL9gk2sr9tlFOee3",
      "spotify:track:117gRrOjnRkMCgWxNtDNSv",
      "spotify:track:3NcqsdOoNs8gmS2AoKDwlC",
      "spotify:track:0op7p4Q6gFh44KKeTaKocv",
      "spotify:track:5DdwOYaO8qF9wEphjjmFM0",
      "spotify:track:1ZiReD9pPTttQWwSoYqdyH",
      "spotify:track:2JCXbJztaSZiIeqUhaMhCt",
      "spotify:track:0lHOhMeOD0MjB35uYVtvSS",
      "spotify:track:1gWtHDe403RuyZqhvSRcv8",
      "spotify:track:6J5ymVSQlrmZ2Y48GYLaoK",
      "spotify:track:2bGCXKKxk0FyTwYeJooaJH",
      "spotify:track:3zSSCPpLZ5Oc8nelhhGjKz",
      "spotify:track:6ivemTXTn27PwVjtd0oqDs",
      "spotify:track:5uQ2Ne5Z3miUgwN1YZSMQC",
      "spotify:track:7bOxSmco2236p74tqu41PU",
      "spotify:track:7zUuXqbmSk2OIChRwsL63t",
      "spotify:track:08kTa3SL9sV6Iy8KLKtGql",
      "spotify:track:6cCLkL72zw70bOVV88D0Ep",
      "spotify:track:5eaNyfZrCInXHr0wa80FB5",
      "spotify:track:2cMXkKgX98UFjk4lTwVWoo",
      "spotify:track:7uhINGViZPygI2AljxO8KN",
      "spotify:track:5cJJdUtacwBrphoMjh3tKG"
    ],
    "message_mix_id": "37i9dQZF1EpmHdn9cAvtQ8",
    "message_type": "ON_REPEAT"
  },
  {
    "timestamp_utc": "2024-04-18T21:51:06.372Z",
    "context_time": 1713477066372,
    "message_contents": [
      "spotify:track:6J5ymVSQlrmZ2Y48GYLaoK",
      "spotify:track:3NcqsdOoNs8gmS2AoKDwlC",
      "spotify:track:0hSjuhADCGdKNi5uIWJheK",
      "spotify:track:2bGCXKKxk0FyTwYeJooaJH",
      "spotify:track:0RSGPiykniIg8m7JhiAVv7",
      "spotify:track:1JelKGBph8gon106Wqjwu2",
      "spotify:track:1ZMlxEZZaJ7IDYUpr5JXB2",
      "spotify:track:3bQsp4Vr9Rg4fNCx6HPOgX",
      "spotify:track:45PA9lW7U5LYnlpGrdTyHY",
      "spotify:track:5aQe0faFOjeskrHwpleXLJ",
      "spotify:track:471RBR3831v1y8qwiBw2f3",
      "spotify:track:2rjCLFdX8n9xLoMZgdMMxt",
      "spotify:track:1xSKxa1J5NHMQBX4wMZW2g",
      "spotify:track:6GT0oiQdjiYX91qgAMi7Vd",
      "spotify:track:13bxvI8AveCg4FOJTCULnb",
      "spotify:track:0defKES0cQIsig27CpfPWx",
      "spotify:track:6EQG98YQXZwX9nJSABjvDw",
      "spotify:track:5cJJdUtacwBrphoMjh3tKG",
      "spotify:track:4CntijvDDzDpURDLjrJEkQ",
      "spotify:track:1gWtHDe403RuyZqhvSRcv8",
      "spotify:track:2Pas1bpuA8riVr0BOTCpJx",
      "spotify:track:6MZyrnqwsLnrWY5Gk0AyXg",
      "spotify:track:54XrOdhUS2311wIt9m0OlD",
      "spotify:track:1TkyDEdjiUuYhoMkxdZCiO",
      "spotify:track:1JOjPZOx8E0wNvPZyPcoyg",
      "spotify:track:0NsYZt7iTFoLMw3pZTQEDQ",
      "spotify:track:0bNkrxGqyFNYuXfj9HBV4r",
      "spotify:track:520NVZmA0cXVRrUUg0hOsc",
      "spotify:track:3wAXK2nhnsS6vdnGQ0Dph0",
      "spotify:track:5Br8K1CLLVB7AuuM0t4G7r"
    ],
    "message_mix_id": "37i9dQZF1EpSk1pS08y9Th",
    "message_type": "BACKTRACKS"
  },
  {
    "timestamp_utc": "2024-04-25T22:03:29.705Z",
    "context_time": 1714082609705,
    "message_contents": [
      "spotify:track:2rjCLFdX8n9xLoMZgdMMxt",
      "spotify:track:6CYtjAHaY3lznJRMJCCPTC",
      "spotify:track:2bGCXKKxk0FyTwYeJooaJH",
      "spotify:track:0hSjuhADCGdKNi5uIWJheK",
      "spotify:track:2Pas1bpuA8riVr0BOTCpJx",
      "spotify:track:0bNkrxGqyFNYuXfj9HBV4r",
      "spotify:track:0iEdt7cayQ2XbicDeWFztj",
      "spotify:track:3NcqsdOoNs8gmS2AoKDwlC",
      "spotify:track:1ZMlxEZZaJ7IDYUpr5JXB2",
      "spotify:track:1gWtHDe403RuyZqhvSRcv8",
      "spotify:track:7bOxSmco2236p74tqu41PU",
      "spotify:track:2RV4QunRX0CTs2JR1uUbMj",
      "spotify:track:471RBR3831v1y8qwiBw2f3",
      "spotify:track:1TkyDEdjiUuYhoMkxdZCiO",
      "spotify:track:5Br8K1CLLVB7AuuM0t4G7r",
      "spotify:track:0defKES0cQIsig27CpfPWx",
      "spotify:track:1JelKGBph8gon106Wqjwu2",
      "spotify:track:5aQe0faFOjeskrHwpleXLJ",
      "spotify:track:6GT0oiQdjiYX91qgAMi7Vd",
      "spotify:track:3bQsp4Vr9Rg4fNCx6HPOgX",
      "spotify:track:4CntijvDDzDpURDLjrJEkQ",
      "spotify:track:3wAXK2nhnsS6vdnGQ0Dph0",
      "spotify:track:6EQG98YQXZwX9nJSABjvDw",
      "spotify:track:7eadaD2SBArRbebB9CP70X",
      "spotify:track:54XrOdhUS2311wIt9m0OlD",
      "spotify:track:7uhINGViZPygI2AljxO8KN",
      "spotify:track:520NVZmA0cXVRrUUg0hOsc",
      "spotify:track:3Kh9bkKyT35NIfiK24uPdo",
      "spotify:track:1xSKxa1J5NHMQBX4wMZW2g",
      "spotify:track:13bxvI8AveCg4FOJTCULnb"
    ],
    "message_mix_id": "37i9dQZF1EpSk1pS08y9Th",
    "message_type": "BACKTRACKS"
  },
  {
    "timestamp_utc": "2024-03-22T20:10:15.864Z",
    "context_time": 1711138215864,
    "message_contents": [
      "spotify:track:6CYtjAHaY3lznJRMJCCPTC",
      "spotify:track:0hSjuhADCGdKNi5uIWJheK",
      "spotify:track:3Kh9bkKyT35NIfiK24uPdo",
      "spotify:track:3bQsp4Vr9Rg4fNCx6HPOgX",
      "spotify:track:4Zp96hExiyQiwivwe1JK1d",
      "spotify:track:5i8Nji8F21XK0q7ZdpcTEZ",
      "spotify:track:5aQe0faFOjeskrHwpleXLJ",
      "spotify:track:0Pa0xSCRVO8ZIxs29XgBvv",
      "spotify:track:0RSGPiykniIg8m7JhiAVv7",
      "spotify:track:6Z394Nd4gW6Ts9hmu3NUjx",
      "spotify:track:54XrOdhUS2311wIt9m0OlD",
      "spotify:track:5uQ2Ne5Z3miUgwN1YZSMQC",
      "spotify:track:3zZ4VnqnGURgm5fYRLy4JV",
      "spotify:track:0P4AQdNDgEdi7J8mpgY8Jx",
      "spotify:track:7pncFFzijtxIQtLpNwiAyO",
      "spotify:track:1JelKGBph8gon106Wqjwu2",
      "spotify:track:46HUXpfLQmX8t0QcDr4w7W",
      "spotify:track:1TkyDEdjiUuYhoMkxdZCiO",
      "spotify:track:7h5jBU18CqXNhDUKRr6y7h",
      "spotify:track:2jfLNlyUpxhFkoo1lJjiL3",
      "spotify:track:7rtaBPvxCSw2bKY8miNyLa",
      "spotify:track:520NVZmA0cXVRrUUg0hOsc",
      "spotify:track:45PA9lW7U5LYnlpGrdTyHY",
      "spotify:track:0rlLBWFFTQiOWi963SH9bb",
      "spotify:track:117gRrOjnRkMCgWxNtDNSv",
      "spotify:track:6E6BCsQHXDAdXsrL7zV71N",
      "spotify:track:0snQrp1VaY5Pj1YIHRJpRJ",
      "spotify:track:3wAXK2nhnsS6vdnGQ0Dph0",
      "spotify:track:4QK1qv4mgsfdWmMzp1Z3fx",
      "spotify:track:3IW6WWv5CeCgSyNwL9UmJr"
    ],
    "message_mix_id": "37i9dQZF1EpSk1pS08y9Th",
    "message_type": "BACKTRACKS"
  },
  {
    "timestamp_utc": "2024-04-15T21:07:31.071Z",
    "context_time": 1713215251071,
    "message_contents": [
      "spotify:track:3WLJ7D5kh44K5eJ1NqZQ6W",
      "spotify:track:7fY8qVujvm5lZBrt5Y1sIJ",
      "spotify:track:02MgmUhQsNxGo6z3S2RcB5",
      "spotify:track:3F2BSn4ayglzMwquBRHZq6",
      "spotify:track:6CYtjAHaY3lznJRMJCCPTC",
      "spotify:track:45PA9lW7U5LYnlpGrdTyHY",
      "spotify:track:2rjCLFdX8n9xLoMZgdMMxt",
      "spotify:track:1gWtHDe403RuyZqhvSRcv8",
      "spotify:track:1ZiReD9pPTttQWwSoYqdyH",
      "spotify:track:54XrOdhUS2311wIt9m0OlD",
      "spotify:track:6J5ymVSQlrmZ2Y48GYLaoK",
      "spotify:track:02sas1xqIwRm7iWSoHDvKe",
      "spotify:track:7bOxSmco2236p74tqu41PU",
      "spotify:track:0op7p4Q6gFh44KKeTaKocv",
      "spotify:track:3wAXK2nhnsS6vdnGQ0Dph0",
      "spotify:track:08kTa3SL9sV6Iy8KLKtGql",
      "spotify:track:0XF0D8HL9gk2sr9tlFOee3",
      "spotify:track:7eadaD2SBArRbebB9CP70X",
      "spotify:track:5uQ2Ne5Z3miUgwN1YZSMQC",
      "spotify:track:117gRrOjnRkMCgWxNtDNSv",
      "spotify:track:5HbI2Xlpfs0Vf4AlklsoRe",
      "spotify:track:2bGCXKKxk0FyTwYeJooaJH",
      "spotify:track:3NcqsdOoNs8gmS2AoKDwlC",
      "spotify:track:6cCLkL72zw70bOVV88D0Ep",
      "spotify:track:6ivemTXTn27PwVjtd0oqDs",
      "spotify:track:4SDLH34rwro1NgA7YUFYYW",
      "spotify:track:13bxvI8AveCg4FOJTCULnb",
      "spotify:track:6EQG98YQXZwX9nJSABjvDw",
      "spotify:track:4CntijvDDzDpURDLjrJEkQ",
      "spotify:track:471RBR3831v1y8qwiBw2f3"
    ],
    "message_mix_id": "37i9dQZF1EpmHdn9cAvtQ8",
    "message_type": "ON_REPEAT"
  },
  {
    "timestamp_utc": "2024-05-13T17:07:54.960Z",
    "context_time": 1715620074960,
    "message_contents": [
      "spotify:track:6cCLkL72zw70bOVV88D0Ep",
      "spotify:track:2bGCXKKxk0FyTwYeJooaJH",
      "spotify:track:6CYtjAHaY3lznJRMJCCPTC",
      "spotify:track:2RV4QunRX0CTs2JR1uUbMj",
      "spotify:track:2Pas1bpuA8riVr0BOTCpJx",
      "spotify:track:1TkyDEdjiUuYhoMkxdZCiO",
      "spotify:track:0defKES0cQIsig27CpfPWx",
      "spotify:track:54XrOdhUS2311wIt9m0OlD",
      "spotify:track:13bxvI8AveCg4FOJTCULnb",
      "spotify:track:5cJJdUtacwBrphoMjh3tKG",
      "spotify:track:1pNTwQvMOD7NRJtRwHlRRf",
      "spotify:track:1xSKxa1J5NHMQBX4wMZW2g",
      "spotify:track:0iEdt7cayQ2XbicDeWFztj",
      "spotify:track:0hSjuhADCGdKNi5uIWJheK",
      "spotify:track:1JelKGBph8gon106Wqjwu2",
      "spotify:track:0RSGPiykniIg8m7JhiAVv7",
      "spotify:track:7eadaD2SBArRbebB9CP70X",
      "spotify:track:0bNkrxGqyFNYuXfj9HBV4r",
      "spotify:track:7bOxSmco2236p74tqu41PU",
      "spotify:track:6GT0oiQdjiYX91qgAMi7Vd",
      "spotify:track:1ZMlxEZZaJ7IDYUpr5JXB2",
      "spotify:track:3zZ4VnqnGURgm5fYRLy4JV",
      "spotify:track:1Yf9bMpL6jrHjQ6Y9ySdOb",
      "spotify:track:4SDLH34rwro1NgA7YUFYYW",
      "spotify:track:4CntijvDDzDpURDLjrJEkQ",
      "spotify:track:6EQG98YQXZwX9nJSABjvDw",
      "spotify:track:6MZyrnqwsLnrWY5Gk0AyXg",
      "spotify:track:0Pa0xSCRVO8ZIxs29XgBvv",
      "spotify:track:7uhINGViZPygI2AljxO8KN",
      "spotify:track:3Kh9bkKyT35NIfiK24uPdo"
    ],
    "message_mix_id": "37i9dQZF1EpSk1pS08y9Th",
    "message_type": "BACKTRACKS"
  },
  {
    "timestamp_utc": "2024-05-03T02:14:34.513Z",
    "context_time": 1714702474513,
    "message_contents": [
      "spotify:track:2rjCLFdX8n9xLoMZgdMMxt",
      "spotify:track:6CYtjAHaY3lznJRMJCCPTC",
      "spotify:track:2Pas1bpuA8riVr0BOTCpJx",
      "spotify:track:1pNTwQvMOD7NRJtRwHlRRf",
      "spotify:track:0hSjuhADCGdKNi5uIWJheK",
      "spotify:track:2RV4QunRX0CTs2JR1uUbMj",
      "spotify:track:13bxvI8AveCg4FOJTCULnb",
      "spotify:track:1TkyDEdjiUuYhoMkxdZCiO",
      "spotify:track:0bNkrxGqyFNYuXfj9HBV4r",
      "spotify:track:1ZMlxEZZaJ7IDYUpr5JXB2",
      "spotify:track:54XrOdhUS2311wIt9m0OlD",
      "spotify:track:6GT0oiQdjiYX91qgAMi7Vd",
      "spotify:track:0defKES0cQIsig27CpfPWx",
      "spotify:track:0iEdt7cayQ2XbicDeWFztj",
      "spotify:track:1xSKxa1J5NHMQBX4wMZW2g",
      "spotify:track:0RSGPiykniIg8m7JhiAVv7",
      "spotify:track:1JelKGBph8gon106Wqjwu2",
      "spotify:track:3zZ4VnqnGURgm5fYRLy4JV",
      "spotify:track:3wAXK2nhnsS6vdnGQ0Dph0",
      "spotify:track:6EQG98YQXZwX9nJSABjvDw",
      "spotify:track:7mh09LniAOBK6JQkCffAc9",
      "spotify:track:471RBR3831v1y8qwiBw2f3",
      "spotify:track:5Br8K1CLLVB7AuuM0t4G7r",
      "spotify:track:0Pa0xSCRVO8ZIxs29XgBvv",
      "spotify:track:0cJTjTH3XVTTJh8F4Uq1db",
      "spotify:track:1yOzcnB0kIli8JttbJFMEK",
      "spotify:track:5aQe0faFOjeskrHwpleXLJ",
      "spotify:track:4SDLH34rwro1NgA7YUFYYW",
      "spotify:track:4CntijvDDzDpURDLjrJEkQ",
      "spotify:track:1EuQFujqMzy76oZZ7R2xNO"
    ],
    "message_mix_id": "37i9dQZF1EpSk1pS08y9Th",
    "message_type": "BACKTRACKS"
  },
  {
    "timestamp_utc": "2024-05-13T17:07:54.960Z",
    "context_time": 1715620074960,
    "message_contents": [
      "spotify:track:3WLJ7D5kh44K5eJ1NqZQ6W",
      "spotify:track:471RBR3831v1y8qwiBw2f3",
      "spotify:track:5hL9yKGJAMUxfwsjFnJ0aR",
      "spotify:track:2rjCLFdX8n9xLoMZgdMMxt",
      "spotify:track:1ZiReD9pPTttQWwSoYqdyH",
      "spotify:track:7fY8qVujvm5lZBrt5Y1sIJ",
      "spotify:track:0op7p4Q6gFh44KKeTaKocv",
      "spotify:track:7zUuXqbmSk2OIChRwsL63t",
      "spotify:track:117gRrOjnRkMCgWxNtDNSv",
      "spotify:track:1JOjPZOx8E0wNvPZyPcoyg",
      "spotify:track:3NcqsdOoNs8gmS2AoKDwlC",
      "spotify:track:3F2BSn4ayglzMwquBRHZq6",
      "spotify:track:02MgmUhQsNxGo6z3S2RcB5",
      "spotify:track:0XF0D8HL9gk2sr9tlFOee3",
      "spotify:track:1gWtHDe403RuyZqhvSRcv8",
      "spotify:track:1EuQFujqMzy76oZZ7R2xNO",
      "spotify:track:7mh09LniAOBK6JQkCffAc9",
      "spotify:track:6J5ymVSQlrmZ2Y48GYLaoK",
      "spotify:track:5DdwOYaO8qF9wEphjjmFM0",
      "spotify:track:2JCXbJztaSZiIeqUhaMhCt",
      "spotify:track:02sas1xqIwRm7iWSoHDvKe",
      "spotify:track:5uQ2Ne5Z3miUgwN1YZSMQC",
      "spotify:track:6ivemTXTn27PwVjtd0oqDs",
      "spotify:track:45PA9lW7U5LYnlpGrdTyHY",
      "spotify:track:32FY3evYxsIsb5yUQ68Uja",
      "spotify:track:3zSSCPpLZ5Oc8nelhhGjKz",
      "spotify:track:6P1pBAEUoHwRMToeVoTPrg",
      "spotify:track:08kTa3SL9sV6Iy8KLKtGql",
      "spotify:track:1yOzcnB0kIli8JttbJFMEK",
      "spotify:track:3wAXK2nhnsS6vdnGQ0Dph0"
    ],
    "message_mix_id": "37i9dQZF1EpmHdn9cAvtQ8",
    "message_type": "ON_REPEAT"
  },
  {
    "timestamp_utc": "2024-04-25T22:03:29.705Z",
    "context_time": 1714082609705,
    "message_contents": [
      "spotify:track:3WLJ7D5kh44K5eJ1NqZQ6W",
      "spotify:track:7fY8qVujvm5lZBrt5Y1sIJ",
      "spotify:track:3zSSCPpLZ5Oc8nelhhGjKz",
      "spotify:track:0XF0D8HL9gk2sr9tlFOee3",
      "spotify:track:6P1pBAEUoHwRMToeVoTPrg",
      "spotify:track:02sas1xqIwRm7iWSoHDvKe",
      "spotify:track:1ZiReD9pPTttQWwSoYqdyH",
      "spotify:track:0op7p4Q6gFh44KKeTaKocv",
      "spotify:track:6ivemTXTn27PwVjtd0oqDs",
      "spotify:track:117gRrOjnRkMCgWxNtDNSv",
      "spotify:track:2JCXbJztaSZiIeqUhaMhCt",
      "spotify:track:6J5ymVSQlrmZ2Y48GYLaoK",
      "spotify:track:2cMXkKgX98UFjk4lTwVWoo",
      "spotify:track:1JOjPZOx8E0wNvPZyPcoyg",
      "spotify:track:5hL9yKGJAMUxfwsjFnJ0aR",
      "spotify:track:3zZ4VnqnGURgm5fYRLy4JV",
      "spotify:track:08kTa3SL9sV6Iy8KLKtGql",
      "spotify:track:3F2BSn4ayglzMwquBRHZq6",
      "spotify:track:5uQ2Ne5Z3miUgwN1YZSMQC",
      "spotify:track:7mh09LniAOBK6JQkCffAc9",
      "spotify:track:1EuQFujqMzy76oZZ7R2xNO",
      "spotify:track:4SDLH34rwro1NgA7YUFYYW",
      "spotify:track:02MgmUhQsNxGo6z3S2RcB5",
      "spotify:track:3IW6WWv5CeCgSyNwL9UmJr",
      "spotify:track:0RSGPiykniIg8m7JhiAVv7",
      "spotify:track:5cJJdUtacwBrphoMjh3tKG",
      "spotify:track:1pNTwQvMOD7NRJtRwHlRRf",
      "spotify:track:7zUuXqbmSk2OIChRwsL63t",
      "spotify:track:6cCLkL72zw70bOVV88D0Ep",
      "spotify:track:5DdwOYaO8qF9wEphjjmFM0"
    ],
    "message_mix_id": "37i9dQZF1EpmHdn9cAvtQ8",
    "message_type": "ON_REPEAT"
  },
  {
    "timestamp_utc": "2024-04-11T18:34:12.514Z",
    "context_time": 1712860452514,
    "message_contents": [
      "spotify:track:0hSjuhADCGdKNi5uIWJheK",
      "spotify:track:3zZ4VnqnGURgm5fYRLy4JV",
      "spotify:track:6P1pBAEUoHwRMToeVoTPrg",
      "spotify:track:45PA9lW7U5LYnlpGrdTyHY",
      "spotify:track:0RSGPiykniIg8m7JhiAVv7",
      "spotify:track:1ZMlxEZZaJ7IDYUpr5JXB2",
      "spotify:track:3bQsp4Vr9Rg4fNCx6HPOgX",
      "spotify:track:3Kh9bkKyT35NIfiK24uPdo",
      "spotify:track:1JelKGBph8gon106Wqjwu2",
      "spotify:track:0P4AQdNDgEdi7J8mpgY8Jx",
      "spotify:track:1pNTwQvMOD7NRJtRwHlRRf",
      "spotify:track:5aQe0faFOjeskrHwpleXLJ",
      "spotify:track:471RBR3831v1y8qwiBw2f3",
      "spotify:track:0NsYZt7iTFoLMw3pZTQEDQ",
      "spotify:track:6GT0oiQdjiYX91qgAMi7Vd",
      "spotify:track:0iEdt7cayQ2XbicDeWFztj",
      "spotify:track:5DdwOYaO8qF9wEphjjmFM0",
      "spotify:track:3IW6WWv5CeCgSyNwL9UmJr",
      "spotify:track:5Br8K1CLLVB7AuuM0t4G7r",
      "spotify:track:6MZyrnqwsLnrWY5Gk0AyXg",
      "spotify:track:0Pa0xSCRVO8ZIxs29XgBvv",
      "spotify:track:5i8Nji8F21XK0q7ZdpcTEZ",
      "spotify:track:7pncFFzijtxIQtLpNwiAyO",
      "spotify:track:6EQG98YQXZwX9nJSABjvDw",
      "spotify:track:1yOzcnB0kIli8JttbJFMEK",
      "spotify:track:7eadaD2SBArRbebB9CP70X",
      "spotify:track:6ivemTXTn27PwVjtd0oqDs",
      "spotify:track:7uhINGViZPygI2AljxO8KN",
      "spotify:track:0bNkrxGqyFNYuXfj9HBV4r",
      "spotify:track:520NVZmA0cXVRrUUg0hOsc"
    ],
    "message_mix_id": "37i9dQZF1EpSk1pS08y9Th",
    "message_type": "BACKTRACKS"
  },
  {
    "timestamp_utc": "2024-03-25T18:17:57.646Z",
    "context_time": 1711390677646,
    "message_contents": [
      "spotify:track:7fY8qVujvm5lZBrt5Y1sIJ",
      "spotify:track:3WLJ7D5kh44K5eJ1NqZQ6W",
      "spotify:track:02MgmUhQsNxGo6z3S2RcB5",
      "spotify:track:0op7p4Q6gFh44KKeTaKocv",
      "spotify:track:2rjCLFdX8n9xLoMZgdMMxt",
      "spotify:track:0XF0D8HL9gk2sr9tlFOee3",
      "spotify:track:1ZiReD9pPTttQWwSoYqdyH",
      "spotify:track:7eadaD2SBArRbebB9CP70X",
      "spotify:track:6J5ymVSQlrmZ2Y48GYLaoK",
      "spotify:track:02sas1xqIwRm7iWSoHDvKe",
      "spotify:track:5DdwOYaO8qF9wEphjjmFM0",
      "spotify:track:5hL9yKGJAMUxfwsjFnJ0aR",
      "spotify:track:5eaNyfZrCInXHr0wa80FB5",
      "spotify:track:1gWtHDe403RuyZqhvSRcv8",
      "spotify:track:0hSjuhADCGdKNi5uIWJheK",
      "spotify:track:3NcqsdOoNs8gmS2AoKDwlC",
      "spotify:track:5cJJdUtacwBrphoMjh3tKG",
      "spotify:track:117gRrOjnRkMCgWxNtDNSv",
      "spotify:track:54XrOdhUS2311wIt9m0OlD",
      "spotify:track:2bGCXKKxk0FyTwYeJooaJH",
      "spotify:track:7bOxSmco2236p74tqu41PU",
      "spotify:track:08kTa3SL9sV6Iy8KLKtGql",
      "spotify:track:3wAXK2nhnsS6vdnGQ0Dph0",
      "spotify:track:6XPLnH0wby09UGaJYtv4NT",
      "spotify:track:6EQG98YQXZwX9nJSABjvDw",
      "spotify:track:5HbI2Xlpfs0Vf4AlklsoRe",
      "spotify:track:3Kh9bkKyT35NIfiK24uPdo",
      "spotify:track:7CdMQeOoHpsO6vKQPCIvDm",
      "spotify:track:1EuQFujqMzy76oZZ7R2xNO",
      "spotify:track:6cCLkL72zw70bOVV88D0Ep"
    ],
    "message_mix_id": "37i9dQZF1EpmHdn9cAvtQ8",
    "message_type": "ON_REPEAT"
  },
  {
    "timestamp_utc": "2024-03-10T20:20:51.548Z",
    "context_time": 1710102051548,
    "message_contents": [
      "spotify:track:7fY8qVujvm5lZBrt5Y1sIJ",
      "spotify:track:3WLJ7D5kh44K5eJ1NqZQ6W",
      "spotify:track:2bGCXKKxk0FyTwYeJooaJH",
      "spotify:track:3NcqsdOoNs8gmS2AoKDwlC",
      "spotify:track:1ZiReD9pPTttQWwSoYqdyH",
      "spotify:track:5eaNyfZrCInXHr0wa80FB5",
      "spotify:track:7bOxSmco2236p74tqu41PU",
      "spotify:track:5hL9yKGJAMUxfwsjFnJ0aR",
      "spotify:track:3Kh9bkKyT35NIfiK24uPdo",
      "spotify:track:6EQG98YQXZwX9nJSABjvDw",
      "spotify:track:0XF0D8HL9gk2sr9tlFOee3",
      "spotify:track:3wAXK2nhnsS6vdnGQ0Dph0",
      "spotify:track:471RBR3831v1y8qwiBw2f3",
      "spotify:track:0op7p4Q6gFh44KKeTaKocv",
      "spotify:track:1EuQFujqMzy76oZZ7R2xNO",
      "spotify:track:1gWtHDe403RuyZqhvSRcv8",
      "spotify:track:2JCXbJztaSZiIeqUhaMhCt",
      "spotify:track:4SDLH34rwro1NgA7YUFYYW",
      "spotify:track:32FY3evYxsIsb5yUQ68Uja",
      "spotify:track:0NsYZt7iTFoLMw3pZTQEDQ",
      "spotify:track:2rjCLFdX8n9xLoMZgdMMxt",
      "spotify:track:5cJJdUtacwBrphoMjh3tKG",
      "spotify:track:02MgmUhQsNxGo6z3S2RcB5",
      "spotify:track:5uQ2Ne5Z3miUgwN1YZSMQC",
      "spotify:track:7mh09LniAOBK6JQkCffAc9",
      "spotify:track:1TkyDEdjiUuYhoMkxdZCiO",
      "spotify:track:6XPLnH0wby09UGaJYtv4NT",
      "spotify:track:3zZ4VnqnGURgm5fYRLy4JV",
      "spotify:track:2cMXkKgX98UFjk4lTwVWoo",
      "spotify:track:7eadaD2SBArRbebB9CP70X"
    ],
    "message_mix_id": "37i9dQZF1EpmHdn9cAvtQ8",
    "message_type": "ON_REPEAT"
  },
  {
    "timestamp_utc": "2024-03-28T18:38:06.499Z",
    "context_time": 1711651086499,
    "message_contents": [
      "spotify:track:6CYtjAHaY3lznJRMJCCPTC",
      "spotify:track:3bQsp4Vr9Rg4fNCx6HPOgX",
      "spotify:track:4Zp96hExiyQiwivwe1JK1d",
      "spotify:track:5i8Nji8F21XK0q7ZdpcTEZ",
      "spotify:track:3zZ4VnqnGURgm5fYRLy4JV",
      "spotify:track:1JelKGBph8gon106Wqjwu2",
      "spotify:track:0P4AQdNDgEdi7J8mpgY8Jx",
      "spotify:track:5aQe0faFOjeskrHwpleXLJ",
      "spotify:track:0Pa0xSCRVO8ZIxs29XgBvv",
      "spotify:track:3g572Upfd1UZat0EBLGtns",
      "spotify:track:0RSGPiykniIg8m7JhiAVv7",
      "spotify:track:54XrOdhUS2311wIt9m0OlD",
      "spotify:track:7rtaBPvxCSw2bKY8miNyLa",
      "spotify:track:1ZMlxEZZaJ7IDYUpr5JXB2",
      "spotify:track:46HUXpfLQmX8t0QcDr4w7W",
      "spotify:track:7pncFFzijtxIQtLpNwiAyO",
      "spotify:track:7h5jBU18CqXNhDUKRr6y7h",
      "spotify:track:0iEdt7cayQ2XbicDeWFztj",
      "spotify:track:6Z394Nd4gW6Ts9hmu3NUjx",
      "spotify:track:45PA9lW7U5LYnlpGrdTyHY",
      "spotify:track:520NVZmA0cXVRrUUg0hOsc",
      "spotify:track:0rlLBWFFTQiOWi963SH9bb",
      "spotify:track:5uQ2Ne5Z3miUgwN1YZSMQC",
      "spotify:track:2cMXkKgX98UFjk4lTwVWoo",
      "spotify:track:7mh09LniAOBK6JQkCffAc9",
      "spotify:track:0snQrp1VaY5Pj1YIHRJpRJ",
      "spotify:track:2jfLNlyUpxhFkoo1lJjiL3",
      "spotify:track:6MZyrnqwsLnrWY5Gk0AyXg",
      "spotify:track:2Pas1bpuA8riVr0BOTCpJx",
      "spotify:track:0defKES0cQIsig27CpfPWx"
    ],
    "message_mix_id": "37i9dQZF1EpSk1pS08y9Th",
    "message_type": "BACKTRACKS"
  },
  {
    "timestamp_utc": "2024-04-29T17:58:23.743Z",
    "context_time": 1714413503743,
    "message_contents": [
      "spotify:track:3WLJ7D5kh44K5eJ1NqZQ6W",
      "spotify:track:7fY8qVujvm5lZBrt5Y1sIJ",
      "spotify:track:3zSSCPpLZ5Oc8nelhhGjKz",
      "spotify:track:02MgmUhQsNxGo6z3S2RcB5",
      "spotify:track:2JCXbJztaSZiIeqUhaMhCt",
      "spotify:track:1ZiReD9pPTttQWwSoYqdyH",
      "spotify:track:1EuQFujqMzy76oZZ7R2xNO",
      "spotify:track:0XF0D8HL9gk2sr9tlFOee3",
      "spotify:track:5DdwOYaO8qF9wEphjjmFM0",
      "spotify:track:3F2BSn4ayglzMwquBRHZq6",
      "spotify:track:6ivemTXTn27PwVjtd0oqDs",
      "spotify:track:02sas1xqIwRm7iWSoHDvKe",
      "spotify:track:1JOjPZOx8E0wNvPZyPcoyg",
      "spotify:track:1yOzcnB0kIli8JttbJFMEK",
      "spotify:track:5uQ2Ne5Z3miUgwN1YZSMQC",
      "spotify:track:117gRrOjnRkMCgWxNtDNSv",
      "spotify:track:7mh09LniAOBK6JQkCffAc9",
      "spotify:track:0op7p4Q6gFh44KKeTaKocv",
      "spotify:track:45PA9lW7U5LYnlpGrdTyHY",
      "spotify:track:08kTa3SL9sV6Iy8KLKtGql",
      "spotify:track:2rjCLFdX8n9xLoMZgdMMxt",
      "spotify:track:4SDLH34rwro1NgA7YUFYYW",
      "spotify:track:6J5ymVSQlrmZ2Y48GYLaoK",
      "spotify:track:6P1pBAEUoHwRMToeVoTPrg",
      "spotify:track:3zZ4VnqnGURgm5fYRLy4JV",
      "spotify:track:0RSGPiykniIg8m7JhiAVv7",
      "spotify:track:3IW6WWv5CeCgSyNwL9UmJr",
      "spotify:track:4CntijvDDzDpURDLjrJEkQ",
      "spotify:track:2cMXkKgX98UFjk4lTwVWoo",
      "spotify:track:0bNkrxGqyFNYuXfj9HBV4r"
    ],
    "message_mix_id": "37i9dQZF1EpmHdn9cAvtQ8",
    "message_type": "ON_REPEAT"
  },
  {
    "timestamp_utc": "2024-03-16T19:38:18.893Z",
    "context_time": 1710617898893,
    "message_contents": [
      "spotify:track:6Z394Nd4gW6Ts9hmu3NUjx",
      "spotify:track:4Zp96hExiyQiwivwe1JK1d",
      "spotify:track:5i8Nji8F21XK0q7ZdpcTEZ",
      "spotify:track:5aQe0faFOjeskrHwpleXLJ",
      "spotify:track:3bQsp4Vr9Rg4fNCx6HPOgX",
      "spotify:track:0snQrp1VaY5Pj1YIHRJpRJ",
      "spotify:track:2jfLNlyUpxhFkoo1lJjiL3",
      "spotify:track:5uQ2Ne5Z3miUgwN1YZSMQC",
      "spotify:track:7pncFFzijtxIQtLpNwiAyO",
      "spotify:track:330joCgJHJGHFLOgJCvNEM",
      "spotify:track:7mh09LniAOBK6JQkCffAc9",
      "spotify:track:6E6BCsQHXDAdXsrL7zV71N",
      "spotify:track:2cMXkKgX98UFjk4lTwVWoo",
      "spotify:track:0Pa0xSCRVO8ZIxs29XgBvv",
      "spotify:track:46HUXpfLQmX8t0QcDr4w7W",
      "spotify:track:3g572Upfd1UZat0EBLGtns",
      "spotify:track:7h5jBU18CqXNhDUKRr6y7h",
      "spotify:track:6CYtjAHaY3lznJRMJCCPTC",
      "spotify:track:7rtaBPvxCSw2bKY8miNyLa",
      "spotify:track:1ZMlxEZZaJ7IDYUpr5JXB2",
      "spotify:track:45PA9lW7U5LYnlpGrdTyHY",
      "spotify:track:520NVZmA0cXVRrUUg0hOsc",
      "spotify:track:13bxvI8AveCg4FOJTCULnb",
      "spotify:track:0P4AQdNDgEdi7J8mpgY8Jx",
      "spotify:track:0rlLBWFFTQiOWi963SH9bb",
      "spotify:track:2JCXbJztaSZiIeqUhaMhCt",
      "spotify:track:08kTa3SL9sV6Iy8KLKtGql",
      "spotify:track:5cJJdUtacwBrphoMjh3tKG",
      "spotify:track:1JelKGBph8gon106Wqjwu2",
      "spotify:track:0fxglD52oLxhKpVv2od1x9"
    ],
    "message_mix_id": "37i9dQZF1EpSk1pS08y9Th",
    "message_type": "BACKTRACKS"
  },
  {
    "timestamp_utc": "2024-05-05T18:31:14.305Z",
    "context_time": 1714933874305,
    "message_contents": [
      "spotify:track:3WLJ7D5kh44K5eJ1NqZQ6W",
      "spotify:track:7fY8qVujvm5lZBrt5Y1sIJ",
      "spotify:track:5hL9yKGJAMUxfwsjFnJ0aR",
      "spotify:track:02MgmUhQsNxGo6z3S2RcB5",
      "spotify:track:45PA9lW7U5LYnlpGrdTyHY",
      "spotify:track:1ZiReD9pPTttQWwSoYqdyH",
      "spotify:track:5uQ2Ne5Z3miUgwN1YZSMQC",
      "spotify:track:2rjCLFdX8n9xLoMZgdMMxt",
      "spotify:track:7zUuXqbmSk2OIChRwsL63t",
      "spotify:track:117gRrOjnRkMCgWxNtDNSv",
      "spotify:track:5DdwOYaO8qF9wEphjjmFM0",
      "spotify:track:0op7p4Q6gFh44KKeTaKocv",
      "spotify:track:3NcqsdOoNs8gmS2AoKDwlC",
      "spotify:track:3F2BSn4ayglzMwquBRHZq6",
      "spotify:track:1JOjPZOx8E0wNvPZyPcoyg",
      "spotify:track:0lHOhMeOD0MjB35uYVtvSS",
      "spotify:track:1EuQFujqMzy76oZZ7R2xNO",
      "spotify:track:02sas1xqIwRm7iWSoHDvKe",
      "spotify:track:3zSSCPpLZ5Oc8nelhhGjKz",
      "spotify:track:0XF0D8HL9gk2sr9tlFOee3",
      "spotify:track:6J5ymVSQlrmZ2Y48GYLaoK",
      "spotify:track:7KkKCRrs1BaeA9aug5OKLX",
      "spotify:track:6P1pBAEUoHwRMToeVoTPrg",
      "spotify:track:1pNTwQvMOD7NRJtRwHlRRf",
      "spotify:track:6CYtjAHaY3lznJRMJCCPTC",
      "spotify:track:08kTa3SL9sV6Iy8KLKtGql",
      "spotify:track:4SDLH34rwro1NgA7YUFYYW",
      "spotify:track:3wAXK2nhnsS6vdnGQ0Dph0",
      "spotify:track:2cMXkKgX98UFjk4lTwVWoo",
      "spotify:track:1gWtHDe403RuyZqhvSRcv8"
    ],
    "message_mix_id": "37i9dQZF1EpmHdn9cAvtQ8",
    "message_type": "ON_REPEAT"
  },
  {
    "timestamp_utc": "2024-03-16T19:38:18.893Z",
    "context_time": 1710617898893,
    "message_contents": [
      "spotify:track:7fY8qVujvm5lZBrt5Y1sIJ",
      "spotify:track:3WLJ7D5kh44K5eJ1NqZQ6W",
      "spotify:track:5eaNyfZrCInXHr0wa80FB5",
      "spotify:track:3NcqsdOoNs8gmS2AoKDwlC",
      "spotify:track:2bGCXKKxk0FyTwYeJooaJH",
      "spotify:track:1ZiReD9pPTttQWwSoYqdyH",
      "spotify:track:3Kh9bkKyT35NIfiK24uPdo",
      "spotify:track:5HbI2Xlpfs0Vf4AlklsoRe",
      "spotify:track:1EuQFujqMzy76oZZ7R2xNO",
      "spotify:track:0hSjuhADCGdKNi5uIWJheK",
      "spotify:track:7tjtWVu8RsshzPxQm8oT3y",
      "spotify:track:02sas1xqIwRm7iWSoHDvKe",
      "spotify:track:0XF0D8HL9gk2sr9tlFOee3",
      "spotify:track:6EQG98YQXZwX9nJSABjvDw",
      "spotify:track:7CdMQeOoHpsO6vKQPCIvDm",
      "spotify:track:1TkyDEdjiUuYhoMkxdZCiO",
      "spotify:track:4SDLH34rwro1NgA7YUFYYW",
      "spotify:track:32FY3evYxsIsb5yUQ68Uja",
      "spotify:track:7rhh49X6nRLD4j6ifSb5Ek",
      "spotify:track:0RSGPiykniIg8m7JhiAVv7",
      "spotify:track:5hL9yKGJAMUxfwsjFnJ0aR",
      "spotify:track:7bOxSmco2236p74tqu41PU",
      "spotify:track:3wAXK2nhnsS6vdnGQ0Dph0",
      "spotify:track:1gWtHDe403RuyZqhvSRcv8",
      "spotify:track:6J5ymVSQlrmZ2Y48GYLaoK",
      "spotify:track:471RBR3831v1y8qwiBw2f3",
      "spotify:track:0iEdt7cayQ2XbicDeWFztj",
      "spotify:track:02MgmUhQsNxGo6z3S2RcB5",
      "spotify:track:54XrOdhUS2311wIt9m0OlD",
      "spotify:track:0NsYZt7iTFoLMw3pZTQEDQ"
    ],
    "message_mix_id": "37i9dQZF1EpmHdn9cAvtQ8",
    "message_type": "ON_REPEAT"
  },
  {
    "timestamp_utc": "2024-04-03T17:39:27.890Z",
    "context_time": 1712165967890,
    "message_contents": [
      "spotify:track:6CYtjAHaY3lznJRMJCCPTC",
      "spotify:track:0hSjuhADCGdKNi5uIWJheK",
      "spotify:track:5hL9yKGJAMUxfwsjFnJ0aR",
      "spotify:track:3Kh9bkKyT35NIfiK24uPdo",
      "spotify:track:0RSGPiykniIg8m7JhiAVv7",
      "spotify:track:3bQsp4Vr9Rg4fNCx6HPOgX",
      "spotify:track:2bGCXKKxk0FyTwYeJooaJH",
      "spotify:track:4Zp96hExiyQiwivwe1JK1d",
      "spotify:track:45PA9lW7U5LYnlpGrdTyHY",
      "spotify:track:5uQ2Ne5Z3miUgwN1YZSMQC",
      "spotify:track:0P4AQdNDgEdi7J8mpgY8Jx",
      "spotify:track:5aQe0faFOjeskrHwpleXLJ",
      "spotify:track:3zZ4VnqnGURgm5fYRLy4JV",
      "spotify:track:1JelKGBph8gon106Wqjwu2",
      "spotify:track:1ZMlxEZZaJ7IDYUpr5JXB2",
      "spotify:track:1pNTwQvMOD7NRJtRwHlRRf",
      "spotify:track:7pncFFzijtxIQtLpNwiAyO",
      "spotify:track:0Pa0xSCRVO8ZIxs29XgBvv",
      "spotify:track:5i8Nji8F21XK0q7ZdpcTEZ",
      "spotify:track:1JOjPZOx8E0wNvPZyPcoyg",
      "spotify:track:6P1pBAEUoHwRMToeVoTPrg",
      "spotify:track:0iEdt7cayQ2XbicDeWFztj",
      "spotify:track:0defKES0cQIsig27CpfPWx",
      "spotify:track:4QK1qv4mgsfdWmMzp1Z3fx",
      "spotify:track:2cMXkKgX98UFjk4lTwVWoo",
      "spotify:track:6GT0oiQdjiYX91qgAMi7Vd",
      "spotify:track:46HUXpfLQmX8t0QcDr4w7W",
      "spotify:track:7eadaD2SBArRbebB9CP70X",
      "spotify:track:1Yf9bMpL6jrHjQ6Y9ySdOb",
      "spotify:track:3g572Upfd1UZat0EBLGtns"
    ],
    "message_mix_id": "37i9dQZF1EpSk1pS08y9Th",
    "message_type": "BACKTRACKS"
  },
  {
    "timestamp_utc": "2024-04-06T18:01:55.603Z",
    "context_time": 1712426515603,
    "message_contents": [
      "spotify:track:7fY8qVujvm5lZBrt5Y1sIJ",
      "spotify:track:3WLJ7D5kh44K5eJ1NqZQ6W",
      "spotify:track:3F2BSn4ayglzMwquBRHZq6",
      "spotify:track:02MgmUhQsNxGo6z3S2RcB5",
      "spotify:track:2rjCLFdX8n9xLoMZgdMMxt",
      "spotify:track:7bOxSmco2236p74tqu41PU",
      "spotify:track:117gRrOjnRkMCgWxNtDNSv",
      "spotify:track:6J5ymVSQlrmZ2Y48GYLaoK",
      "spotify:track:5uQ2Ne5Z3miUgwN1YZSMQC",
      "spotify:track:54XrOdhUS2311wIt9m0OlD",
      "spotify:track:1ZiReD9pPTttQWwSoYqdyH",
      "spotify:track:6cCLkL72zw70bOVV88D0Ep",
      "spotify:track:5hL9yKGJAMUxfwsjFnJ0aR",
      "spotify:track:1gWtHDe403RuyZqhvSRcv8",
      "spotify:track:1JOjPZOx8E0wNvPZyPcoyg",
      "spotify:track:5HbI2Xlpfs0Vf4AlklsoRe",
      "spotify:track:0op7p4Q6gFh44KKeTaKocv",
      "spotify:track:3wAXK2nhnsS6vdnGQ0Dph0",
      "spotify:track:7mh09LniAOBK6JQkCffAc9",
      "spotify:track:6CYtjAHaY3lznJRMJCCPTC",
      "spotify:track:7eadaD2SBArRbebB9CP70X",
      "spotify:track:5DdwOYaO8qF9wEphjjmFM0",
      "spotify:track:6EQG98YQXZwX9nJSABjvDw",
      "spotify:track:7uhINGViZPygI2AljxO8KN",
      "spotify:track:2jhl4HxYbNC5OPvqxiodUG",
      "spotify:track:6MZyrnqwsLnrWY5Gk0AyXg",
      "spotify:track:3NcqsdOoNs8gmS2AoKDwlC",
      "spotify:track:08kTa3SL9sV6Iy8KLKtGql",
      "spotify:track:2bGCXKKxk0FyTwYeJooaJH",
      "spotify:track:0iEdt7cayQ2XbicDeWFztj"
    ],
    "message_mix_id": "37i9dQZF1EpmHdn9cAvtQ8",
    "message_type": "ON_REPEAT"
  },
  {
    "timestamp_utc": "2024-04-11T18:34:12.514Z",
    "context_time": 1712860452514,
    "message_contents": [
      "spotify:track:3WLJ7D5kh44K5eJ1NqZQ6W",
      "spotify:track:7fY8qVujvm5lZBrt5Y1sIJ",
      "spotify:track:3F2BSn4ayglzMwquBRHZq6",
      "spotify:track:02MgmUhQsNxGo6z3S2RcB5",
      "spotify:track:1ZiReD9pPTttQWwSoYqdyH",
      "spotify:track:2rjCLFdX8n9xLoMZgdMMxt",
      "spotify:track:6J5ymVSQlrmZ2Y48GYLaoK",
      "spotify:track:54XrOdhUS2311wIt9m0OlD",
      "spotify:track:117gRrOjnRkMCgWxNtDNSv",
      "spotify:track:0op7p4Q6gFh44KKeTaKocv",
      "spotify:track:3wAXK2nhnsS6vdnGQ0Dph0",
      "spotify:track:5HbI2Xlpfs0Vf4AlklsoRe",
      "spotify:track:1gWtHDe403RuyZqhvSRcv8",
      "spotify:track:2bGCXKKxk0FyTwYeJooaJH",
      "spotify:track:6cCLkL72zw70bOVV88D0Ep",
      "spotify:track:7bOxSmco2236p74tqu41PU",
      "spotify:track:08kTa3SL9sV6Iy8KLKtGql",
      "spotify:track:6CYtjAHaY3lznJRMJCCPTC",
      "spotify:track:5uQ2Ne5Z3miUgwN1YZSMQC",
      "spotify:track:1JOjPZOx8E0wNvPZyPcoyg",
      "spotify:track:02sas1xqIwRm7iWSoHDvKe",
      "spotify:track:3NcqsdOoNs8gmS2AoKDwlC",
      "spotify:track:2RV4QunRX0CTs2JR1uUbMj",
      "spotify:track:5hL9yKGJAMUxfwsjFnJ0aR",
      "spotify:track:2Pas1bpuA8riVr0BOTCpJx",
      "spotify:track:0XF0D8HL9gk2sr9tlFOee3",
      "spotify:track:13bxvI8AveCg4FOJTCULnb",
      "spotify:track:4SDLH34rwro1NgA7YUFYYW",
      "spotify:track:0defKES0cQIsig27CpfPWx",
      "spotify:track:1TkyDEdjiUuYhoMkxdZCiO"
    ],
    "message_mix_id": "37i9dQZF1EpmHdn9cAvtQ8",
    "message_type": "ON_REPEAT"
  },
  {
    "timestamp_utc": "2024-06-04T18:11:40.047Z",
    "context_time": 1717524700047,
    "message_contents": [
      "spotify:track:3zSSCPpLZ5Oc8nelhhGjKz",
      "spotify:track:2mrO05VnrPkQg4PTixL91Y",
      "spotify:track:3WLJ7D5kh44K5eJ1NqZQ6W",
      "spotify:track:3F2BSn4ayglzMwquBRHZq6",
      "spotify:track:2rjCLFdX8n9xLoMZgdMMxt",
      "spotify:track:02MgmUhQsNxGo6z3S2RcB5",
      "spotify:track:6ivemTXTn27PwVjtd0oqDs",
      "spotify:track:6J5ymVSQlrmZ2Y48GYLaoK",
      "spotify:track:471RBR3831v1y8qwiBw2f3",
      "spotify:track:1ZiReD9pPTttQWwSoYqdyH",
      "spotify:track:02sas1xqIwRm7iWSoHDvKe",
      "spotify:track:0op7p4Q6gFh44KKeTaKocv",
      "spotify:track:0bNkrxGqyFNYuXfj9HBV4r",
      "spotify:track:54XrOdhUS2311wIt9m0OlD",
      "spotify:track:08kTa3SL9sV6Iy8KLKtGql",
      "spotify:track:1pNTwQvMOD7NRJtRwHlRRf",
      "spotify:track:2RV4QunRX0CTs2JR1uUbMj",
      "spotify:track:6cCLkL72zw70bOVV88D0Ep",
      "spotify:track:117gRrOjnRkMCgWxNtDNSv",
      "spotify:track:2Pas1bpuA8riVr0BOTCpJx",
      "spotify:track:0XF0D8HL9gk2sr9tlFOee3",
      "spotify:track:5cJJdUtacwBrphoMjh3tKG",
      "spotify:track:2JCXbJztaSZiIeqUhaMhCt",
      "spotify:track:4CntijvDDzDpURDLjrJEkQ",
      "spotify:track:7CdMQeOoHpsO6vKQPCIvDm",
      "spotify:track:7mh09LniAOBK6JQkCffAc9",
      "spotify:track:6EQG98YQXZwX9nJSABjvDw",
      "spotify:track:5DdwOYaO8qF9wEphjjmFM0",
      "spotify:track:32FY3evYxsIsb5yUQ68Uja",
      "spotify:track:5hL9yKGJAMUxfwsjFnJ0aR"
    ],
    "message_mix_id": "37i9dQZF1EpmHdn9cAvtQ8",
    "message_type": "ON_REPEAT"
  },
  {
    "timestamp_utc": "2024-05-08T17:29:51.077Z",
    "context_time": 1715189391077,
    "message_contents": [
      "spotify:track:7fY8qVujvm5lZBrt5Y1sIJ",
      "spotify:track:3WLJ7D5kh44K5eJ1NqZQ6W",
      "spotify:track:471RBR3831v1y8qwiBw2f3",
      "spotify:track:0op7p4Q6gFh44KKeTaKocv",
      "spotify:track:3F2BSn4ayglzMwquBRHZq6",
      "spotify:track:1ZiReD9pPTttQWwSoYqdyH",
      "spotify:track:5Br8K1CLLVB7AuuM0t4G7r",
      "spotify:track:5hL9yKGJAMUxfwsjFnJ0aR",
      "spotify:track:117gRrOjnRkMCgWxNtDNSv",
      "spotify:track:2rjCLFdX8n9xLoMZgdMMxt",
      "spotify:track:6J5ymVSQlrmZ2Y48GYLaoK",
      "spotify:track:1EuQFujqMzy76oZZ7R2xNO",
      "spotify:track:08kTa3SL9sV6Iy8KLKtGql",
      "spotify:track:2JCXbJztaSZiIeqUhaMhCt",
      "spotify:track:02MgmUhQsNxGo6z3S2RcB5",
      "spotify:track:7zUuXqbmSk2OIChRwsL63t",
      "spotify:track:02sas1xqIwRm7iWSoHDvKe",
      "spotify:track:2RV4QunRX0CTs2JR1uUbMj",
      "spotify:track:6cCLkL72zw70bOVV88D0Ep",
      "spotify:track:6ivemTXTn27PwVjtd0oqDs",
      "spotify:track:5DdwOYaO8qF9wEphjjmFM0",
      "spotify:track:45PA9lW7U5LYnlpGrdTyHY",
      "spotify:track:1yOzcnB0kIli8JttbJFMEK",
      "spotify:track:6CYtjAHaY3lznJRMJCCPTC",
      "spotify:track:0bNkrxGqyFNYuXfj9HBV4r",
      "spotify:track:3zZ4VnqnGURgm5fYRLy4JV",
      "spotify:track:1JOjPZOx8E0wNvPZyPcoyg",
      "spotify:track:7mh09LniAOBK6JQkCffAc9",
      "spotify:track:1gWtHDe403RuyZqhvSRcv8",
      "spotify:track:4CntijvDDzDpURDLjrJEkQ"
    ],
    "message_mix_id": "37i9dQZF1EpmHdn9cAvtQ8",
    "message_type": "ON_REPEAT"
  }
]