[
  {
    "timestamp_utc": "2024-03-20T19:30:37.534Z",
    "context_application_version": null,
    "context_conn_country": "TW",
    "context_receiver_service_timestamp": 1710963037550,
    "context_time": 1710963037534,
    "context_user_agent": null,
    "message_attempt_id": "d3ae2965-403a-4d12-82f5-de96684ba18f",
    "message_flow_id": "95f86479-a52b-4de5-ad8c-3800fbadd2f1",
    "message_ip_address": "2401:4900:5fb8:aa6d::a25:3a3",
    "message_password_changed": true,
    "message_request_headers": [
      {
        "key": "accept_language",
        "value": "en-GB,en;q=0.9,hi-IN;q=0.8,hi;q=0.7,en-US;q=0.6"
      },
      {
        "key": "accept_encoding",
        "value": "gzip, deflate, br, zstd"
      },
      {
        "key": "user_agent",
        "value": "Mozilla/5.0 (Linux; Android 10; K) AppleWebKit/537.36 (KHTML, like Gecko) Chrome/122.0.0.0 Mobile Safari/537.36"
      },
      {
        "key": "accept",
        "value": "*/*"
      }
    ]
  }
]