[
  {
    "timestamp_utc": "2024-03-13T04:45:44.269Z",
    "context_time": 1710305144269,
    "message_client_platform": "ANDROID_ARM",
    "message_client_timestamp": 1710305134000,
    "message_client_version": "872001261",
    "message_item_uri": "spotify:episode:3xL06CwZzyVBJ2kNYSF8y3",
    "message_play_position": 136,
    "message_played": false,
    "message_reason": "periodic"
  },
  {
    "timestamp_utc": "2024-03-11T05:02:22.035Z",
    "context_time": 1710133342035,
    "message_client_platform": "ANDROID_ARM",
    "message_client_timestamp": 1710133341000,
    "message_client_version": "872001261",
    "message_item_uri": "spotify:episode:1LXhrwVszndrL7eiQOtH1V",
    "message_play_position": 0,
    "message_played": false,
    "message_reason": "adv-to"
  },
  {
    "timestamp_utc": "2024-03-22T20:13:38.506Z",
    "context_time": 1711138418506,
    "message_client_platform": "ANDROID_ARM",
    "message_client_timestamp": 1711138401000,
    "message_client_version": "872001261",
    "message_item_uri": "spotify:episode:4mH6nn47SHEFlwcXLrTjIu",
    "message_play_position": 27,
    "message_played": false,
    "message_reason": "unknown"
  },
  {
    "timestamp_utc": "2024-03-22T20:13:39.634Z",
    "context_time": 1711138419634,
    "message_client_platform": "ANDROID_ARM",
    "message_client_timestamp": 1711138418000,
    "message_client_version": "872001261",
    "message_item_uri": "spotify:episode:4mH6nn47SHEFlwcXLrTjIu",
    "message_play_position": 27,
    "message_played": false,
    "message_reason": "resume"
  },
  {
    "timestamp_utc": "2024-03-11T05:04:01.838Z",
    "context_time": 1710133441838,
    "message_client_platform": "ANDROID_ARM",
    "message_client_timestamp": 1710133433000,
    "message_client_version": "872001261",
    "message_item_uri": "spotify:episode:1LXhrwVszndrL7eiQOtH1V",
    "message_play_position": 91,
    "message_played": false,
    "message_reason": "periodic"
  },
  {
    "timestamp_utc": "2024-03-13T09:03:45.366Z",
    "context_time": 1710320625366,
    "message_client_platform": "ANDROID_ARM",
    "message_client_timestamp": 1710320617000,
    "message_client_version": "872001261",
    "message_item_uri": "spotify:episode:3xL06CwZzyVBJ2kNYSF8y3",
    "message_play_position": 342,
    "message_played": false,
    "message_reason": "adv-past-stop"
  },
  {
    "timestamp_utc": "2024-03-11T05:03:31.864Z",
    "context_time": 1710133411864,
    "message_client_platform": "ANDROID_ARM",
    "message_client_timestamp": 1710133403000,
    "message_client_version": "872001261",
    "message_item_uri": "spotify:episode:1LXhrwVszndrL7eiQOtH1V",
    "message_play_position": 61,
    "message_played": false,
    "message_reason": "periodic"
  },
  {
    "timestamp_utc": "2024-03-27T02:52:45.835Z",
    "context_time": 1711507965835,
    "message_client_platform": "ANDROID_ARM",
    "message_client_timestamp": 1711507965000,
    "message_client_version": "872001261",
    "message_item_uri": "spotify:episode:5fK3bWdh9os1dkpR2ogIK5",
    "message_play_position": 377,
    "message_played": true,
    "message_reason": "adv-to"
  },
  {
    "timestamp_utc": "2024-03-27T02:53:05.145Z",
    "context_time": 1711507985145,
    "message_client_platform": "ANDROID_ARM",
    "message_client_timestamp": 1711507981000,
    "message_client_version": "872001261",
    "message_item_uri": "spotify:episode:5fK3bWdh9os1dkpR2ogIK5",
    "message_play_position": 393,
    "message_played": true,
    "message_reason": "periodic"
  },
  {
    "timestamp_utc": "2024-03-13T04:44:14.219Z",
    "context_time": 1710305054219,
    "message_client_platform": "ANDROID_ARM",
    "message_client_timestamp": 1710305044000,
    "message_client_version": "872001261",
    "message_item_uri": "spotify:episode:3xL06CwZzyVBJ2kNYSF8y3",
    "message_play_position": 46,
    "message_played": false,
    "message_reason": "periodic"
  },
  {
    "timestamp_utc": "2024-03-11T05:02:41.879Z",
    "context_time": 1710133361879,
    "message_client_platform": "ANDROID_ARM",
    "message_client_timestamp": 1710133358000,
    "message_client_version": "872001261",
    "message_item_uri": "spotify:episode:1LXhrwVszndrL7eiQOtH1V",
    "message_play_position": 16,
    "message_played": false,
    "message_reason": "periodic"
  },
  {
    "timestamp_utc": "2024-03-13T04:46:14.647Z",
    "context_time": 1710305174647,
    "message_client_platform": "ANDROID_ARM",
    "message_client_timestamp": 1710305164000,
    "message_client_version": "872001261",
    "message_item_uri": "spotify:episode:3xL06CwZzyVBJ2kNYSF8y3",
    "message_play_position": 166,
    "message_played": false,
    "message_reason": "periodic"
  },
  {
    "timestamp_utc": "2024-03-11T05:03:41.864Z",
    "context_time": 1710133421864,
    "message_client_platform": "ANDROID_ARM",
    "message_client_timestamp": 1710133418000,
    "message_client_version": "872001261",
    "message_item_uri": "spotify:episode:1LXhrwVszndrL7eiQOtH1V",
    "message_play_position": 76,
    "message_played": false,
    "message_reason": "periodic"
  },
  {
    "timestamp_utc": "2024-03-27T02:53:25.126Z",
    "context_time": 1711508005126,
    "message_client_platform": "ANDROID_ARM",
    "message_client_timestamp": 1711507998000,
    "message_client_version": "872001261",
    "message_item_uri": "spotify:episode:5fK3bWdh9os1dkpR2ogIK5",
    "message_play_position": 409,
    "message_played": true,
    "message_reason": "adv-past-stop"
  },
  {
    "timestamp_utc": "2024-04-06T12:41:46.691Z",
    "context_time": 1712407306691,
    "message_client_platform": "<unknown platform>",
    "message_client_timestamp": 1712407306684,
    "message_client_version": "Mozilla/5.0 (Windows NT 10.0; Win64; x64) AppleWebKit/537.36 (KHTML, like Gecko) Chrome/123.0.0.0 Safari/537.36",
    "message_item_uri": "spotify:episode:0jRdZaOpdASt4m9jNBUlqg",
    "message_play_position": 26,
    "message_played": false,
    "message_reason": "<unknown reason>"
  },
  {
    "timestamp_utc": "2024-03-13T04:43:24.242Z",
    "context_time": 1710305004242,
    "message_client_platform": "ANDROID_ARM",
    "message_client_timestamp": 1710304998000,
    "message_client_version": "872001261",
    "message_item_uri": "spotify:episode:3xL06CwZzyVBJ2kNYSF8y3",
    "message_play_position": 0,
    "message_played": false,
    "message_reason": "adv-to"
  },
  {
    "timestamp_utc": "2024-03-13T04:54:02.684Z",
    "context_time": 1710305642684,
    "message_client_platform": "ANDROID_ARM",
    "message_client_timestamp": 1710305341000,
    "message_client_version": "872001261",
    "message_item_uri": "spotify:episode:3xL06CwZzyVBJ2kNYSF8y3",
    "message_play_position": 342,
    "message_played": false,
    "message_reason": "unknown"
  },
  {
    "timestamp_utc": "2024-03-13T04:47:54.256Z",
    "context_time": 1710305274256,
    "message_client_platform": "ANDROID_ARM",
    "message_client_timestamp": 1710305269000,
    "message_client_version": "872001261",
    "message_item_uri": "spotify:episode:3xL06CwZzyVBJ2kNYSF8y3",
    "message_play_position": 271,
    "message_played": false,
    "message_reason": "periodic"
  },
  {
    "timestamp_utc": "2024-03-13T04:44:44.418Z",
    "context_time": 1710305084418,
    "message_client_platform": "ANDROID_ARM",
    "message_client_timestamp": 1710305074000,
    "message_client_version": "872001261",
    "message_item_uri": "spotify:episode:3xL06CwZzyVBJ2kNYSF8y3",
    "message_play_position": 76,
    "message_played": false,
    "message_reason": "periodic"
  },
  {
    "timestamp_utc": "2024-03-13T04:43:54.250Z",
    "context_time": 1710305034250,
    "message_client_platform": "ANDROID_ARM",
    "message_client_timestamp": 1710305029000,
    "message_client_version": "872001261",
    "message_item_uri": "spotify:episode:3xL06CwZzyVBJ2kNYSF8y3",
    "message_play_position": 31,
    "message_played": false,
    "message_reason": "periodic"
  },
  {
    "timestamp_utc": "2024-03-13T04:47:14.237Z",
    "context_time": 1710305234237,
    "message_client_platform": "ANDROID_ARM",
    "message_client_timestamp": 1710305224000,
    "message_client_version": "872001261",
    "message_item_uri": "spotify:episode:3xL06CwZzyVBJ2kNYSF8y3",
    "message_play_position": 226,
    "message_played": false,
    "message_reason": "periodic"
  },
  {
    "timestamp_utc": "2024-03-13T04:44:54.252Z",
    "context_time": 1710305094252,
    "message_client_platform": "ANDROID_ARM",
    "message_client_timestamp": 1710305089000,
    "message_client_version": "872001261",
    "message_item_uri": "spotify:episode:3xL06CwZzyVBJ2kNYSF8y3",
    "message_play_position": 91,
    "message_played": false,
    "message_reason": "periodic"
  },
  {
    "timestamp_utc": "2024-03-13T04:45:14.241Z",
    "context_time": 1710305114241,
    "message_client_platform": "ANDROID_ARM",
    "message_client_timestamp": 1710305104000,
    "message_client_version": "872001261",
    "message_item_uri": "spotify:episode:3xL06CwZzyVBJ2kNYSF8y3",
    "message_play_position": 106,
    "message_played": false,
    "message_reason": "periodic"
  },
  {
    "timestamp_utc": "2024-03-13T04:43:44.245Z",
    "context_time": 1710305024245,
    "message_client_platform": "ANDROID_ARM",
    "message_client_timestamp": 1710305014000,
    "message_client_version": "872001261",
    "message_item_uri": "spotify:episode:3xL06CwZzyVBJ2kNYSF8y3",
    "message_play_position": 16,
    "message_played": false,
    "message_reason": "periodic"
  },
  {
    "timestamp_utc": "2024-03-11T05:03:11.824Z",
    "context_time": 1710133391824,
    "message_client_platform": "ANDROID_ARM",
    "message_client_timestamp": 1710133388000,
    "message_client_version": "872001261",
    "message_item_uri": "spotify:episode:1LXhrwVszndrL7eiQOtH1V",
    "message_play_position": 46,
    "message_played": false,
    "message_reason": "periodic"
  },
  {
    "timestamp_utc": "2024-04-06T13:43:35.868Z",
    "context_time": 1712411015868,
    "message_client_platform": "<unknown platform>",
    "message_client_timestamp": 1712411015861,
    "message_client_version": "Mozilla/5.0 (Windows NT 10.0; Win64; x64) AppleWebKit/537.36 (KHTML, like Gecko) Chrome/123.0.0.0 Safari/537.36",
    "message_item_uri": "spotify:episode:0jRdZaOpdASt4m9jNBUlqg",
    "message_play_position": 27,
    "message_played": false,
    "message_reason": "<unknown reason>"
  },
  {
    "timestamp_utc": "2024-04-06T12:41:39.009Z",
    "context_time": 1712407299009,
    "message_client_platform": "<unknown platform>",
    "message_client_timestamp": 1712407299002,
    "message_client_version": "Mozilla/5.0 (Windows NT 10.0; Win64; x64) AppleWebKit/537.36 (KHTML, like Gecko) Chrome/123.0.0.0 Safari/537.36",
    "message_item_uri": "spotify:episode:0jRdZaOpdASt4m9jNBUlqg",
    "message_play_position": 20,
    "message_played": false,
    "message_reason": "<unknown reason>"
  },
  {
    "timestamp_utc": "2024-03-13T04:45:54.273Z",
    "context_time": 1710305154273,
    "message_client_platform": "ANDROID_ARM",
    "message_client_timestamp": 1710305149000,
    "message_client_version": "872001261",
    "message_item_uri": "spotify:episode:3xL06CwZzyVBJ2kNYSF8y3",
    "message_play_position": 151,
    "message_played": false,
    "message_reason": "periodic"
  },
  {
    "timestamp_utc": "2024-03-13T04:45:24.253Z",
    "context_time": 1710305124253,
    "message_client_platform": "ANDROID_ARM",
    "message_client_timestamp": 1710305119000,
    "message_client_version": "872001261",
    "message_item_uri": "spotify:episode:3xL06CwZzyVBJ2kNYSF8y3",
    "message_play_position": 121,
    "message_played": false,
    "message_reason": "periodic"
  },
  {
    "timestamp_utc": "2024-04-06T12:41:32.355Z",
    "context_time": 1712407292355,
    "message_client_platform": "<unknown platform>",
    "message_client_timestamp": 1712407292346,
    "message_client_version": "Mozilla/5.0 (Windows NT 10.0; Win64; x64) AppleWebKit/537.36 (KHTML, like Gecko) Chrome/123.0.0.0 Safari/537.36",
    "message_item_uri": "spotify:episode:0jRdZaOpdASt4m9jNBUlqg",
    "message_play_position": 15,
    "message_played": false,
    "message_reason": "<unknown reason>"
  },
  {
    "timestamp_utc": "2024-03-22T20:12:53.320Z",
    "context_time": 1711138373320,
    "message_client_platform": "ANDROID_ARM",
    "message_client_timestamp": 1711138372000,
    "message_client_version": "872001261",
    "message_item_uri": "spotify:episode:4mH6nn47SHEFlwcXLrTjIu",
    "message_play_position": 0,
    "message_played": false,
    "message_reason": "adv-to"
  },
  {
    "timestamp_utc": "2024-03-13T04:46:44.262Z",
    "context_time": 1710305204262,
    "message_client_platform": "ANDROID_ARM",
    "message_client_timestamp": 1710305194000,
    "message_client_version": "872001261",
    "message_item_uri": "spotify:episode:3xL06CwZzyVBJ2kNYSF8y3",
    "message_play_position": 196,
    "message_played": false,
    "message_reason": "periodic"
  },
  {
    "timestamp_utc": "2024-03-22T20:13:39.105Z",
    "context_time": 1711138419105,
    "message_client_platform": "ANDROID_ARM",
    "message_client_timestamp": 1711138401000,
    "message_client_version": "872001261",
    "message_item_uri": "spotify:episode:4mH6nn47SHEFlwcXLrTjIu",
    "message_play_position": 27,
    "message_played": false,
    "message_reason": "unknown"
  },
  {
    "timestamp_utc": "2024-03-22T20:13:13.104Z",
    "context_time": 1711138393104,
    "message_client_platform": "ANDROID_ARM",
    "message_client_timestamp": 1711138389000,
    "message_client_version": "872001261",
    "message_item_uri": "spotify:episode:4mH6nn47SHEFlwcXLrTjIu",
    "message_play_position": 16,
    "message_played": false,
    "message_reason": "periodic"
  },
  {
    "timestamp_utc": "2024-04-06T12:41:34.815Z",
    "context_time": 1712407294815,
    "message_client_platform": "<unknown platform>",
    "message_client_timestamp": 1712407294811,
    "message_client_version": "Mozilla/5.0 (Windows NT 10.0; Win64; x64) AppleWebKit/537.36 (KHTML, like Gecko) Chrome/123.0.0.0 Safari/537.36",
    "message_item_uri": "spotify:episode:0jRdZaOpdASt4m9jNBUlqg",
    "message_play_position": 16,
    "message_played": false,
    "message_reason": "<unknown reason>"
  },
  {
    "timestamp_utc": "2024-03-13T04:48:24.250Z",
    "context_time": 1710305304250,
    "message_client_platform": "ANDROID_ARM",
    "message_client_timestamp": 1710305299000,
    "message_client_version": "872001261",
    "message_item_uri": "spotify:episode:3xL06CwZzyVBJ2kNYSF8y3",
    "message_play_position": 301,
    "message_played": false,
    "message_reason": "periodic"
  },
  {
    "timestamp_utc": "2024-03-13T04:46:54.265Z",
    "context_time": 1710305214265,
    "message_client_platform": "ANDROID_ARM",
    "message_client_timestamp": 1710305209000,
    "message_client_version": "872001261",
    "message_item_uri": "spotify:episode:3xL06CwZzyVBJ2kNYSF8y3",
    "message_play_position": 211,
    "message_played": false,
    "message_reason": "periodic"
  },
  {
    "timestamp_utc": "2024-03-11T05:03:01.826Z",
    "context_time": 1710133381826,
    "message_client_platform": "ANDROID_ARM",
    "message_client_timestamp": 1710133373000,
    "message_client_version": "872001261",
    "message_item_uri": "spotify:episode:1LXhrwVszndrL7eiQOtH1V",
    "message_play_position": 31,
    "message_played": false,
    "message_reason": "periodic"
  },
  {
    "timestamp_utc": "2024-03-13T04:47:24.252Z",
    "context_time": 1710305244252,
    "message_client_platform": "ANDROID_ARM",
    "message_client_timestamp": 1710305239000,
    "message_client_version": "872001261",
    "message_item_uri": "spotify:episode:3xL06CwZzyVBJ2kNYSF8y3",
    "message_play_position": 241,
    "message_played": false,
    "message_reason": "periodic"
  },
  {
    "timestamp_utc": "2024-03-13T04:48:44.273Z",
    "context_time": 1710305324273,
    "message_client_platform": "ANDROID_ARM",
    "message_client_timestamp": 1710305314000,
    "message_client_version": "872001261",
    "message_item_uri": "spotify:episode:3xL06CwZzyVBJ2kNYSF8y3",
    "message_play_position": 316,
    "message_played": false,
    "message_reason": "periodic"
  },
  {
    "timestamp_utc": "2024-03-13T04:47:44.277Z",
    "context_time": 1710305264277,
    "message_client_platform": "ANDROID_ARM",
    "message_client_timestamp": 1710305254000,
    "message_client_version": "872001261",
    "message_item_uri": "spotify:episode:3xL06CwZzyVBJ2kNYSF8y3",
    "message_play_position": 256,
    "message_played": false,
    "message_reason": "periodic"
  },
  {
    "timestamp_utc": "2024-03-13T04:46:24.272Z",
    "context_time": 1710305184272,
    "message_client_platform": "ANDROID_ARM",
    "message_client_timestamp": 1710305179000,
    "message_client_version": "872001261",
    "message_item_uri": "spotify:episode:3xL06CwZzyVBJ2kNYSF8y3",
    "message_play_position": 181,
    "message_played": false,
    "message_reason": "periodic"
  },
  {
    "timestamp_utc": "2024-03-13T04:48:54.240Z",
    "context_time": 1710305334240,
    "message_client_platform": "ANDROID_ARM",
    "message_client_timestamp": 1710305329000,
    "message_client_version": "872001261",
    "message_item_uri": "spotify:episode:3xL06CwZzyVBJ2kNYSF8y3",
    "message_play_position": 331,
    "message_played": false,
    "message_reason": "periodic"
  },
  {
    "timestamp_utc": "2024-03-13T04:48:14.217Z",
    "context_time": 1710305294217,
    "message_client_platform": "ANDROID_ARM",
    "message_client_timestamp": 1710305284000,
    "message_client_version": "872001261",
    "message_item_uri": "spotify:episode:3xL06CwZzyVBJ2kNYSF8y3",
    "message_play_position": 286,
    "message_played": false,
    "message_reason": "periodic"
  },
  {
    "timestamp_utc": "2024-03-13T04:44:24.237Z",
    "context_time": 1710305064237,
    "message_client_platform": "ANDROID_ARM",
    "message_client_timestamp": 1710305059000,
    "message_client_version": "872001261",
    "message_item_uri": "spotify:episode:3xL06CwZzyVBJ2kNYSF8y3",
    "message_play_position": 61,
    "message_played": false,
    "message_reason": "periodic"
  },
  {
    "timestamp_utc": "2024-03-11T05:04:12.381Z",
    "context_time": 1710133452381,
    "message_client_platform": "ANDROID_ARM",
    "message_client_timestamp": 1710133447000,
    "message_client_version": "872001261",
    "message_item_uri": "spotify:episode:1LXhrwVszndrL7eiQOtH1V",
    "message_play_position": 105,
    "message_played": false,
    "message_reason": "adv-past-stop"
  },
  {
    "timestamp_utc": "2024-04-06T13:43:44.487Z",
    "context_time": 1712411024487,
    "message_client_platform": "<unknown platform>",
    "message_client_timestamp": 1712411024481,
    "message_client_version": "Mozilla/5.0 (Windows NT 10.0; Win64; x64) AppleWebKit/537.36 (KHTML, like Gecko) Chrome/123.0.0.0 Safari/537.36",
    "message_item_uri": "spotify:episode:0jRdZaOpdASt4m9jNBUlqg",
    "message_play_position": 35,
    "message_played": false,
    "message_reason": "<unknown reason>"
  },
  {
    "timestamp_utc": "2024-03-22T20:13:49.150Z",
    "context_time": 1711138429150,
    "message_client_platform": "ANDROID_ARM",
    "message_client_timestamp": 1711138423000,
    "message_client_version": "872001261",
    "message_item_uri": "spotify:episode:4mH6nn47SHEFlwcXLrTjIu",
    "message_play_position": 31,
    "message_played": false,
    "message_reason": "adv-past-stop"
  }
]