[
  {
    "message_playing_context_uri": "spotify:playlist:3klHoHnflXy95Y8x4d3NIZ",
    "timestamp_utc": "2024-05-18T21:14:13.684Z",
    "context_application_version": "8.7.20.1261",
    "context_conn_country": "IN",
    "context_device_manufacturer": "realme",
    "context_device_model": "RMX3392",
    "context_device_type": "mobile",
    "context_os_name": "android",
    "context_os_version": "14",
    "context_receiver_service_timestamp": 1716066856923,
    "context_time": 1716066853684,
    "context_user_agent": null,
    "message_playing_entity_uri": "spotify:track:6Ln89sczgIcAJXGAIdS94R"
  },
  {
    "message_playing_context_uri": "spotify:playlist:3klHoHnflXy95Y8x4d3NIZ",
    "timestamp_utc": "2024-04-06T18:58:56.787Z",
    "context_application_version": "8.7.20.1261",
    "context_conn_country": "IN",
    "context_device_manufacturer": "realme",
    "context_device_model": "RMX3392",
    "context_device_type": "mobile",
    "context_os_name": "android",
    "context_os_version": "13",
    "context_receiver_service_timestamp": 1712429965449,
    "context_time": 1712429936787,
    "context_user_agent": null,
    "message_playing_entity_uri": "spotify:track:5iCY0TXNImK4hyKfcplQsg"
  },
  {
    "message_playing_context_uri": "spotify:search:tu%20he%20kahs%20",
    "timestamp_utc": "2024-05-26T21:35:38.163Z",
    "context_application_version": "8.7.20.1261",
    "context_conn_country": "IN",
    "context_device_manufacturer": "realme",
    "context_device_model": "RMX3392",
    "context_device_type": "mobile",
    "context_os_name": "android",
    "context_os_version": "14",
    "context_receiver_service_timestamp": 1716759367558,
    "context_time": 1716759338163,
    "context_user_agent": null,
    "message_playing_entity_uri": "spotify:track:3zSSCPpLZ5Oc8nelhhGjKz"
  },
  {
    "message_playing_context_uri": "spotify:search:tu%20he%20kahs%20",
    "timestamp_utc": "2024-05-29T17:52:02.494Z",
    "context_application_version": "8.7.20.1261",
    "context_conn_country": "IN",
    "context_device_manufacturer": "realme",
    "context_device_model": "RMX3392",
    "context_device_type": "mobile",
    "context_os_name": "android",
    "context_os_version": "14",
    "context_receiver_service_timestamp": 1717005756379,
    "context_time": 1717005122494,
    "context_user_agent": null,
    "message_playing_entity_uri": "spotify:track:3zSSCPpLZ5Oc8nelhhGjKz"
  },
  {
    "message_playing_context_uri": "spotify:search",
    "timestamp_utc": "2024-06-02T09:16:04.852Z",
    "context_application_version": "8.7.20.1261",
    "context_conn_country": "IN",
    "context_device_manufacturer": "realme",
    "context_device_model": "RMX3392",
    "context_device_type": "mobile",
    "context_os_name": "android",
    "context_os_version": "14",
    "context_receiver_service_timestamp": 1717319912571,
    "context_time": 1717319764852,
    "context_user_agent": null,
    "message_playing_entity_uri": "spotify:track:3zSSCPpLZ5Oc8nelhhGjKz"
  },
  {
    "message_playing_context_uri": "spotify:playlist:3klHoHnflXy95Y8x4d3NIZ",
    "timestamp_utc": "2024-04-21T17:30:25.451Z",
    "context_application_version": "8.7.20.1261",
    "context_conn_country": "IN",
    "context_device_manufacturer": "realme",
    "context_device_model": "RMX3392",
    "context_device_type": "mobile",
    "context_os_name": "android",
    "context_os_version": "13",
    "context_receiver_service_timestamp": 1713720655194,
    "context_time": 1713720625451,
    "context_user_agent": null,
    "message_playing_entity_uri": "spotify:track:5iCY0TXNImK4hyKfcplQsg"
  },
  {
    "message_playing_context_uri": "spotify:playlist:6vOijrXAoPEGwAvuK131a1",
    "timestamp_utc": "2024-04-23T21:08:43.570Z",
    "context_application_version": "8.7.20.1261",
    "context_conn_country": "IN",
    "context_device_manufacturer": "realme",
    "context_device_model": "RMX3392",
    "context_device_type": "mobile",
    "context_os_name": "android",
    "context_os_version": "13",
    "context_receiver_service_timestamp": 1713906552113,
    "context_time": 1713906523570,
    "context_user_agent": null,
    "message_playing_entity_uri": "spotify:track:2mrO05VnrPkQg4PTixL91Y"
  },
  {
    "message_playing_context_uri": "spotify:playlist:3klHoHnflXy95Y8x4d3NIZ",
    "timestamp_utc": "2024-03-07T18:34:17.704Z",
    "context_application_version": "8.7.20.1261",
    "context_conn_country": "IN",
    "context_device_manufacturer": "realme",
    "context_device_model": "RMX3392",
    "context_device_type": null,
    "context_os_name": "android",
    "context_os_version": "13",
    "context_receiver_service_timestamp": 1709836488517,
    "context_time": 1709836457704,
    "context_user_agent": null,
    "message_playing_entity_uri": "spotify:track:5qyEyqpT0TBVun8W07MEmR"
  },
  {
    "message_playing_context_uri": "spotify:playlist:3klHoHnflXy95Y8x4d3NIZ",
    "timestamp_utc": "2024-04-23T02:38:27.552Z",
    "context_application_version": "8.7.20.1261",
    "context_conn_country": "IN",
    "context_device_manufacturer": "realme",
    "context_device_model": "RMX3392",
    "context_device_type": "mobile",
    "context_os_name": "android",
    "context_os_version": "13",
    "context_receiver_service_timestamp": 1713839937191,
    "context_time": 1713839907552,
    "context_user_agent": null,
    "message_playing_entity_uri": "spotify:track:5iCY0TXNImK4hyKfcplQsg"
  },
  {
    "message_playing_context_uri": "spotify:playlist:3klHoHnflXy95Y8x4d3NIZ",
    "timestamp_utc": "2024-04-01T03:15:41.333Z",
    "context_application_version": "8.7.20.1261",
    "context_conn_country": "IN",
    "context_device_manufacturer": "realme",
    "context_device_model": "RMX3392",
    "context_device_type": "mobile",
    "context_os_name": "android",
    "context_os_version": "13",
    "context_receiver_service_timestamp": 1711941343952,
    "context_time": 1711941341333,
    "context_user_agent": null,
    "message_playing_entity_uri": "spotify:track:5iCY0TXNImK4hyKfcplQsg"
  },
  {
    "message_playing_context_uri": "spotify:playlist:1pY8pEMZRfz6xQOlDo0I93",
    "timestamp_utc": "2024-03-09T18:24:44.394Z",
    "context_application_version": "8.7.20.1261",
    "context_conn_country": "IN",
    "context_device_manufacturer": "realme",
    "context_device_model": "RMX3392",
    "context_device_type": null,
    "context_os_name": "android",
    "context_os_version": "13",
    "context_receiver_service_timestamp": 1710008714417,
    "context_time": 1710008684394,
    "context_user_agent": null,
    "message_playing_entity_uri": "spotify:track:2mUzzA8tcH6PdPdObB86Bp"
  },
  {
    "message_playing_context_uri": "spotify:playlist:3oK2pZZvkoK4EqYee9nxz8",
    "timestamp_utc": "2024-03-05T08:42:21.555Z",
    "context_application_version": "8.7.20.1261",
    "context_conn_country": "IN",
    "context_device_manufacturer": "realme",
    "context_device_model": "RMX3392",
    "context_device_type": null,
    "context_os_name": "android",
    "context_os_version": "13",
    "context_receiver_service_timestamp": 1709628170787,
    "context_time": 1709628141555,
    "context_user_agent": null,
    "message_playing_entity_uri": "spotify:track:2KK7jP4sM6lSA3w3pGFtcb"
  },
  {
    "message_playing_context_uri": "spotify:playlist:3oK2pZZvkoK4EqYee9nxz8",
    "timestamp_utc": "2024-03-08T04:19:56.142Z",
    "context_application_version": "8.7.20.1261",
    "context_conn_country": "IN",
    "context_device_manufacturer": "realme",
    "context_device_model": "RMX3392",
    "context_device_type": null,
    "context_os_name": "android",
    "context_os_version": "13",
    "context_receiver_service_timestamp": 1709871622107,
    "context_time": 1709871596142,
    "context_user_agent": null,
    "message_playing_entity_uri": "spotify:track:5p6Fx7EGe2zi49J8X8jR9s"
  },
  {
    "message_playing_context_uri": "spotify:playlist:3klHoHnflXy95Y8x4d3NIZ",
    "timestamp_utc": "2024-03-14T11:10:36.948Z",
    "context_application_version": "8.7.20.1261",
    "context_conn_country": "IN",
    "context_device_manufacturer": "realme",
    "context_device_model": "RMX3392",
    "context_device_type": "mobile",
    "context_os_name": "android",
    "context_os_version": "13",
    "context_receiver_service_timestamp": 1710414664828,
    "context_time": 1710414636948,
    "context_user_agent": null,
    "message_playing_entity_uri": "spotify:track:5iCY0TXNImK4hyKfcplQsg"
  },
  {
    "message_playing_context_uri": "spotify:playlist:3klHoHnflXy95Y8x4d3NIZ",
    "timestamp_utc": "2024-03-21T13:03:42.963Z",
    "context_application_version": "8.7.20.1261",
    "context_conn_country": "IN",
    "context_device_manufacturer": "realme",
    "context_device_model": "RMX3392",
    "context_device_type": "mobile",
    "context_os_name": "android",
    "context_os_version": "13",
    "context_receiver_service_timestamp": 1711026252086,
    "context_time": 1711026222963,
    "context_user_agent": null,
    "message_playing_entity_uri": "spotify:track:5iCY0TXNImK4hyKfcplQsg"
  },
  {
    "message_playing_context_uri": "spotify:playlist:3klHoHnflXy95Y8x4d3NIZ",
    "timestamp_utc": "2024-03-09T19:09:06.483Z",
    "context_application_version": "8.7.20.1261",
    "context_conn_country": "IN",
    "context_device_manufacturer": "realme",
    "context_device_model": "RMX3392",
    "context_device_type": null,
    "context_os_name": "android",
    "context_os_version": "13",
    "context_receiver_service_timestamp": 1710011373847,
    "context_time": 1710011346483,
    "context_user_agent": null,
    "message_playing_entity_uri": "spotify:track:5iCY0TXNImK4hyKfcplQsg"
  }
]