[
  {
    "timestamp_utc": "2024-05-28T20:19:48.523Z",
    "context_time": 1716927588523,
    "message_playing_device_id": "52bf878c4bcbb43935c18a9191c9e12d1dc2e168"
  },
  {
    "timestamp_utc": "2024-05-28T20:03:00.546Z",
    "context_time": 1716926580546,
    "message_playing_device_id": "52bf878c4bcbb43935c18a9191c9e12d1dc2e168"
  },
  {
    "timestamp_utc": "2024-04-20T09:09:04.386Z",
    "context_time": 1713604144386,
    "message_playing_device_id": "86531f32dbd06f32aa99cdec264d2105feb2c82a"
  },
  {
    "timestamp_utc": "2024-06-05T21:34:51.158Z",
    "context_time": 1717623291158,
    "message_playing_device_id": "cea6c54c9df6d1416947edb122d1b77efde80025"
  },
  {
    "timestamp_utc": "2024-05-28T20:33:26.800Z",
    "context_time": 1716928406800,
    "message_playing_device_id": "52bf878c4bcbb43935c18a9191c9e12d1dc2e168"
  },
  {
    "timestamp_utc": "2024-05-31T19:09:41.072Z",
    "context_time": 1717182581072,
    "message_playing_device_id": "88c32d862fde44865a3f36faa7b56d7c9aa5d0f4"
  },
  {
    "timestamp_utc": "2024-05-31T22:22:26.832Z",
    "context_time": 1717194146832,
    "message_playing_device_id": "9097a05163a47a85eb9c86a62eef89c99e18cbde"
  },
  {
    "timestamp_utc": "2024-04-18T06:26:36.726Z",
    "context_time": 1713421596726,
    "message_playing_device_id": "d0bb1674b9635ea57362db0c296e5d57f8c46e1d"
  },
  {
    "timestamp_utc": "2024-05-31T22:22:30.192Z",
    "context_time": 1717194150192,
    "message_playing_device_id": "9097a05163a47a85eb9c86a62eef89c99e18cbde"
  },
  {
    "timestamp_utc": "2024-05-31T23:21:25.588Z",
    "context_time": 1717197685588,
    "message_playing_device_id": "73a9ae270d680d8c2ecb77c742f4036bf6795e6a"
  },
  {
    "timestamp_utc": "2024-06-02T00:31:34.527Z",
    "context_time": 1717288294527,
    "message_playing_device_id": "94d43575ab239ab1fb0dc91f5f7f4566ccb4a03b"
  },
  {
    "timestamp_utc": "2024-06-04T23:21:14.247Z",
    "context_time": 1717543274247,
    "message_playing_device_id": "fc19acd069be2af647153391ee6aca83762d761c"
  },
  {
    "timestamp_utc": "2024-05-31T19:42:16.488Z",
    "context_time": 1717184536488,
    "message_playing_device_id": "88c32d862fde44865a3f36faa7b56d7c9aa5d0f4"
  },
  {
    "timestamp_utc": "2024-06-05T08:56:25.180Z",
    "context_time": 1717577785180,
    "message_playing_device_id": "102991310cdd1dcbfd8f46de3e9266278b3f2edd"
  },
  {
    "timestamp_utc": "2024-04-20T09:09:03.744Z",
    "context_time": 1713604143744,
    "message_playing_device_id": "86531f32dbd06f32aa99cdec264d2105feb2c82a"
  },
  {
    "timestamp_utc": "2024-05-31T19:20:24.605Z",
    "context_time": 1717183224605,
    "message_playing_device_id": "88c32d862fde44865a3f36faa7b56d7c9aa5d0f4"
  },
  {
    "timestamp_utc": "2024-04-18T09:34:22.642Z",
    "context_time": 1713432862642,
    "message_playing_device_id": "d0bb1674b9635ea57362db0c296e5d57f8c46e1d"
  },
  {
    "timestamp_utc": "2024-04-18T09:34:21.213Z",
    "context_time": 1713432861213,
    "message_playing_device_id": "d0bb1674b9635ea57362db0c296e5d57f8c46e1d"
  },
  {
    "timestamp_utc": "2024-06-02T00:28:19.215Z",
    "context_time": 1717288099215,
    "message_playing_device_id": "94d43575ab239ab1fb0dc91f5f7f4566ccb4a03b"
  },
  {
    "timestamp_utc": "2024-04-20T09:00:22.579Z",
    "context_time": 1713603622579,
    "message_playing_device_id": "86531f32dbd06f32aa99cdec264d2105feb2c82a"
  },
  {
    "timestamp_utc": "2024-05-28T19:13:13.219Z",
    "context_time": 1716923593219,
    "message_playing_device_id": "52dd27d7afec12b1431c5ed7e32c081415275afa"
  },
  {
    "timestamp_utc": "2024-05-28T20:24:11.748Z",
    "context_time": 1716927851748,
    "message_playing_device_id": "52bf878c4bcbb43935c18a9191c9e12d1dc2e168"
  },
  {
    "timestamp_utc": "2024-05-31T19:16:01.201Z",
    "context_time": 1717182961201,
    "message_playing_device_id": "88c32d862fde44865a3f36faa7b56d7c9aa5d0f4"
  },
  {
    "timestamp_utc": "2024-05-31T22:18:03.415Z",
    "context_time": 1717193883415,
    "message_playing_device_id": "9097a05163a47a85eb9c86a62eef89c99e18cbde"
  },
  {
    "timestamp_utc": "2024-06-02T09:06:29.615Z",
    "context_time": 1717319189615,
    "message_playing_device_id": "26a50264616248d21ce1b38ea42cb835d5d70121"
  },
  {
    "timestamp_utc": "2024-04-18T06:26:36.721Z",
    "context_time": 1713421596721,
    "message_playing_device_id": "d0bb1674b9635ea57362db0c296e5d57f8c46e1d"
  },
  {
    "timestamp_utc": "2024-05-28T20:15:25.070Z",
    "context_time": 1716927325070,
    "message_playing_device_id": "52bf878c4bcbb43935c18a9191c9e12d1dc2e168"
  },
  {
    "timestamp_utc": "2024-05-31T22:01:45.415Z",
    "context_time": 1717192905415,
    "message_playing_device_id": "3ecdff1a2fb182e923d81de497acaf663691c040"
  },
  {
    "timestamp_utc": "2024-05-31T19:16:01.139Z",
    "context_time": 1717182961139,
    "message_playing_device_id": "88c32d862fde44865a3f36faa7b56d7c9aa5d0f4"
  },
  {
    "timestamp_utc": "2024-05-28T20:15:25.063Z",
    "context_time": 1716927325063,
    "message_playing_device_id": "52bf878c4bcbb43935c18a9191c9e12d1dc2e168"
  },
  {
    "timestamp_utc": "2024-05-28T20:42:09.950Z",
    "context_time": 1716928929950,
    "message_playing_device_id": "52bf878c4bcbb43935c18a9191c9e12d1dc2e168"
  },
  {
    "timestamp_utc": "2024-05-31T19:05:17.120Z",
    "context_time": 1717182317120,
    "message_playing_device_id": "88c32d862fde44865a3f36faa7b56d7c9aa5d0f4"
  },
  {
    "timestamp_utc": "2024-05-31T22:09:16.765Z",
    "context_time": 1717193356765,
    "message_playing_device_id": "9097a05163a47a85eb9c86a62eef89c99e18cbde"
  },
  {
    "timestamp_utc": "2024-04-20T09:16:06.482Z",
    "context_time": 1713604566482,
    "message_playing_device_id": "86531f32dbd06f32aa99cdec264d2105feb2c82a"
  },
  {
    "timestamp_utc": "2024-06-05T21:39:14.553Z",
    "context_time": 1717623554553,
    "message_playing_device_id": "cea6c54c9df6d1416947edb122d1b77efde80025"
  },
  {
    "timestamp_utc": "2024-05-31T21:57:20.472Z",
    "context_time": 1717192640472,
    "message_playing_device_id": "3ecdff1a2fb182e923d81de497acaf663691c040"
  },
  {
    "timestamp_utc": "2024-06-05T08:56:25.191Z",
    "context_time": 1717577785191,
    "message_playing_device_id": "102991310cdd1dcbfd8f46de3e9266278b3f2edd"
  },
  {
    "timestamp_utc": "2024-05-28T20:24:11.767Z",
    "context_time": 1716927851767,
    "message_playing_device_id": "52bf878c4bcbb43935c18a9191c9e12d1dc2e168"
  },
  {
    "timestamp_utc": "2024-04-18T06:15:50.324Z",
    "context_time": 1713420950324,
    "message_playing_device_id": "d0bb1674b9635ea57362db0c296e5d57f8c46e1d"
  },
  {
    "timestamp_utc": "2024-04-18T06:15:49.683Z",
    "context_time": 1713420949683,
    "message_playing_device_id": "d0bb1674b9635ea57362db0c296e5d57f8c46e1d"
  },
  {
    "timestamp_utc": "2024-05-28T20:19:48.495Z",
    "context_time": 1716927588495,
    "message_playing_device_id": "52bf878c4bcbb43935c18a9191c9e12d1dc2e168"
  },
  {
    "timestamp_utc": "2024-05-31T22:22:30.212Z",
    "context_time": 1717194150212,
    "message_playing_device_id": "9097a05163a47a85eb9c86a62eef89c99e18cbde"
  },
  {
    "timestamp_utc": "2024-06-05T21:39:14.574Z",
    "context_time": 1717623554574,
    "message_playing_device_id": "cea6c54c9df6d1416947edb122d1b77efde80025"
  },
  {
    "timestamp_utc": "2024-04-20T09:21:05.885Z",
    "context_time": 1713604865885,
    "message_playing_device_id": "9d3ae2d0b882bb15551e853dc2869940038bd404"
  },
  {
    "timestamp_utc": "2024-04-20T09:16:06.264Z",
    "context_time": 1713604566264,
    "message_playing_device_id": "86531f32dbd06f32aa99cdec264d2105feb2c82a"
  },
  {
    "timestamp_utc": "2024-06-02T09:10:53.233Z",
    "context_time": 1717319453233,
    "message_playing_device_id": "26a50264616248d21ce1b38ea42cb835d5d70121"
  },
  {
    "timestamp_utc": "2024-04-20T09:03:00.515Z",
    "context_time": 1713603780515,
    "message_playing_device_id": "86531f32dbd06f32aa99cdec264d2105feb2c82a"
  },
  {
    "timestamp_utc": "2024-04-20T09:12:31.286Z",
    "context_time": 1713604351286,
    "message_playing_device_id": "86531f32dbd06f32aa99cdec264d2105feb2c82a"
  },
  {
    "timestamp_utc": "2024-06-02T09:06:29.583Z",
    "context_time": 1717319189583,
    "message_playing_device_id": "26a50264616248d21ce1b38ea42cb835d5d70121"
  },
  {
    "timestamp_utc": "2024-06-05T21:34:51.130Z",
    "context_time": 1717623291130,
    "message_playing_device_id": "cea6c54c9df6d1416947edb122d1b77efde80025"
  },
  {
    "timestamp_utc": "2024-05-28T20:28:47.726Z",
    "context_time": 1716928127726,
    "message_playing_device_id": "52bf878c4bcbb43935c18a9191c9e12d1dc2e168"
  },
  {
    "timestamp_utc": "2024-05-28T19:13:13.272Z",
    "context_time": 1716923593272,
    "message_playing_device_id": "52dd27d7afec12b1431c5ed7e32c081415275afa"
  },
  {
    "timestamp_utc": "2024-06-02T09:06:29.572Z",
    "context_time": 1717319189572,
    "message_playing_device_id": "26a50264616248d21ce1b38ea42cb835d5d70121"
  },
  {
    "timestamp_utc": "2024-05-28T19:13:13.271Z",
    "context_time": 1716923593271,
    "message_playing_device_id": "52dd27d7afec12b1431c5ed7e32c081415275afa"
  },
  {
    "timestamp_utc": "2024-03-21T19:18:43.826Z",
    "context_time": 1711048723826,
    "message_playing_device_id": "15281e7a8a9a03f82952a0480ef22124b6f8e645"
  },
  {
    "timestamp_utc": "2024-06-05T08:56:25.235Z",
    "context_time": 1717577785235,
    "message_playing_device_id": "102991310cdd1dcbfd8f46de3e9266278b3f2edd"
  },
  {
    "timestamp_utc": "2024-05-28T19:04:26.509Z",
    "context_time": 1716923066509,
    "message_playing_device_id": "52dd27d7afec12b1431c5ed7e32c081415275afa"
  },
  {
    "timestamp_utc": "2024-03-21T19:18:43.801Z",
    "context_time": 1711048723801,
    "message_playing_device_id": "15281e7a8a9a03f82952a0480ef22124b6f8e645"
  },
  {
    "timestamp_utc": "2024-04-20T08:56:50.585Z",
    "context_time": 1713603410585,
    "message_playing_device_id": "86531f32dbd06f32aa99cdec264d2105feb2c82a"
  },
  {
    "timestamp_utc": "2024-05-31T21:57:22.078Z",
    "context_time": 1717192642078,
    "message_playing_device_id": "3ecdff1a2fb182e923d81de497acaf663691c040"
  },
  {
    "timestamp_utc": "2024-04-20T09:03:00.441Z",
    "context_time": 1713603780441,
    "message_playing_device_id": "86531f32dbd06f32aa99cdec264d2105feb2c82a"
  },
  {
    "timestamp_utc": "2024-05-28T20:46:34.228Z",
    "context_time": 1716929194228,
    "message_playing_device_id": "52bf878c4bcbb43935c18a9191c9e12d1dc2e168"
  },
  {
    "timestamp_utc": "2024-05-28T19:24:44.665Z",
    "context_time": 1716924284665,
    "message_playing_device_id": "52bf878c4bcbb43935c18a9191c9e12d1dc2e168"
  },
  {
    "timestamp_utc": "2024-04-18T06:19:30.283Z",
    "context_time": 1713421170283,
    "message_playing_device_id": "d0bb1674b9635ea57362db0c296e5d57f8c46e1d"
  },
  {
    "timestamp_utc": "2024-06-04T23:16:29.893Z",
    "context_time": 1717542989893,
    "message_playing_device_id": "fc19acd069be2af647153391ee6aca83762d761c"
  },
  {
    "timestamp_utc": "2024-04-20T09:00:22.340Z",
    "context_time": 1713603622340,
    "message_playing_device_id": "86531f32dbd06f32aa99cdec264d2105feb2c82a"
  },
  {
    "timestamp_utc": "2024-05-31T22:13:40.307Z",
    "context_time": 1717193620307,
    "message_playing_device_id": "9097a05163a47a85eb9c86a62eef89c99e18cbde"
  },
  {
    "timestamp_utc": "2024-06-04T09:44:25.268Z",
    "context_time": 1717494265268,
    "message_playing_device_id": "b39c97b12281283a444a3bad62a79251412b724c"
  },
  {
    "timestamp_utc": "2024-05-28T19:54:14.056Z",
    "context_time": 1716926054056,
    "message_playing_device_id": "52bf878c4bcbb43935c18a9191c9e12d1dc2e168"
  },
  {
    "timestamp_utc": "2024-03-30T19:42:38.571Z",
    "context_time": 1711827758571,
    "message_playing_device_id": "68956a6ebe141c7b20dbca62bfc1341516c69091"
  },
  {
    "timestamp_utc": "2024-05-28T20:28:47.712Z",
    "context_time": 1716928127712,
    "message_playing_device_id": "52bf878c4bcbb43935c18a9191c9e12d1dc2e168"
  },
  {
    "timestamp_utc": "2024-04-20T08:56:50.840Z",
    "context_time": 1713603410840,
    "message_playing_device_id": "86531f32dbd06f32aa99cdec264d2105feb2c82a"
  },
  {
    "timestamp_utc": "2024-06-04T09:44:25.279Z",
    "context_time": 1717494265279,
    "message_playing_device_id": "b39c97b12281283a444a3bad62a79251412b724c"
  },
  {
    "timestamp_utc": "2024-05-31T22:01:45.417Z",
    "context_time": 1717192905417,
    "message_playing_device_id": "3ecdff1a2fb182e923d81de497acaf663691c040"
  },
  {
    "timestamp_utc": "2024-06-02T11:07:15.197Z",
    "context_time": 1717326435197,
    "message_playing_device_id": "624b80bca9966129d0f8c3c2e8eb3137761d992b"
  },
  {
    "timestamp_utc": "2024-06-02T09:10:55.528Z",
    "context_time": 1717319455528,
    "message_playing_device_id": "26a50264616248d21ce1b38ea42cb835d5d70121"
  },
  {
    "timestamp_utc": "2024-04-18T06:12:03.831Z",
    "context_time": 1713420723831,
    "message_playing_device_id": "d0bb1674b9635ea57362db0c296e5d57f8c46e1d"
  },
  {
    "timestamp_utc": "2024-06-05T21:39:14.554Z",
    "context_time": 1717623554554,
    "message_playing_device_id": "cea6c54c9df6d1416947edb122d1b77efde80025"
  },
  {
    "timestamp_utc": "2024-04-20T09:05:54.948Z",
    "context_time": 1713603954948,
    "message_playing_device_id": "86531f32dbd06f32aa99cdec264d2105feb2c82a"
  },
  {
    "timestamp_utc": "2024-04-20T09:12:32.911Z",
    "context_time": 1713604352911,
    "message_playing_device_id": "86531f32dbd06f32aa99cdec264d2105feb2c82a"
  },
  {
    "timestamp_utc": "2024-05-28T19:08:49.972Z",
    "context_time": 1716923329972,
    "message_playing_device_id": "52dd27d7afec12b1431c5ed7e32c081415275afa"
  },
  {
    "timestamp_utc": "2024-03-30T19:42:38.695Z",
    "context_time": 1711827758695,
    "message_playing_device_id": "68956a6ebe141c7b20dbca62bfc1341516c69091"
  },
  {
    "timestamp_utc": "2024-04-20T09:21:06.128Z",
    "context_time": 1713604866128,
    "message_playing_device_id": "9d3ae2d0b882bb15551e853dc2869940038bd404"
  },
  {
    "timestamp_utc": "2024-05-31T19:20:26.762Z",
    "context_time": 1717183226762,
    "message_playing_device_id": "88c32d862fde44865a3f36faa7b56d7c9aa5d0f4"
  },
  {
    "timestamp_utc": "2024-06-02T00:28:19.190Z",
    "context_time": 1717288099190,
    "message_playing_device_id": "94d43575ab239ab1fb0dc91f5f7f4566ccb4a03b"
  },
  {
    "timestamp_utc": "2024-06-02T09:15:32.964Z",
    "context_time": 1717319732964,
    "message_playing_device_id": "26a50264616248d21ce1b38ea42cb835d5d70121"
  },
  {
    "timestamp_utc": "2024-05-31T22:01:45.442Z",
    "context_time": 1717192905442,
    "message_playing_device_id": "3ecdff1a2fb182e923d81de497acaf663691c040"
  },
  {
    "timestamp_utc": "2024-05-28T20:19:48.509Z",
    "context_time": 1716927588509,
    "message_playing_device_id": "52bf878c4bcbb43935c18a9191c9e12d1dc2e168"
  },
  {
    "timestamp_utc": "2024-05-28T20:33:33.485Z",
    "context_time": 1716928413485,
    "message_playing_device_id": "52bf878c4bcbb43935c18a9191c9e12d1dc2e168"
  },
  {
    "timestamp_utc": "2024-05-28T19:58:37.224Z",
    "context_time": 1716926317224,
    "message_playing_device_id": "52bf878c4bcbb43935c18a9191c9e12d1dc2e168"
  },
  {
    "timestamp_utc": "2024-05-28T20:46:34.241Z",
    "context_time": 1716929194241,
    "message_playing_device_id": "52bf878c4bcbb43935c18a9191c9e12d1dc2e168"
  },
  {
    "timestamp_utc": "2024-04-18T09:18:16.921Z",
    "context_time": 1713431896921,
    "message_playing_device_id": "d0bb1674b9635ea57362db0c296e5d57f8c46e1d"
  },
  {
    "timestamp_utc": "2024-06-04T23:16:29.936Z",
    "context_time": 1717542989936,
    "message_playing_device_id": "fc19acd069be2af647153391ee6aca83762d761c"
  },
  {
    "timestamp_utc": "2024-05-28T19:54:14.050Z",
    "context_time": 1716926054050,
    "message_playing_device_id": "52bf878c4bcbb43935c18a9191c9e12d1dc2e168"
  },
  {
    "timestamp_utc": "2024-06-02T00:34:49.915Z",
    "context_time": 1717288489915,
    "message_playing_device_id": "94d43575ab239ab1fb0dc91f5f7f4566ccb4a03b"
  },
  {
    "timestamp_utc": "2024-05-31T19:20:26.798Z",
    "context_time": 1717183226798,
    "message_playing_device_id": "88c32d862fde44865a3f36faa7b56d7c9aa5d0f4"
  },
  {
    "timestamp_utc": "2024-05-31T19:46:39.897Z",
    "context_time": 1717184799897,
    "message_playing_device_id": "88c32d862fde44865a3f36faa7b56d7c9aa5d0f4"
  },
  {
    "timestamp_utc": "2024-04-20T09:00:22.356Z",
    "context_time": 1713603622356,
    "message_playing_device_id": "86531f32dbd06f32aa99cdec264d2105feb2c82a"
  },
  {
    "timestamp_utc": "2024-05-31T19:05:17.172Z",
    "context_time": 1717182317172,
    "message_playing_device_id": "88c32d862fde44865a3f36faa7b56d7c9aa5d0f4"
  },
  {
    "timestamp_utc": "2024-04-18T06:15:49.721Z",
    "context_time": 1713420949721,
    "message_playing_device_id": "d0bb1674b9635ea57362db0c296e5d57f8c46e1d"
  },
  {
    "timestamp_utc": "2024-03-21T19:17:00.287Z",
    "context_time": 1711048620287,
    "message_playing_device_id": "15281e7a8a9a03f82952a0480ef22124b6f8e645"
  },
  {
    "timestamp_utc": "2024-04-20T09:05:55.081Z",
    "context_time": 1713603955081,
    "message_playing_device_id": "86531f32dbd06f32aa99cdec264d2105feb2c82a"
  },
  {
    "timestamp_utc": "2024-05-31T22:13:40.286Z",
    "context_time": 1717193620286,
    "message_playing_device_id": "9097a05163a47a85eb9c86a62eef89c99e18cbde"
  },
  {
    "timestamp_utc": "2024-05-28T19:08:49.907Z",
    "context_time": 1716923329907,
    "message_playing_device_id": "52dd27d7afec12b1431c5ed7e32c081415275afa"
  },
  {
    "timestamp_utc": "2024-05-28T19:24:44.614Z",
    "context_time": 1716924284614,
    "message_playing_device_id": "52bf878c4bcbb43935c18a9191c9e12d1dc2e168"
  },
  {
    "timestamp_utc": "2024-06-02T11:07:15.233Z",
    "context_time": 1717326435233,
    "message_playing_device_id": "624b80bca9966129d0f8c3c2e8eb3137761d992b"
  },
  {
    "timestamp_utc": "2024-06-02T00:34:49.913Z",
    "context_time": 1717288489913,
    "message_playing_device_id": "94d43575ab239ab1fb0dc91f5f7f4566ccb4a03b"
  },
  {
    "timestamp_utc": "2024-04-18T06:12:04.042Z",
    "context_time": 1713420724042,
    "message_playing_device_id": "d0bb1674b9635ea57362db0c296e5d57f8c46e1d"
  },
  {
    "timestamp_utc": "2024-05-28T20:33:33.494Z",
    "context_time": 1716928413494,
    "message_playing_device_id": "52bf878c4bcbb43935c18a9191c9e12d1dc2e168"
  },
  {
    "timestamp_utc": "2024-03-21T19:17:00.166Z",
    "context_time": 1711048620166,
    "message_playing_device_id": "15281e7a8a9a03f82952a0480ef22124b6f8e645"
  },
  {
    "timestamp_utc": "2024-05-31T21:48:33.932Z",
    "context_time": 1717192113932,
    "message_playing_device_id": "3ecdff1a2fb182e923d81de497acaf663691c040"
  },
  {
    "timestamp_utc": "2024-05-31T21:44:10.366Z",
    "context_time": 1717191850366,
    "message_playing_device_id": "3ecdff1a2fb182e923d81de497acaf663691c040"
  },
  {
    "timestamp_utc": "2024-05-31T22:18:03.452Z",
    "context_time": 1717193883452,
    "message_playing_device_id": "9097a05163a47a85eb9c86a62eef89c99e18cbde"
  },
  {
    "timestamp_utc": "2024-04-20T09:21:05.888Z",
    "context_time": 1713604865888,
    "message_playing_device_id": "9d3ae2d0b882bb15551e853dc2869940038bd404"
  },
  {
    "timestamp_utc": "2024-05-31T21:48:33.874Z",
    "context_time": 1717192113874,
    "message_playing_device_id": "3ecdff1a2fb182e923d81de497acaf663691c040"
  },
  {
    "timestamp_utc": "2024-06-02T19:54:21.542Z",
    "context_time": 1717358061542,
    "message_playing_device_id": "fb8ebd3efc9279aaca759ad2de37df1551ab08ce"
  },
  {
    "timestamp_utc": "2024-04-18T06:08:08.208Z",
    "context_time": 1713420488208,
    "message_playing_device_id": "d0bb1674b9635ea57362db0c296e5d57f8c46e1d"
  },
  {
    "timestamp_utc": "2024-05-31T22:18:03.420Z",
    "context_time": 1717193883420,
    "message_playing_device_id": "9097a05163a47a85eb9c86a62eef89c99e18cbde"
  },
  {
    "timestamp_utc": "2024-04-18T06:19:28.381Z",
    "context_time": 1713421168381,
    "message_playing_device_id": "d0bb1674b9635ea57362db0c296e5d57f8c46e1d"
  },
  {
    "timestamp_utc": "2024-05-28T20:15:25.096Z",
    "context_time": 1716927325096,
    "message_playing_device_id": "52bf878c4bcbb43935c18a9191c9e12d1dc2e168"
  },
  {
    "timestamp_utc": "2024-05-31T19:42:16.391Z",
    "context_time": 1717184536391,
    "message_playing_device_id": "88c32d862fde44865a3f36faa7b56d7c9aa5d0f4"
  },
  {
    "timestamp_utc": "2024-04-20T09:05:54.973Z",
    "context_time": 1713603954973,
    "message_playing_device_id": "86531f32dbd06f32aa99cdec264d2105feb2c82a"
  },
  {
    "timestamp_utc": "2024-05-31T21:44:10.263Z",
    "context_time": 1717191850263,
    "message_playing_device_id": "3ecdff1a2fb182e923d81de497acaf663691c040"
  },
  {
    "timestamp_utc": "2024-05-28T20:28:47.712Z",
    "context_time": 1716928127712,
    "message_playing_device_id": "52bf878c4bcbb43935c18a9191c9e12d1dc2e168"
  },
  {
    "timestamp_utc": "2024-05-28T20:03:00.620Z",
    "context_time": 1716926580620,
    "message_playing_device_id": "52bf878c4bcbb43935c18a9191c9e12d1dc2e168"
  },
  {
    "timestamp_utc": "2024-05-28T19:58:37.275Z",
    "context_time": 1716926317275,
    "message_playing_device_id": "52bf878c4bcbb43935c18a9191c9e12d1dc2e168"
  },
  {
    "timestamp_utc": "2024-05-31T19:20:26.779Z",
    "context_time": 1717183226779,
    "message_playing_device_id": "88c32d862fde44865a3f36faa7b56d7c9aa5d0f4"
  },
  {
    "timestamp_utc": "2024-05-31T19:09:41.107Z",
    "context_time": 1717182581107,
    "message_playing_device_id": "88c32d862fde44865a3f36faa7b56d7c9aa5d0f4"
  },
  {
    "timestamp_utc": "2024-05-31T23:21:25.593Z",
    "context_time": 1717197685593,
    "message_playing_device_id": "73a9ae270d680d8c2ecb77c742f4036bf6795e6a"
  },
  {
    "timestamp_utc": "2024-05-31T21:52:57.119Z",
    "context_time": 1717192377119,
    "message_playing_device_id": "3ecdff1a2fb182e923d81de497acaf663691c040"
  },
  {
    "timestamp_utc": "2024-05-28T20:37:45.659Z",
    "context_time": 1716928665659,
    "message_playing_device_id": "52bf878c4bcbb43935c18a9191c9e12d1dc2e168"
  },
  {
    "timestamp_utc": "2024-03-21T19:18:43.860Z",
    "context_time": 1711048723860,
    "message_playing_device_id": "15281e7a8a9a03f82952a0480ef22124b6f8e645"
  },
  {
    "timestamp_utc": "2024-05-31T21:48:33.891Z",
    "context_time": 1717192113891,
    "message_playing_device_id": "3ecdff1a2fb182e923d81de497acaf663691c040"
  },
  {
    "timestamp_utc": "2024-06-05T21:34:51.140Z",
    "context_time": 1717623291140,
    "message_playing_device_id": "cea6c54c9df6d1416947edb122d1b77efde80025"
  },
  {
    "timestamp_utc": "2024-04-20T09:16:06.240Z",
    "context_time": 1713604566240,
    "message_playing_device_id": "86531f32dbd06f32aa99cdec264d2105feb2c82a"
  },
  {
    "timestamp_utc": "2024-05-31T19:09:41.101Z",
    "context_time": 1717182581101,
    "message_playing_device_id": "88c32d862fde44865a3f36faa7b56d7c9aa5d0f4"
  },
  {
    "timestamp_utc": "2024-04-18T09:18:16.785Z",
    "context_time": 1713431896785,
    "message_playing_device_id": "d0bb1674b9635ea57362db0c296e5d57f8c46e1d"
  },
  {
    "timestamp_utc": "2024-05-28T20:28:47.723Z",
    "context_time": 1716928127723,
    "message_playing_device_id": "52bf878c4bcbb43935c18a9191c9e12d1dc2e168"
  },
  {
    "timestamp_utc": "2024-06-02T19:54:21.552Z",
    "context_time": 1717358061552,
    "message_playing_device_id": "fb8ebd3efc9279aaca759ad2de37df1551ab08ce"
  },
  {
    "timestamp_utc": "2024-06-02T08:53:12.525Z",
    "context_time": 1717318392525,
    "message_playing_device_id": "26a50264616248d21ce1b38ea42cb835d5d70121"
  },
  {
    "timestamp_utc": "2024-05-31T19:20:26.798Z",
    "context_time": 1717183226798,
    "message_playing_device_id": "88c32d862fde44865a3f36faa7b56d7c9aa5d0f4"
  },
  {
    "timestamp_utc": "2024-06-02T09:10:53.228Z",
    "context_time": 1717319453228,
    "message_playing_device_id": "26a50264616248d21ce1b38ea42cb835d5d70121"
  },
  {
    "timestamp_utc": "2024-06-04T09:44:25.272Z",
    "context_time": 1717494265272,
    "message_playing_device_id": "b39c97b12281283a444a3bad62a79251412b724c"
  },
  {
    "timestamp_utc": "2024-06-02T00:31:34.513Z",
    "context_time": 1717288294513,
    "message_playing_device_id": "94d43575ab239ab1fb0dc91f5f7f4566ccb4a03b"
  },
  {
    "timestamp_utc": "2024-05-31T22:13:40.322Z",
    "context_time": 1717193620322,
    "message_playing_device_id": "9097a05163a47a85eb9c86a62eef89c99e18cbde"
  },
  {
    "timestamp_utc": "2024-04-18T09:34:22.682Z",
    "context_time": 1713432862682,
    "message_playing_device_id": "d0bb1674b9635ea57362db0c296e5d57f8c46e1d"
  },
  {
    "timestamp_utc": "2024-05-28T20:46:32.360Z",
    "context_time": 1716929192360,
    "message_playing_device_id": "52bf878c4bcbb43935c18a9191c9e12d1dc2e168"
  },
  {
    "timestamp_utc": "2024-06-02T09:15:32.975Z",
    "context_time": 1717319732975,
    "message_playing_device_id": "26a50264616248d21ce1b38ea42cb835d5d70121"
  },
  {
    "timestamp_utc": "2024-05-28T20:03:00.547Z",
    "context_time": 1716926580547,
    "message_playing_device_id": "52bf878c4bcbb43935c18a9191c9e12d1dc2e168"
  },
  {
    "timestamp_utc": "2024-05-28T19:48:55.783Z",
    "context_time": 1716925735783,
    "message_playing_device_id": "52bf878c4bcbb43935c18a9191c9e12d1dc2e168"
  },
  {
    "timestamp_utc": "2024-04-18T09:34:21.286Z",
    "context_time": 1713432861286,
    "message_playing_device_id": "d0bb1674b9635ea57362db0c296e5d57f8c46e1d"
  },
  {
    "timestamp_utc": "2024-04-18T09:18:16.791Z",
    "context_time": 1713431896791,
    "message_playing_device_id": "d0bb1674b9635ea57362db0c296e5d57f8c46e1d"
  },
  {
    "timestamp_utc": "2024-05-31T21:44:10.329Z",
    "context_time": 1717191850329,
    "message_playing_device_id": "3ecdff1a2fb182e923d81de497acaf663691c040"
  },
  {
    "timestamp_utc": "2024-05-28T20:42:09.950Z",
    "context_time": 1716928929950,
    "message_playing_device_id": "52bf878c4bcbb43935c18a9191c9e12d1dc2e168"
  },
  {
    "timestamp_utc": "2024-06-02T19:54:21.572Z",
    "context_time": 1717358061572,
    "message_playing_device_id": "fb8ebd3efc9279aaca759ad2de37df1551ab08ce"
  },
  {
    "timestamp_utc": "2024-05-31T22:13:40.296Z",
    "context_time": 1717193620296,
    "message_playing_device_id": "9097a05163a47a85eb9c86a62eef89c99e18cbde"
  },
  {
    "timestamp_utc": "2024-04-20T09:03:00.627Z",
    "context_time": 1713603780627,
    "message_playing_device_id": "86531f32dbd06f32aa99cdec264d2105feb2c82a"
  },
  {
    "timestamp_utc": "2024-05-31T21:52:57.116Z",
    "context_time": 1717192377116,
    "message_playing_device_id": "3ecdff1a2fb182e923d81de497acaf663691c040"
  },
  {
    "timestamp_utc": "2024-05-28T20:42:09.653Z",
    "context_time": 1716928929653,
    "message_playing_device_id": "52bf878c4bcbb43935c18a9191c9e12d1dc2e168"
  },
  {
    "timestamp_utc": "2024-06-02T00:34:49.915Z",
    "context_time": 1717288489915,
    "message_playing_device_id": "94d43575ab239ab1fb0dc91f5f7f4566ccb4a03b"
  },
  {
    "timestamp_utc": "2024-05-28T19:24:44.617Z",
    "context_time": 1716924284617,
    "message_playing_device_id": "52bf878c4bcbb43935c18a9191c9e12d1dc2e168"
  },
  {
    "timestamp_utc": "2024-04-20T09:16:06.422Z",
    "context_time": 1713604566422,
    "message_playing_device_id": "86531f32dbd06f32aa99cdec264d2105feb2c82a"
  },
  {
    "timestamp_utc": "2024-05-31T19:42:16.389Z",
    "context_time": 1717184536389,
    "message_playing_device_id": "88c32d862fde44865a3f36faa7b56d7c9aa5d0f4"
  },
  {
    "timestamp_utc": "2024-06-02T11:07:15.198Z",
    "context_time": 1717326435198,
    "message_playing_device_id": "624b80bca9966129d0f8c3c2e8eb3137761d992b"
  },
  {
    "timestamp_utc": "2024-05-31T21:52:57.119Z",
    "context_time": 1717192377119,
    "message_playing_device_id": "3ecdff1a2fb182e923d81de497acaf663691c040"
  },
  {
    "timestamp_utc": "2024-05-28T20:24:11.796Z",
    "context_time": 1716927851796,
    "message_playing_device_id": "52bf878c4bcbb43935c18a9191c9e12d1dc2e168"
  },
  {
    "timestamp_utc": "2024-05-31T23:21:25.587Z",
    "context_time": 1717197685587,
    "message_playing_device_id": "73a9ae270d680d8c2ecb77c742f4036bf6795e6a"
  },
  {
    "timestamp_utc": "2024-06-05T00:26:49.580Z",
    "context_time": 1717547209580,
    "message_playing_device_id": "2e192ae2c4837a70b7665769441446a3c8ca3878"
  },
  {
    "timestamp_utc": "2024-06-02T08:53:12.522Z",
    "context_time": 1717318392522,
    "message_playing_device_id": "26a50264616248d21ce1b38ea42cb835d5d70121"
  },
  {
    "timestamp_utc": "2024-05-28T19:17:36.558Z",
    "context_time": 1716923856558,
    "message_playing_device_id": "52dd27d7afec12b1431c5ed7e32c081415275afa"
  },
  {
    "timestamp_utc": "2024-03-21T19:18:43.824Z",
    "context_time": 1711048723824,
    "message_playing_device_id": "15281e7a8a9a03f82952a0480ef22124b6f8e645"
  },
  {
    "timestamp_utc": "2024-06-02T09:15:32.963Z",
    "context_time": 1717319732963,
    "message_playing_device_id": "26a50264616248d21ce1b38ea42cb835d5d70121"
  },
  {
    "timestamp_utc": "2024-03-30T19:42:38.563Z",
    "context_time": 1711827758563,
    "message_playing_device_id": "68956a6ebe141c7b20dbca62bfc1341516c69091"
  },
  {
    "timestamp_utc": "2024-04-18T09:34:22.660Z",
    "context_time": 1713432862660,
    "message_playing_device_id": "d0bb1674b9635ea57362db0c296e5d57f8c46e1d"
  },
  {
    "timestamp_utc": "2024-05-31T21:48:33.934Z",
    "context_time": 1717192113934,
    "message_playing_device_id": "3ecdff1a2fb182e923d81de497acaf663691c040"
  },
  {
    "timestamp_utc": "2024-06-05T00:26:49.589Z",
    "context_time": 1717547209589,
    "message_playing_device_id": "2e192ae2c4837a70b7665769441446a3c8ca3878"
  },
  {
    "timestamp_utc": "2024-05-28T20:33:35.814Z",
    "context_time": 1716928415814,
    "message_playing_device_id": "52bf878c4bcbb43935c18a9191c9e12d1dc2e168"
  },
  {
    "timestamp_utc": "2024-05-31T18:58:00.328Z",
    "context_time": 1717181880328,
    "message_playing_device_id": "88c32d862fde44865a3f36faa7b56d7c9aa5d0f4"
  },
  {
    "timestamp_utc": "2024-05-31T22:22:28.613Z",
    "context_time": 1717194148613,
    "message_playing_device_id": "9097a05163a47a85eb9c86a62eef89c99e18cbde"
  },
  {
    "timestamp_utc": "2024-06-04T23:21:14.424Z",
    "context_time": 1717543274424,
    "message_playing_device_id": "fc19acd069be2af647153391ee6aca83762d761c"
  },
  {
    "timestamp_utc": "2024-04-20T09:09:04.408Z",
    "context_time": 1713604144408,
    "message_playing_device_id": "86531f32dbd06f32aa99cdec264d2105feb2c82a"
  },
  {
    "timestamp_utc": "2024-05-31T22:09:16.654Z",
    "context_time": 1717193356654,
    "message_playing_device_id": "9097a05163a47a85eb9c86a62eef89c99e18cbde"
  },
  {
    "timestamp_utc": "2024-05-31T19:20:26.803Z",
    "context_time": 1717183226803,
    "message_playing_device_id": "88c32d862fde44865a3f36faa7b56d7c9aa5d0f4"
  },
  {
    "timestamp_utc": "2024-05-31T19:46:39.944Z",
    "context_time": 1717184799944,
    "message_playing_device_id": "88c32d862fde44865a3f36faa7b56d7c9aa5d0f4"
  },
  {
    "timestamp_utc": "2024-05-31T18:58:00.345Z",
    "context_time": 1717181880345,
    "message_playing_device_id": "88c32d862fde44865a3f36faa7b56d7c9aa5d0f4"
  },
  {
    "timestamp_utc": "2024-04-20T09:05:55.100Z",
    "context_time": 1713603955100,
    "message_playing_device_id": "86531f32dbd06f32aa99cdec264d2105feb2c82a"
  },
  {
    "timestamp_utc": "2024-05-28T20:37:45.586Z",
    "context_time": 1716928665586,
    "message_playing_device_id": "52bf878c4bcbb43935c18a9191c9e12d1dc2e168"
  },
  {
    "timestamp_utc": "2024-05-31T19:05:17.120Z",
    "context_time": 1717182317120,
    "message_playing_device_id": "88c32d862fde44865a3f36faa7b56d7c9aa5d0f4"
  },
  {
    "timestamp_utc": "2024-05-31T22:22:28.607Z",
    "context_time": 1717194148607,
    "message_playing_device_id": "9097a05163a47a85eb9c86a62eef89c99e18cbde"
  },
  {
    "timestamp_utc": "2024-05-28T19:04:26.499Z",
    "context_time": 1716923066499,
    "message_playing_device_id": "52dd27d7afec12b1431c5ed7e32c081415275afa"
  },
  {
    "timestamp_utc": "2024-04-20T09:21:06.160Z",
    "context_time": 1713604866160,
    "message_playing_device_id": "9d3ae2d0b882bb15551e853dc2869940038bd404"
  },
  {
    "timestamp_utc": "2024-06-04T23:16:29.893Z",
    "context_time": 1717542989893,
    "message_playing_device_id": "fc19acd069be2af647153391ee6aca83762d761c"
  },
  {
    "timestamp_utc": "2024-03-21T19:17:00.131Z",
    "context_time": 1711048620131,
    "message_playing_device_id": "15281e7a8a9a03f82952a0480ef22124b6f8e645"
  },
  {
    "timestamp_utc": "2024-05-28T19:48:55.766Z",
    "context_time": 1716925735766,
    "message_playing_device_id": "52bf878c4bcbb43935c18a9191c9e12d1dc2e168"
  },
  {
    "timestamp_utc": "2024-05-31T22:09:16.696Z",
    "context_time": 1717193356696,
    "message_playing_device_id": "9097a05163a47a85eb9c86a62eef89c99e18cbde"
  },
  {
    "timestamp_utc": "2024-05-28T19:17:36.518Z",
    "context_time": 1716923856518,
    "message_playing_device_id": "52dd27d7afec12b1431c5ed7e32c081415275afa"
  },
  {
    "timestamp_utc": "2024-04-18T06:08:08.151Z",
    "context_time": 1713420488151,
    "message_playing_device_id": "d0bb1674b9635ea57362db0c296e5d57f8c46e1d"
  },
  {
    "timestamp_utc": "2024-05-28T19:13:13.225Z",
    "context_time": 1716923593225,
    "message_playing_device_id": "52dd27d7afec12b1431c5ed7e32c081415275afa"
  },
  {
    "timestamp_utc": "2024-05-31T19:16:01.201Z",
    "context_time": 1717182961201,
    "message_playing_device_id": "88c32d862fde44865a3f36faa7b56d7c9aa5d0f4"
  },
  {
    "timestamp_utc": "2024-06-02T09:15:17.234Z",
    "context_time": 1717319717234,
    "message_playing_device_id": "26a50264616248d21ce1b38ea42cb835d5d70121"
  },
  {
    "timestamp_utc": "2024-04-20T09:09:03.697Z",
    "context_time": 1713604143697,
    "message_playing_device_id": "86531f32dbd06f32aa99cdec264d2105feb2c82a"
  },
  {
    "timestamp_utc": "2024-05-28T19:04:26.471Z",
    "context_time": 1716923066471,
    "message_playing_device_id": "52dd27d7afec12b1431c5ed7e32c081415275afa"
  },
  {
    "timestamp_utc": "2024-05-31T22:22:30.234Z",
    "context_time": 1717194150234,
    "message_playing_device_id": "9097a05163a47a85eb9c86a62eef89c99e18cbde"
  },
  {
    "timestamp_utc": "2024-06-05T00:26:49.589Z",
    "context_time": 1717547209589,
    "message_playing_device_id": "2e192ae2c4837a70b7665769441446a3c8ca3878"
  },
  {
    "timestamp_utc": "2024-05-31T21:57:22.092Z",
    "context_time": 1717192642092,
    "message_playing_device_id": "3ecdff1a2fb182e923d81de497acaf663691c040"
  },
  {
    "timestamp_utc": "2024-06-02T00:31:34.506Z",
    "context_time": 1717288294506,
    "message_playing_device_id": "94d43575ab239ab1fb0dc91f5f7f4566ccb4a03b"
  },
  {
    "timestamp_utc": "2024-04-18T06:12:04.049Z",
    "context_time": 1713420724049,
    "message_playing_device_id": "d0bb1674b9635ea57362db0c296e5d57f8c46e1d"
  },
  {
    "timestamp_utc": "2024-04-18T09:18:16.882Z",
    "context_time": 1713431896882,
    "message_playing_device_id": "d0bb1674b9635ea57362db0c296e5d57f8c46e1d"
  },
  {
    "timestamp_utc": "2024-05-28T20:37:45.585Z",
    "context_time": 1716928665585,
    "message_playing_device_id": "52bf878c4bcbb43935c18a9191c9e12d1dc2e168"
  },
  {
    "timestamp_utc": "2024-05-31T21:44:10.301Z",
    "context_time": 1717191850301,
    "message_playing_device_id": "3ecdff1a2fb182e923d81de497acaf663691c040"
  },
  {
    "timestamp_utc": "2024-04-18T06:12:03.838Z",
    "context_time": 1713420723838,
    "message_playing_device_id": "d0bb1674b9635ea57362db0c296e5d57f8c46e1d"
  },
  {
    "timestamp_utc": "2024-06-02T08:53:12.517Z",
    "context_time": 1717318392517,
    "message_playing_device_id": "26a50264616248d21ce1b38ea42cb835d5d70121"
  },
  {
    "timestamp_utc": "2024-06-02T09:10:53.229Z",
    "context_time": 1717319453229,
    "message_playing_device_id": "26a50264616248d21ce1b38ea42cb835d5d70121"
  },
  {
    "timestamp_utc": "2024-06-02T00:28:19.157Z",
    "context_time": 1717288099157,
    "message_playing_device_id": "94d43575ab239ab1fb0dc91f5f7f4566ccb4a03b"
  },
  {
    "timestamp_utc": "2024-04-18T09:34:21.205Z",
    "context_time": 1713432861205,
    "message_playing_device_id": "d0bb1674b9635ea57362db0c296e5d57f8c46e1d"
  },
  {
    "timestamp_utc": "2024-05-28T19:54:14.045Z",
    "context_time": 1716926054045,
    "message_playing_device_id": "52bf878c4bcbb43935c18a9191c9e12d1dc2e168"
  },
  {
    "timestamp_utc": "2024-05-28T20:33:33.542Z",
    "context_time": 1716928413542,
    "message_playing_device_id": "52bf878c4bcbb43935c18a9191c9e12d1dc2e168"
  },
  {
    "timestamp_utc": "2024-05-31T19:16:01.151Z",
    "context_time": 1717182961151,
    "message_playing_device_id": "88c32d862fde44865a3f36faa7b56d7c9aa5d0f4"
  },
  {
    "timestamp_utc": "2024-06-04T23:21:14.375Z",
    "context_time": 1717543274375,
    "message_playing_device_id": "fc19acd069be2af647153391ee6aca83762d761c"
  },
  {
    "timestamp_utc": "2024-04-18T06:08:08.321Z",
    "context_time": 1713420488321,
    "message_playing_device_id": "d0bb1674b9635ea57362db0c296e5d57f8c46e1d"
  },
  {
    "timestamp_utc": "2024-05-31T19:46:40.076Z",
    "context_time": 1717184800076,
    "message_playing_device_id": "88c32d862fde44865a3f36faa7b56d7c9aa5d0f4"
  },
  {
    "timestamp_utc": "2024-05-28T19:08:49.945Z",
    "context_time": 1716923329945,
    "message_playing_device_id": "52dd27d7afec12b1431c5ed7e32c081415275afa"
  },
  {
    "timestamp_utc": "2024-05-28T20:28:46.254Z",
    "context_time": 1716928126254,
    "message_playing_device_id": "52bf878c4bcbb43935c18a9191c9e12d1dc2e168"
  },
  {
    "timestamp_utc": "2024-05-28T20:46:34.218Z",
    "context_time": 1716929194218,
    "message_playing_device_id": "52bf878c4bcbb43935c18a9191c9e12d1dc2e168"
  },
  {
    "timestamp_utc": "2024-05-28T19:58:37.233Z",
    "context_time": 1716926317233,
    "message_playing_device_id": "52bf878c4bcbb43935c18a9191c9e12d1dc2e168"
  },
  {
    "timestamp_utc": "2024-05-31T21:57:22.097Z",
    "context_time": 1717192642097,
    "message_playing_device_id": "3ecdff1a2fb182e923d81de497acaf663691c040"
  },
  {
    "timestamp_utc": "2024-05-28T19:17:36.519Z",
    "context_time": 1716923856519,
    "message_playing_device_id": "52dd27d7afec12b1431c5ed7e32c081415275afa"
  },
  {
    "timestamp_utc": "2024-04-20T09:00:22.616Z",
    "context_time": 1713603622616,
    "message_playing_device_id": "86531f32dbd06f32aa99cdec264d2105feb2c82a"
  }
]