[
  {
    "timestamp_utc": "2024-03-01T22:33:34.365Z",
    "context_application_version": "8.7.20.1261",
    "context_conn_country": "IN",
    "context_device_manufacturer": "realme",
    "context_device_model": "RMX3392",
    "context_device_type": null,
    "context_os_name": "android",
    "context_os_version": "13",
    "context_receiver_service_timestamp": 1709332421077,
    "context_time": 1709332414365,
    "message_audiocodec": "unknown",
    "message_bitrate": 128000,
    "message_error_code": 8000,
    "message_external_track": true,
    "message_fatal": false,
    "message_file_id": "AAAAAAAAAAAAAAAAAAAAAAAAAAA=",
    "message_playback_id": "g6e0lbmgzkuPEnevmuY6Yw==",
    "message_position_ms": 0,
    "message_track_id": "spotify:episode:26KUZoYRlP4oC5nPTmPPD1"
  },
  {
    "timestamp_utc": "2024-03-02T04:42:11.065Z",
    "context_application_version": "8.7.20.1261",
    "context_conn_country": "IN",
    "context_device_manufacturer": "realme",
    "context_device_model": "RMX3392",
    "context_device_type": null,
    "context_os_name": "android",
    "context_os_version": "13",
    "context_receiver_service_timestamp": 1709354556627,
    "context_time": 1709354531065,
    "message_audiocodec": "unknown",
    "message_bitrate": 128000,
    "message_error_code": 8000,
    "message_external_track": true,
    "message_fatal": false,
    "message_file_id": "AAAAAAAAAAAAAAAAAAAAAAAAAAA=",
    "message_playback_id": "swrtIteIGC6T40w9uhOKdQ==",
    "message_position_ms": 2452705,
    "message_track_id": "spotify:episode:26KUZoYRlP4oC5nPTmPPD1"
  }
]