[
  {
    "message_context_uri": "spotify:episode:0jRdZaOpdASt4m9jNBUlqg",
    "timestamp_utc": "2024-04-06T12:41:31.868Z",
    "context_time": 1712407291868,
    "message_country": "IN",
    "message_is_emitted_by_backplay": true,
    "message_request_latency": 69,
    "message_response_status": 200,
    "message_session_id": "dc0fcdc7-cb24-4060-a35e-16bf5b490e15"
  },
  {
    "message_context_uri": "spotify:track:5p6Fx7EGe2zi49J8X8jR9s",
    "timestamp_utc": "2024-03-21T19:11:00.261Z",
    "context_time": 1711048260261,
    "message_country": "IN",
    "message_is_emitted_by_backplay": true,
    "message_request_latency": 216,
    "message_response_status": 200,
    "message_session_id": "14ad869f-7b22-4b2c-afa5-7e77e79a3f83"
  }
]