[
  {
    "timestamp_utc": "2024-04-16T08:10:38.925Z",
    "context_time": 1713255038925,
    "message_candidates": [
      "spotify:track:1D5FnfJlBCLPdp9KvVn4Ai",
      "spotify:track:2xZY3J3wjk2aGvp5vFG3fx",
      "spotify:track:3aRA4Tkk69paaHTJdH2dgY",
      "spotify:track:2W7N45YUp3SaseXtYtR8kb",
      "spotify:track:38UI1EBxdwPG00jbn4hZ07",
      "spotify:track:2KG5xUcSThcLIrSP8XzTTb",
      "spotify:track:30liHOV26GgDwYnvVzmUL4",
      "spotify:track:2PcUQUCh9hUMQI0hu6sz0K",
      "spotify:track:4kpW7HCisVRnSQwh6Hc9QO",
      "spotify:track:4kJeiKYX1ZPb1nDY6CP5fF",
      "spotify:track:1YSgeL3BMYsu3USQViW56t",
      "spotify:track:1Ih4nu6yvOHGGHFjfJI1AP",
      "spotify:track:4WTM14ihNEzzb3EgRE3K93",
      "spotify:track:2I8POKVsvLrDi23ZpNG7R0",
      "spotify:track:6BufHx5yFQf2KRedlCIGOV",
      "spotify:track:5yksRgkNOT7BP5LPsVkBnZ",
      "spotify:track:4lPK8YTayDrV8fnyhw8Hi8",
      "spotify:track:1WZMevIRZBOp6Jbz7GRyTD",
      "spotify:track:3aL7LhCmKeKexSGPKsIUNI",
      "spotify:track:4dKN9ZZG2IKVXpmUFJuqCl",
      "spotify:track:2FtP1MQAwGMA4scHWWmK4o",
      "spotify:track:5a6YL6Fh2gcZp2wIg9t4Rv",
      "spotify:track:2mwIe3kkXFWH4x1qb1rLm5",
      "spotify:track:5rAUYqfQOt6hWCBtERpoJd",
      "spotify:track:6eGsicypI0YoIxl54C25kR",
      "spotify:track:4vRFQTTSPd4bAGl2OlfjdH",
      "spotify:track:0fcZ3nL9h1PV4mZKngBYxf",
      "spotify:track:18n4OsNX37mGGZ2OJcDiTf",
      "spotify:track:0rsqjX57ewEK6eY6yGmiv9",
      "spotify:track:1RogOm5JEYhWZnw5eei94r",
      "spotify:track:0zD8BDDMcQmcArTRpjYfLQ",
      "spotify:track:016JWtE9upssCi56y93w5E",
      "spotify:track:1OorUHLuiEJUiDLF0IkWys",
      "spotify:track:0lHOhMeOD0MjB35uYVtvSS",
      "spotify:track:3WLynqJaY712tUc5163Neh",
      "spotify:track:39FNMlkUtkvKq6UxtORI4K",
      "spotify:track:7mpnIjYKrB6Yapa99q4klP",
      "spotify:track:0EQujcVk4EoE2RmUKFLyGv",
      "spotify:track:7ldpm94q9iSZqFzSr5FIA4",
      "spotify:track:1E1R0jBiduv6PGnfPmR4OI",
      "spotify:track:54FLODtanSW2uKOBSvvuXS",
      "spotify:track:7m0jYDc3YpVXcEgKAquhOy",
      "spotify:track:61H3cb27aJ07fr5bfFUEHm",
      "spotify:track:0FD7QOwiza66GbI8giFov3",
      "spotify:track:2UGFNfi9GgoKWjOjASJChb",
      "spotify:track:6ijkWzjzUhYSdeJV49qOpc",
      "spotify:track:4L2TBIlpVbMIjOU6Ri3lBD",
      "spotify:track:4zlSy3qwlqNfWOUiWSOWCc",
      "spotify:track:7HnA75M3apr0nqOyTkSG2L",
      "spotify:track:5Sk9ZB8EAIu3EX8DfdGHzJ",
      "spotify:track:3lGNi7dBGTTVW0BebR3Ehu",
      "spotify:track:5Gpcx6ZA84crgZGV25t59s",
      "spotify:track:54wfwhK0yztymE4s47RB8x",
      "spotify:track:7xbncRRFDSpKgUHu4BrW2l",
      "spotify:track:4SqLeYLqDYWkzGBZtbuyw1",
      "spotify:track:5g3GnzSGe7WisN4neRtU6i",
      "spotify:track:04AfqcZXFN3bw5gYDs5h7e",
      "spotify:track:6umdxHrwJBf2Ij41pwJaMQ",
      "spotify:track:7d7nmsy0PRPnZb8K0kMKxy",
      "spotify:track:4mIQATOUVBTcbbtzIyWDF7",
      "spotify:track:7CbN6PWesr1uYxwSvI7UHW",
      "spotify:track:6Wo7nJCbnDbi05HtHu4rED",
      "spotify:track:11mYXgkeYsrBEhIopjCrUB",
      "spotify:track:0BWHiQzoY4AzOiyI5KjnKu",
      "spotify:track:1K90ziWl0lbLipAHBiq1I5",
      "spotify:track:6eVR9T3afzNzKenBC9Qmyq",
      "spotify:track:3Z17nb1tjGCGGmWPVI9cHV",
      "spotify:track:3FrsLY90GoHNzURmrs5CDX",
      "spotify:track:052XWTwWpKDCbFyyn0tcsl",
      "spotify:track:6wjOG2xHdbhWNqmeUQ5YKb",
      "spotify:track:58YhwnUoIVisk45Pm3MNtW",
      "spotify:track:51hP40RgHlGMZLy6U0pWGl",
      "spotify:track:1aXL5afNmimZKbmDSiLcgn",
      "spotify:track:6R6yK3cb7PdvEHt5nyAFkn",
      "spotify:track:67KzaALOCkFAndViJpUCoR",
      "spotify:track:1vRupWnj2cSxutgYNhstIk",
      "spotify:track:4hxEkglcsNH0Y3EACo9Xif",
      "spotify:track:2pPbzZbeEcAHhGcdsRe2ml",
      "spotify:track:7rSxXKiLUGNcjAkEusfL0Y",
      "spotify:track:4C6EzNn6Dna2xAfv4HYLEl",
      "spotify:track:6px4HNXFlTU4UfBEdyV9Zr",
      "spotify:track:1QaAXfq7b3p7q8oNC1jtcT",
      "spotify:track:5FILhe8FKGnRf9L8TdJpXE",
      "spotify:track:4uusk10cu7PHrnEjcZvDZc",
      "spotify:track:2vaMNTiN3Htf8F2F8jpwkw",
      "spotify:track:3ap10SkpEoszAO8YVlpIua",
      "spotify:track:51R110wh314LmMWNkpoui8",
      "spotify:track:1ZRMlX5jz5wvNpcXnBkxTk",
      "spotify:track:4TZBtogcUOp6QPoOV50cSK",
      "spotify:track:1aKXE0YF9hSqQKx1fio61e",
      "spotify:track:5scHP4QtDfzQTB378LotWq",
      "spotify:track:1qWBWMCMNd7wIXaknViBvc",
      "spotify:track:1g5yqRIhKSEDsUvoL2Y9mt",
      "spotify:track:2foCA0KTsgifJ9yMJT5u0r",
      "spotify:track:6DtPCH3Bnv88ef0lLJqZsB",
      "spotify:track:5tEAdCdddzEVVNwrn8zNuj",
      "spotify:track:7cLdwmu0UPjtmIErKHy0uD",
      "spotify:track:6hfBQnaHbf10SwjGHAxl9Q",
      "spotify:track:5HDoyqUsXTyyARKiGJqTC7",
      "spotify:track:24S0NJoGpfA4Y0gRcxbPgX"
    ],
    "message_country": "IN",
    "message_dow_descriptors": [
      "peaceful",
      "soothing",
      "soulful",
      "indie",
      "soft",
      "slow",
      "humming",
      "indian indie",
      "solitude",
      "hindi indie"
    ],
    "message_overall_descriptors": [
      "soothing",
      "indian indie",
      "hindi indie",
      "peaceful",
      "indie",
      "soft",
      "soulful",
      "soft indie",
      "slow",
      "indie pop"
    ],
    "message_playlist_description": "You listened to <a href=\"spotify:playlist:37i9dQZF1EIhgpT7qExmcp\">bhajan</a> and <a href=\"spotify:playlist:37i9dQZF1EIfHP8w1TxuOq\">spiritual</a> on Tuesday afternoons. Here's some: <a href=\"spotify:playlist:37i9dQZF1EIghrQtVJtXWZ\">kirtan</a>, <a href=\"spotify:playlist:37i9dQZF1EId8ttwiZDGvd\">religious music</a>, <a href=\"spotify:playlist:37i9dQZF1EIhgpT7qExmcp\">bhajan</a>, <a href=\"spotify:playlist:37i9dQZF1EIdviGX1GoHom\">chant</a>, <a href=\"spotify:playlist:37i9dQZF1EIfHP8w1TxuOq\">spiritual</a>, and <a href=\"spotify:playlist:37i9dQZF1EIf9Rz0sLbT5P\">hymn</a>",
    "message_playlist_title": "kirtan religious music tuesday afternoon",
    "message_realtime_descriptors": [
      "new romantic",
      "sad",
      "moody",
      "emotional",
      "love song",
      "harsh",
      "bollywood",
      "romanticism",
      "horror movie",
      "breakup"
    ],
    "message_recommendation_descriptors": [
      "kirtan",
      "religious music",
      "bhajan",
      "bhakti",
      "chant",
      "spiritual",
      "hymn",
      "shri",
      "socially conscious",
      "mantra",
      "hare krishna",
      "flute",
      "alarm",
      "ganesh chaturthi",
      "meditation",
      "navaratri",
      "dhun",
      "transcendental",
      "resonance",
      "ritual",
      "enlightened",
      "powerful",
      "cosmic",
      "harmony",
      "positive",
      "puja",
      "energetic",
      "anti-depression",
      "cleansing",
      "remix"
    ],
    "message_tod_descriptors": [
      "peaceful",
      "soothing",
      "soulful",
      "indie",
      "soft",
      "indian indie",
      "humming",
      "slow",
      "hindi indie",
      "solitude"
    ],
    "message_tod_dow_descriptors": [
      "bhajan",
      "bhakti",
      "spiritual",
      "religious music",
      "hymn",
      "chant",
      "meditation",
      "flute",
      "mantra",
      "ritual"
    ],
    "message_tracks": [
      "spotify:track:1D5FnfJlBCLPdp9KvVn4Ai",
      "spotify:track:2xZY3J3wjk2aGvp5vFG3fx",
      "spotify:track:2W7N45YUp3SaseXtYtR8kb",
      "spotify:track:38UI1EBxdwPG00jbn4hZ07",
      "spotify:track:2KG5xUcSThcLIrSP8XzTTb",
      "spotify:track:30liHOV26GgDwYnvVzmUL4",
      "spotify:track:4kpW7HCisVRnSQwh6Hc9QO",
      "spotify:track:3aRA4Tkk69paaHTJdH2dgY",
      "spotify:track:4kJeiKYX1ZPb1nDY6CP5fF",
      "spotify:track:1YSgeL3BMYsu3USQViW56t",
      "spotify:track:1Ih4nu6yvOHGGHFjfJI1AP",
      "spotify:track:4WTM14ihNEzzb3EgRE3K93",
      "spotify:track:2PcUQUCh9hUMQI0hu6sz0K",
      "spotify:track:2I8POKVsvLrDi23ZpNG7R0",
      "spotify:track:6BufHx5yFQf2KRedlCIGOV",
      "spotify:track:5yksRgkNOT7BP5LPsVkBnZ",
      "spotify:track:4lPK8YTayDrV8fnyhw8Hi8",
      "spotify:track:1WZMevIRZBOp6Jbz7GRyTD",
      "spotify:track:3aL7LhCmKeKexSGPKsIUNI",
      "spotify:track:4dKN9ZZG2IKVXpmUFJuqCl",
      "spotify:track:2FtP1MQAwGMA4scHWWmK4o",
      "spotify:track:5a6YL6Fh2gcZp2wIg9t4Rv",
      "spotify:track:2mwIe3kkXFWH4x1qb1rLm5",
      "spotify:track:5rAUYqfQOt6hWCBtERpoJd",
      "spotify:track:6eGsicypI0YoIxl54C25kR",
      "spotify:track:4vRFQTTSPd4bAGl2OlfjdH",
      "spotify:track:0fcZ3nL9h1PV4mZKngBYxf",
      "spotify:track:18n4OsNX37mGGZ2OJcDiTf",
      "spotify:track:0rsqjX57ewEK6eY6yGmiv9",
      "spotify:track:1RogOm5JEYhWZnw5eei94r",
      "spotify:track:0zD8BDDMcQmcArTRpjYfLQ",
      "spotify:track:016JWtE9upssCi56y93w5E",
      "spotify:track:1OorUHLuiEJUiDLF0IkWys",
      "spotify:track:0lHOhMeOD0MjB35uYVtvSS",
      "spotify:track:3WLynqJaY712tUc5163Neh",
      "spotify:track:7mpnIjYKrB6Yapa99q4klP",
      "spotify:track:0EQujcVk4EoE2RmUKFLyGv",
      "spotify:track:7ldpm94q9iSZqFzSr5FIA4",
      "spotify:track:1E1R0jBiduv6PGnfPmR4OI",
      "spotify:track:39FNMlkUtkvKq6UxtORI4K",
      "spotify:track:54FLODtanSW2uKOBSvvuXS",
      "spotify:track:7m0jYDc3YpVXcEgKAquhOy",
      "spotify:track:61H3cb27aJ07fr5bfFUEHm",
      "spotify:track:0FD7QOwiza66GbI8giFov3",
      "spotify:track:2UGFNfi9GgoKWjOjASJChb",
      "spotify:track:6ijkWzjzUhYSdeJV49qOpc",
      "spotify:track:4L2TBIlpVbMIjOU6Ri3lBD",
      "spotify:track:4zlSy3qwlqNfWOUiWSOWCc",
      "spotify:track:7HnA75M3apr0nqOyTkSG2L",
      "spotify:track:5Sk9ZB8EAIu3EX8DfdGHzJ"
    ]
  }
]