[
  {
    "timestamp_utc": "2024-04-28T18:54:10.095Z",
    "context_time": 1714330450095,
    "message_app_store": null,
    "message_application_version": "872001261",
    "message_client_id": "9a8d2f0ce77a4e248bb71fefcb557637",
    "message_country": "IN",
    "message_duration": 1,
    "message_platform": "ANDROID_ARM",
    "message_request_environment": "premium-destination-hubs",
    "message_request_uri_path": "/v1/badge",
    "message_status": 200
  },
  {
    "timestamp_utc": "2024-04-23T07:16:39.254Z",
    "context_time": 1713856599254,
    "message_app_store": null,
    "message_application_version": "872001261",
    "message_client_id": "9a8d2f0ce77a4e248bb71fefcb557637",
    "message_country": "IN",
    "message_duration": 1,
    "message_platform": "ANDROID_ARM",
    "message_request_environment": "premium-destination-hubs",
    "message_request_uri_path": "/v1/badge",
    "message_status": 200
  },
  {
    "timestamp_utc": "2024-04-17T19:03:39.385Z",
    "context_time": 1713380619385,
    "message_app_store": null,
    "message_application_version": "872001261",
    "message_client_id": "9a8d2f0ce77a4e248bb71fefcb557637",
    "message_country": "IN",
    "message_duration": 1,
    "message_platform": "ANDROID_ARM",
    "message_request_environment": "premium-destination-hubs",
    "message_request_uri_path": "/v1/badge",
    "message_status": 200
  },
  {
    "timestamp_utc": "2024-05-19T18:26:31.118Z",
    "context_time": 1716143191118,
    "message_app_store": null,
    "message_application_version": "872001261",
    "message_client_id": "9a8d2f0ce77a4e248bb71fefcb557637",
    "message_country": "IN",
    "message_duration": 0,
    "message_platform": "ANDROID_ARM",
    "message_request_environment": "premium-destination-hubs",
    "message_request_uri_path": "/v1/badge",
    "message_status": 200
  },
  {
    "timestamp_utc": "2024-05-01T13:35:18.425Z",
    "context_time": 1714570518425,
    "message_app_store": null,
    "message_application_version": "872001261",
    "message_client_id": "9a8d2f0ce77a4e248bb71fefcb557637",
    "message_country": "IN",
    "message_duration": 1,
    "message_platform": "ANDROID_ARM",
    "message_request_environment": "premium-destination-hubs",
    "message_request_uri_path": "/v1/badge",
    "message_status": 200
  },
  {
    "timestamp_utc": "2024-05-06T16:03:21.134Z",
    "context_time": 1715011401134,
    "message_app_store": null,
    "message_application_version": "872001261",
    "message_client_id": "9a8d2f0ce77a4e248bb71fefcb557637",
    "message_country": "IN",
    "message_duration": 1,
    "message_platform": "ANDROID_ARM",
    "message_request_environment": "premium-destination-hubs",
    "message_request_uri_path": "/v1/badge",
    "message_status": 200
  },
  {
    "timestamp_utc": "2024-05-18T06:28:09.972Z",
    "context_time": 1716013689972,
    "message_app_store": null,
    "message_application_version": "872001261",
    "message_client_id": "9a8d2f0ce77a4e248bb71fefcb557637",
    "message_country": "IN",
    "message_duration": 1,
    "message_platform": "ANDROID_ARM",
    "message_request_environment": "premium-destination-hubs",
    "message_request_uri_path": "/v1/badge",
    "message_status": 200
  },
  {
    "timestamp_utc": "2024-05-22T22:09:58.909Z",
    "context_time": 1716415798909,
    "message_app_store": null,
    "message_application_version": "872001261",
    "message_client_id": "9a8d2f0ce77a4e248bb71fefcb557637",
    "message_country": "IN",
    "message_duration": 1,
    "message_platform": "ANDROID_ARM",
    "message_request_environment": "premium-destination-hubs",
    "message_request_uri_path": "/v1/badge",
    "message_status": 200
  },
  {
    "timestamp_utc": "2024-04-25T10:17:06.938Z",
    "context_time": 1714040226938,
    "message_app_store": null,
    "message_application_version": "872001261",
    "message_client_id": "9a8d2f0ce77a4e248bb71fefcb557637",
    "message_country": "IN",
    "message_duration": 1,
    "message_platform": "ANDROID_ARM",
    "message_request_environment": "premium-destination-hubs",
    "message_request_uri_path": "/v1/badge",
    "message_status": 200
  },
  {
    "timestamp_utc": "2024-04-21T18:29:46.031Z",
    "context_time": 1713724186031,
    "message_app_store": null,
    "message_application_version": "872001261",
    "message_client_id": "9a8d2f0ce77a4e248bb71fefcb557637",
    "message_country": "IN",
    "message_duration": 1,
    "message_platform": "ANDROID_ARM",
    "message_request_environment": "premium-destination-hubs",
    "message_request_uri_path": "/v1/badge",
    "message_status": 200
  },
  {
    "timestamp_utc": "2024-05-14T09:30:23.740Z",
    "context_time": 1715679023740,
    "message_app_store": null,
    "message_application_version": "872001261",
    "message_client_id": "9a8d2f0ce77a4e248bb71fefcb557637",
    "message_country": "IN",
    "message_duration": 1,
    "message_platform": "ANDROID_ARM",
    "message_request_environment": "premium-destination-hubs",
    "message_request_uri_path": "/v1/badge",
    "message_status": 200
  },
  {
    "timestamp_utc": "2024-05-02T18:33:00.186Z",
    "context_time": 1714674780186,
    "message_app_store": null,
    "message_application_version": "872001261",
    "message_client_id": "9a8d2f0ce77a4e248bb71fefcb557637",
    "message_country": "IN",
    "message_duration": 1,
    "message_platform": "ANDROID_ARM",
    "message_request_environment": "premium-destination-hubs",
    "message_request_uri_path": "/v1/badge",
    "message_status": 200
  },
  {
    "timestamp_utc": "2024-05-04T06:38:04.655Z",
    "context_time": 1714804684655,
    "message_app_store": null,
    "message_application_version": "872001261",
    "message_client_id": "9a8d2f0ce77a4e248bb71fefcb557637",
    "message_country": "IN",
    "message_duration": 1,
    "message_platform": "ANDROID_ARM",
    "message_request_environment": "premium-destination-hubs",
    "message_request_uri_path": "/v1/badge",
    "message_status": 200
  }
]