[
  {
    "timestamp_utc": "2024-05-19T09:18:57.751Z",
    "context_application_version": "8.7.20.1261",
    "context_conn_country": "IN",
    "context_device_manufacturer": "LENOVO",
    "context_device_model": "Lenovo TB-8504X",
    "context_device_type": "tablet",
    "context_os_name": "android",
    "context_os_version": "8.1.0",
    "context_receiver_service_timestamp": 1716131407281,
    "context_time": 1716110337751,
    "message_error_description": "Fetching FCM token failed with error SERVICE_NOT_AVAILABLE",
    "message_timestamp_ms": 1716110337745
  }
]