[
  {
    "timestamp_utc": "2024-06-01T18:03:42.586Z",
    "context_application_version": "8.7.20.1261",
    "context_conn_country": "IN",
    "context_device_manufacturer": "realme",
    "context_device_model": "RMX3392",
    "context_device_type": "mobile",
    "context_os_name": "android",
    "context_os_version": "14",
    "context_receiver_service_timestamp": 1717265885794,
    "context_time": 1717265022586,
    "message_timestamp_ms": 1717265022584
  },
  {
    "timestamp_utc": "2024-04-19T15:43:40.828Z",
    "context_application_version": "8.7.20.1261",
    "context_conn_country": "IN",
    "context_device_manufacturer": "LENOVO",
    "context_device_model": "Lenovo TB-8504X",
    "context_device_type": "tablet",
    "context_os_name": "android",
    "context_os_version": "8.1.0",
    "context_receiver_service_timestamp": 1713541445836,
    "context_time": 1713541420828,
    "message_timestamp_ms": 1713541420809
  },
  {
    "timestamp_utc": "2024-04-11T10:36:15.115Z",
    "context_application_version": "8.7.20.1261",
    "context_conn_country": "IN",
    "context_device_manufacturer": "realme",
    "context_device_model": "RMX3392",
    "context_device_type": "mobile",
    "context_os_name": "android",
    "context_os_version": "13",
    "context_receiver_service_timestamp": 1712831816122,
    "context_time": 1712831775115,
    "message_timestamp_ms": 1712831775114
  },
  {
    "timestamp_utc": "2024-03-12T15:32:45.672Z",
    "context_application_version": "8.7.20.1261",
    "context_conn_country": "IN",
    "context_device_manufacturer": "LENOVO",
    "context_device_model": "Lenovo TB-8504X",
    "context_device_type": "tablet",
    "context_os_name": "android",
    "context_os_version": "8.1.0",
    "context_receiver_service_timestamp": 1710257890795,
    "context_time": 1710257565672,
    "message_timestamp_ms": 1710257565666
  },
  {
    "timestamp_utc": "2024-05-06T17:33:36.652Z",
    "context_application_version": "8.7.20.1261",
    "context_conn_country": "IN",
    "context_device_manufacturer": "LENOVO",
    "context_device_model": "Lenovo TB-8504X",
    "context_device_type": "tablet",
    "context_os_name": "android",
    "context_os_version": "8.1.0",
    "context_receiver_service_timestamp": 1715016843584,
    "context_time": 1715016816652,
    "message_timestamp_ms": 1715016816642
  },
  {
    "timestamp_utc": "2024-03-16T17:24:24.926Z",
    "context_application_version": "8.7.20.1261",
    "context_conn_country": "IN",
    "context_device_manufacturer": "realme",
    "context_device_model": "RMX3392",
    "context_device_type": "mobile",
    "context_os_name": "android",
    "context_os_version": "13",
    "context_receiver_service_timestamp": 1710609890099,
    "context_time": 1710609864926,
    "message_timestamp_ms": 1710609864923
  },
  {
    "timestamp_utc": "2024-05-18T06:28:08.726Z",
    "context_application_version": "8.7.20.1261",
    "context_conn_country": "IN",
    "context_device_manufacturer": "realme",
    "context_device_model": "RMX3392",
    "context_device_type": "mobile",
    "context_os_name": "android",
    "context_os_version": "14",
    "context_receiver_service_timestamp": 1716013722385,
    "context_time": 1716013688726,
    "message_timestamp_ms": 1716013688722
  },
  {
    "timestamp_utc": "2024-05-02T18:32:47.223Z",
    "context_application_version": "8.7.20.1261",
    "context_conn_country": "IN",
    "context_device_manufacturer": "realme",
    "context_device_model": "RMX3392",
    "context_device_type": "mobile",
    "context_os_name": "android",
    "context_os_version": "14",
    "context_receiver_service_timestamp": 1714674837548,
    "context_time": 1714674767223,
    "message_timestamp_ms": 1714674767218
  },
  {
    "timestamp_utc": "2024-03-09T16:41:06.817Z",
    "context_application_version": "8.7.20.1261",
    "context_conn_country": "IN",
    "context_device_manufacturer": "realme",
    "context_device_model": "RMX3392",
    "context_device_type": null,
    "context_os_name": "android",
    "context_os_version": "13",
    "context_receiver_service_timestamp": 1710002497262,
    "context_time": 1710002466817,
    "message_timestamp_ms": 1710002466814
  },
  {
    "timestamp_utc": "2024-05-10T13:30:39.496Z",
    "context_application_version": "8.7.20.1261",
    "context_conn_country": "IN",
    "context_device_manufacturer": "realme",
    "context_device_model": "RMX3392",
    "context_device_type": "mobile",
    "context_os_name": "android",
    "context_os_version": "14",
    "context_receiver_service_timestamp": 1715347864354,
    "context_time": 1715347839496,
    "message_timestamp_ms": 1715347839488
  },
  {
    "timestamp_utc": "2024-04-25T11:39:32.228Z",
    "context_application_version": "8.7.20.1261",
    "context_conn_country": "IN",
    "context_device_manufacturer": "realme",
    "context_device_model": "RMX3392",
    "context_device_type": "mobile",
    "context_os_name": "android",
    "context_os_version": "13",
    "context_receiver_service_timestamp": 1714045230831,
    "context_time": 1714045172228,
    "message_timestamp_ms": 1714045172227
  },
  {
    "timestamp_utc": "2024-04-04T03:10:05.974Z",
    "context_application_version": "8.7.20.1261",
    "context_conn_country": "IN",
    "context_device_manufacturer": "realme",
    "context_device_model": "RMX3392",
    "context_device_type": "mobile",
    "context_os_name": "android",
    "context_os_version": "13",
    "context_receiver_service_timestamp": 1712200236946,
    "context_time": 1712200205974,
    "message_timestamp_ms": 1712200205973
  },
  {
    "timestamp_utc": "2024-03-20T18:07:00.627Z",
    "context_application_version": "8.7.20.1261",
    "context_conn_country": "IN",
    "context_device_manufacturer": "LENOVO",
    "context_device_model": "Lenovo TB-8504X",
    "context_device_type": "tablet",
    "context_os_name": "android",
    "context_os_version": "8.1.0",
    "context_receiver_service_timestamp": 1710958044417,
    "context_time": 1710958020627,
    "message_timestamp_ms": 1710958020588
  },
  {
    "timestamp_utc": "2024-05-13T19:24:58.910Z",
    "context_application_version": "8.7.20.1261",
    "context_conn_country": "IN",
    "context_device_manufacturer": "LENOVO",
    "context_device_model": "Lenovo TB-8504X",
    "context_device_type": "tablet",
    "context_os_name": "android",
    "context_os_version": "8.1.0",
    "context_receiver_service_timestamp": 1715628311385,
    "context_time": 1715628298910,
    "message_timestamp_ms": 1715628298788
  },
  {
    "timestamp_utc": "2024-05-23T21:45:23.241Z",
    "context_application_version": "8.7.20.1261",
    "context_conn_country": "IN",
    "context_device_manufacturer": "LENOVO",
    "context_device_model": "Lenovo TB-8504X",
    "context_device_type": "tablet",
    "context_os_name": "android",
    "context_os_version": "8.1.0",
    "context_receiver_service_timestamp": 1716500749046,
    "context_time": 1716500723241,
    "message_timestamp_ms": 1716500723212
  },
  {
    "timestamp_utc": "2024-03-28T14:14:40.416Z",
    "context_application_version": "8.7.20.1261",
    "context_conn_country": "IN",
    "context_device_manufacturer": "LENOVO",
    "context_device_model": "Lenovo TB-8504X",
    "context_device_type": "tablet",
    "context_os_name": "android",
    "context_os_version": "8.1.0",
    "context_receiver_service_timestamp": 1711635301639,
    "context_time": 1711635280416,
    "message_timestamp_ms": 1711635280380
  },
  {
    "timestamp_utc": "2024-03-27T19:31:30.572Z",
    "context_application_version": "8.7.20.1261",
    "context_conn_country": "IN",
    "context_device_manufacturer": "realme",
    "context_device_model": "RMX3392",
    "context_device_type": "mobile",
    "context_os_name": "android",
    "context_os_version": "13",
    "context_receiver_service_timestamp": 1711567931719,
    "context_time": 1711567890572,
    "message_timestamp_ms": 1711567890567
  },
  {
    "timestamp_utc": "2024-04-07T22:01:23.197Z",
    "context_application_version": "8.7.20.1261",
    "context_conn_country": "IN",
    "context_device_manufacturer": "LENOVO",
    "context_device_model": "Lenovo TB-8504X",
    "context_device_type": "tablet",
    "context_os_name": "android",
    "context_os_version": "8.1.0",
    "context_receiver_service_timestamp": 1712527309860,
    "context_time": 1712527283197,
    "message_timestamp_ms": 1712527283188
  },
  {
    "timestamp_utc": "2024-06-01T17:37:56.895Z",
    "context_application_version": "8.7.20.1261",
    "context_conn_country": "IN",
    "context_device_manufacturer": "LENOVO",
    "context_device_model": "Lenovo TB-8504X",
    "context_device_type": "tablet",
    "context_os_name": "android",
    "context_os_version": "8.1.0",
    "context_receiver_service_timestamp": 1717263774644,
    "context_time": 1717263476895,
    "message_timestamp_ms": 1717263476883
  },
  {
    "timestamp_utc": "2024-04-18T11:10:14.207Z",
    "context_application_version": "8.7.20.1261",
    "context_conn_country": "IN",
    "context_device_manufacturer": "realme",
    "context_device_model": "RMX3392",
    "context_device_type": "mobile",
    "context_os_name": "android",
    "context_os_version": "13",
    "context_receiver_service_timestamp": 1713438643911,
    "context_time": 1713438614207,
    "message_timestamp_ms": 1713438614204
  },
  {
    "timestamp_utc": "2024-04-28T15:09:33.180Z",
    "context_application_version": "8.7.20.1261",
    "context_conn_country": "IN",
    "context_device_manufacturer": "LENOVO",
    "context_device_model": "Lenovo TB-8504X",
    "context_device_type": "tablet",
    "context_os_name": "android",
    "context_os_version": "8.1.0",
    "context_receiver_service_timestamp": 1714316992426,
    "context_time": 1714316973180,
    "message_timestamp_ms": 1714316973111
  },
  {
    "timestamp_utc": "2024-05-25T10:40:09.635Z",
    "context_application_version": "8.7.20.1261",
    "context_conn_country": "IN",
    "context_device_manufacturer": "realme",
    "context_device_model": "RMX3392",
    "context_device_type": "mobile",
    "context_os_name": "android",
    "context_os_version": "14",
    "context_receiver_service_timestamp": 1716634198682,
    "context_time": 1716633609635,
    "message_timestamp_ms": 1716633609624
  },
  {
    "timestamp_utc": "2024-03-20T19:31:00.163Z",
    "context_application_version": "8.7.20.1261",
    "context_conn_country": "IN",
    "context_device_manufacturer": "realme",
    "context_device_model": "RMX3392",
    "context_device_type": "mobile",
    "context_os_name": "android",
    "context_os_version": "13",
    "context_receiver_service_timestamp": 1710963086488,
    "context_time": 1710963060163,
    "message_timestamp_ms": 1710963060161
  }
]