[
  {
    "timestamp_utc": "2024-04-25T11:39:33.149Z",
    "context_time": 1714045173149,
    "message_app": "music",
    "message_app_device_id": "b3890055-83a9-32df-b29e-c2bc2b00a44d",
    "message_app_id": "com.spotify.music",
    "message_app_version": "872001261",
    "message_environment": "prod",
    "message_event_id": "53d55fa6-4237-42aa-bc64-0dd140707589",
    "message_os_version": "13",
    "message_platform": "android",
    "message_status": 200,
    "message_timestamp": "2024-04-25T11:39:33.149556130Z"
  },
  {
    "timestamp_utc": "2024-03-28T14:14:40.359Z",
    "context_time": 1711635280359,
    "message_app": "music",
    "message_app_device_id": "6de42fef-1f0a-305a-b554-2b361d0007ab",
    "message_app_id": "com.spotify.music",
    "message_app_version": "872001261",
    "message_environment": "prod",
    "message_event_id": "202e69a9-5fc1-492f-88f6-0973459a4d6d",
    "message_os_version": "8.1.0",
    "message_platform": "android",
    "message_status": 200,
    "message_timestamp": "2024-03-28T14:14:40.359031126Z"
  },
  {
    "timestamp_utc": "2024-05-23T21:45:23.159Z",
    "context_time": 1716500723159,
    "message_app": "music",
    "message_app_device_id": "6de42fef-1f0a-305a-b554-2b361d0007ab",
    "message_app_id": "com.spotify.music",
    "message_app_version": "872001261",
    "message_environment": "prod",
    "message_event_id": "5d2f556f-8123-410b-942b-06065ba076ba",
    "message_os_version": "8.1.0",
    "message_platform": "android",
    "message_status": 200,
    "message_timestamp": "2024-05-23T21:45:23.159004401Z"
  },
  {
    "timestamp_utc": "2024-06-01T17:37:56.850Z",
    "context_time": 1717263476850,
    "message_app": "music",
    "message_app_device_id": "6de42fef-1f0a-305a-b554-2b361d0007ab",
    "message_app_id": "com.spotify.music",
    "message_app_version": "872001261",
    "message_environment": "prod",
    "message_event_id": "d0c8ad27-86fa-4150-a7b0-fac6154c4136",
    "message_os_version": "8.1.0",
    "message_platform": "android",
    "message_status": 200,
    "message_timestamp": "2024-06-01T17:37:56.850249371Z"
  },
  {
    "timestamp_utc": "2024-03-20T18:07:00.525Z",
    "context_time": 1710958020525,
    "message_app": "music",
    "message_app_device_id": "6de42fef-1f0a-305a-b554-2b361d0007ab",
    "message_app_id": "com.spotify.music",
    "message_app_version": "872001261",
    "message_environment": "prod",
    "message_event_id": "472934d1-5d67-4376-8597-b4eb5099529e",
    "message_os_version": "8.1.0",
    "message_platform": "android",
    "message_status": 200,
    "message_timestamp": "2024-03-20T18:07:00.525363240Z"
  },
  {
    "timestamp_utc": "2024-04-07T22:01:23.188Z",
    "context_time": 1712527283188,
    "message_app": "music",
    "message_app_device_id": "6de42fef-1f0a-305a-b554-2b361d0007ab",
    "message_app_id": "com.spotify.music",
    "message_app_version": "872001261",
    "message_environment": "prod",
    "message_event_id": "8f8ebb5b-1fd1-456c-9511-d88ea879a2f8",
    "message_os_version": "8.1.0",
    "message_platform": "android",
    "message_status": 200,
    "message_timestamp": "2024-04-07T22:01:23.188681594Z"
  },
  {
    "timestamp_utc": "2024-03-09T16:41:07.698Z",
    "context_time": 1710002467698,
    "message_app": "music",
    "message_app_device_id": "8d9930af-95a1-3e3e-81ce-a6cb56ef2ff8",
    "message_app_id": "com.spotify.music",
    "message_app_version": "872001261",
    "message_environment": "prod",
    "message_event_id": "9e35aea1-82cf-44e1-b227-ad0e3017b1db",
    "message_os_version": "13",
    "message_platform": "android",
    "message_status": 200,
    "message_timestamp": "2024-03-09T16:41:07.698179152Z"
  },
  {
    "timestamp_utc": "2024-06-01T18:03:43.212Z",
    "context_time": 1717265023212,
    "message_app": "music",
    "message_app_device_id": "b3890055-83a9-32df-b29e-c2bc2b00a44d",
    "message_app_id": "com.spotify.music",
    "message_app_version": "872001261",
    "message_environment": "prod",
    "message_event_id": "4d7dc60d-5ff7-4618-a1a8-866ca4df5775",
    "message_os_version": "14",
    "message_platform": "android",
    "message_status": 200,
    "message_timestamp": "2024-06-01T18:03:43.212906513Z"
  },
  {
    "timestamp_utc": "2024-04-28T15:09:33.152Z",
    "context_time": 1714316973152,
    "message_app": "music",
    "message_app_device_id": "6de42fef-1f0a-305a-b554-2b361d0007ab",
    "message_app_id": "com.spotify.music",
    "message_app_version": "872001261",
    "message_environment": "prod",
    "message_event_id": "b6457625-2475-43ed-bf10-80c547874d05",
    "message_os_version": "8.1.0",
    "message_platform": "android",
    "message_status": 200,
    "message_timestamp": "2024-04-28T15:09:33.152588145Z"
  },
  {
    "timestamp_utc": "2024-03-16T17:24:26.211Z",
    "context_time": 1710609866211,
    "message_app": "music",
    "message_app_device_id": "8d9930af-95a1-3e3e-81ce-a6cb56ef2ff8",
    "message_app_id": "com.spotify.music",
    "message_app_version": "872001261",
    "message_environment": "prod",
    "message_event_id": "29da8dd5-0946-4775-9fa1-86a110e02fee",
    "message_os_version": "13",
    "message_platform": "android",
    "message_status": 200,
    "message_timestamp": "2024-03-16T17:24:26.211268989Z"
  },
  {
    "timestamp_utc": "2024-03-20T19:31:01.401Z",
    "context_time": 1710963061401,
    "message_app": "music",
    "message_app_device_id": "b3890055-83a9-32df-b29e-c2bc2b00a44d",
    "message_app_id": "com.spotify.music",
    "message_app_version": "872001261",
    "message_environment": "prod",
    "message_event_id": "e3c1caf3-d9ed-4e10-a140-5084e9ec8a59",
    "message_os_version": "13",
    "message_platform": "android",
    "message_status": 200,
    "message_timestamp": "2024-03-20T19:31:01.401090743Z"
  },
  {
    "timestamp_utc": "2024-05-13T19:24:59.025Z",
    "context_time": 1715628299025,
    "message_app": "music",
    "message_app_device_id": "6de42fef-1f0a-305a-b554-2b361d0007ab",
    "message_app_id": "com.spotify.music",
    "message_app_version": "872001261",
    "message_environment": "prod",
    "message_event_id": "ac8ed82f-ec6f-4bcb-b96a-78710e6ff4d2",
    "message_os_version": "8.1.0",
    "message_platform": "android",
    "message_status": 200,
    "message_timestamp": "2024-05-13T19:24:59.025855387Z"
  },
  {
    "timestamp_utc": "2024-04-18T11:10:14.880Z",
    "context_time": 1713438614880,
    "message_app": "music",
    "message_app_device_id": "b3890055-83a9-32df-b29e-c2bc2b00a44d",
    "message_app_id": "com.spotify.music",
    "message_app_version": "872001261",
    "message_environment": "prod",
    "message_event_id": "d1608bea-de71-4523-9f1e-a1a9a222a54f",
    "message_os_version": "13",
    "message_platform": "android",
    "message_status": 200,
    "message_timestamp": "2024-04-18T11:10:14.880203735Z"
  },
  {
    "timestamp_utc": "2024-05-10T13:30:40.605Z",
    "context_time": 1715347840605,
    "message_app": "music",
    "message_app_device_id": "b3890055-83a9-32df-b29e-c2bc2b00a44d",
    "message_app_id": "com.spotify.music",
    "message_app_version": "872001261",
    "message_environment": "prod",
    "message_event_id": "ce0f7a82-102c-4272-93bd-5a5e5ab1c371",
    "message_os_version": "14",
    "message_platform": "android",
    "message_status": 200,
    "message_timestamp": "2024-05-10T13:30:40.605523194Z"
  },
  {
    "timestamp_utc": "2024-03-27T19:31:31.281Z",
    "context_time": 1711567891281,
    "message_app": "music",
    "message_app_device_id": "b3890055-83a9-32df-b29e-c2bc2b00a44d",
    "message_app_id": "com.spotify.music",
    "message_app_version": "872001261",
    "message_environment": "prod",
    "message_event_id": "896dbde0-e9ef-4fc5-95f0-c668a0c13463",
    "message_os_version": "13",
    "message_platform": "android",
    "message_status": 200,
    "message_timestamp": "2024-03-27T19:31:31.281161179Z"
  },
  {
    "timestamp_utc": "2024-04-11T10:36:15.718Z",
    "context_time": 1712831775718,
    "message_app": "music",
    "message_app_device_id": "b3890055-83a9-32df-b29e-c2bc2b00a44d",
    "message_app_id": "com.spotify.music",
    "message_app_version": "872001261",
    "message_environment": "prod",
    "message_event_id": "f9a46e30-94a4-42ae-90ca-f547ab56dc3c",
    "message_os_version": "13",
    "message_platform": "android",
    "message_status": 200,
    "message_timestamp": "2024-04-11T10:36:15.718243629Z"
  },
  {
    "timestamp_utc": "2024-03-12T15:32:45.652Z",
    "context_time": 1710257565652,
    "message_app": "music",
    "message_app_device_id": "6de42fef-1f0a-305a-b554-2b361d0007ab",
    "message_app_id": "com.spotify.music",
    "message_app_version": "872001261",
    "message_environment": "prod",
    "message_event_id": "d1e29c1b-b3e9-4392-8197-8b672f6549b8",
    "message_os_version": "8.1.0",
    "message_platform": "android",
    "message_status": 200,
    "message_timestamp": "2024-03-12T15:32:45.652246133Z"
  },
  {
    "timestamp_utc": "2024-05-06T17:33:36.440Z",
    "context_time": 1715016816440,
    "message_app": "music",
    "message_app_device_id": "6de42fef-1f0a-305a-b554-2b361d0007ab",
    "message_app_id": "com.spotify.music",
    "message_app_version": "872001261",
    "message_environment": "prod",
    "message_event_id": "30b1ad0d-ac07-4e15-af81-0748ffb2cec6",
    "message_os_version": "8.1.0",
    "message_platform": "android",
    "message_status": 200,
    "message_timestamp": "2024-05-06T17:33:36.440093857Z"
  },
  {
    "timestamp_utc": "2024-04-04T03:10:06.481Z",
    "context_time": 1712200206481,
    "message_app": "music",
    "message_app_device_id": "b3890055-83a9-32df-b29e-c2bc2b00a44d",
    "message_app_id": "com.spotify.music",
    "message_app_version": "872001261",
    "message_environment": "prod",
    "message_event_id": "19bbd168-0063-4e4c-bdc1-dbdf28d2fe6c",
    "message_os_version": "13",
    "message_platform": "android",
    "message_status": 200,
    "message_timestamp": "2024-04-04T03:10:06.481304926Z"
  },
  {
    "timestamp_utc": "2024-05-18T06:28:09.759Z",
    "context_time": 1716013689759,
    "message_app": "music",
    "message_app_device_id": "b3890055-83a9-32df-b29e-c2bc2b00a44d",
    "message_app_id": "com.spotify.music",
    "message_app_version": "872001261",
    "message_environment": "prod",
    "message_event_id": "9060e2d1-3029-4477-a046-2ab34012448f",
    "message_os_version": "14",
    "message_platform": "android",
    "message_status": 200,
    "message_timestamp": "2024-05-18T06:28:09.759280918Z"
  },
  {
    "timestamp_utc": "2024-05-02T18:32:48.359Z",
    "context_time": 1714674768359,
    "message_app": "music",
    "message_app_device_id": "b3890055-83a9-32df-b29e-c2bc2b00a44d",
    "message_app_id": "com.spotify.music",
    "message_app_version": "872001261",
    "message_environment": "prod",
    "message_event_id": "beb5aed1-44e9-4a61-998c-fd4e891182ce",
    "message_os_version": "14",
    "message_platform": "android",
    "message_status": 200,
    "message_timestamp": "2024-05-02T18:32:48.359253875Z"
  },
  {
    "timestamp_utc": "2024-05-25T10:40:10.648Z",
    "context_time": 1716633610648,
    "message_app": "music",
    "message_app_device_id": "b3890055-83a9-32df-b29e-c2bc2b00a44d",
    "message_app_id": "com.spotify.music",
    "message_app_version": "872001261",
    "message_environment": "prod",
    "message_event_id": "b1f5e93b-b36b-4324-9470-47cb49610b79",
    "message_os_version": "14",
    "message_platform": "android",
    "message_status": 200,
    "message_timestamp": "2024-05-25T10:40:10.648831520Z"
  },
  {
    "timestamp_utc": "2024-04-19T15:43:41.509Z",
    "context_time": 1713541421509,
    "message_app": "music",
    "message_app_device_id": "6de42fef-1f0a-305a-b554-2b361d0007ab",
    "message_app_id": "com.spotify.music",
    "message_app_version": "872001261",
    "message_environment": "prod",
    "message_event_id": "1a8477cc-9651-4748-afa6-6a1e0b93069a",
    "message_os_version": "8.1.0",
    "message_platform": "android",
    "message_status": 200,
    "message_timestamp": "2024-04-19T15:43:41.509357905Z"
  }
]