[
  {
    "timestamp_utc": "2024-01-27T10:10:38.936Z",
    "context_application_version": "8.7.20.1261",
    "context_conn_country": "IN",
    "context_device_manufacturer": "LENOVO",
    "context_device_model": "Lenovo TB-8504X",
    "context_device_type": null,
    "context_os_name": "android",
    "context_os_version": "8.1.0",
    "context_receiver_service_timestamp": 1706536523808,
    "context_time": 1706350238936,
    "message_app_device_id": "6de42fef-1f0a-305a-b554-2b361d0007ab",
    "message_campaign_id": "136437",
    "message_push_id": "8c476049-b714-4d0a-af1b-262913f06f50",
    "message_timestamp_ms": 1706350238875
  },
  {
    "timestamp_utc": "2024-05-20T08:17:47.468Z",
    "context_application_version": "8.7.20.1261",
    "context_conn_country": "IN",
    "context_device_manufacturer": "realme",
    "context_device_model": "RMX3392",
    "context_device_type": "mobile",
    "context_os_name": "android",
    "context_os_version": "14",
    "context_receiver_service_timestamp": 1716193180343,
    "context_time": 1716193067468,
    "message_app_device_id": "b3890055-83a9-32df-b29e-c2bc2b00a44d",
    "message_campaign_id": "83689",
    "message_push_id": "38a1673a-5591-4b6c-b597-d7337148c082",
    "message_timestamp_ms": 1716193067453
  },
  {
    "timestamp_utc": "2024-05-18T07:42:33.201Z",
    "context_application_version": "8.7.20.1261",
    "context_conn_country": "IN",
    "context_device_manufacturer": "realme",
    "context_device_model": "RMX3392",
    "context_device_type": "mobile",
    "context_os_name": "android",
    "context_os_version": "14",
    "context_receiver_service_timestamp": 1716018188501,
    "context_time": 1716018153201,
    "message_app_device_id": "b3890055-83a9-32df-b29e-c2bc2b00a44d",
    "message_campaign_id": "146330",
    "message_push_id": "d307c9a2-46f2-4a71-b167-a1cb0496d60d",
    "message_timestamp_ms": 1716018153181
  },
  {
    "timestamp_utc": "2023-12-18T03:30:53.954Z",
    "context_application_version": "8.7.20.1261",
    "context_conn_country": "IN",
    "context_device_manufacturer": "LENOVO",
    "context_device_model": "Lenovo TB-8504X",
    "context_device_type": null,
    "context_os_name": "android",
    "context_os_version": "8.1.0",
    "context_receiver_service_timestamp": 1702897694524,
    "context_time": 1702870253954,
    "message_app_device_id": "6de42fef-1f0a-305a-b554-2b361d0007ab",
    "message_campaign_id": "133912",
    "message_push_id": "aa3c6784-21e9-436a-936b-85ba88920e52",
    "message_timestamp_ms": 1702870253818
  },
  {
    "timestamp_utc": "2024-04-22T02:36:45.214Z",
    "context_application_version": "8.7.20.1261",
    "context_conn_country": "IN",
    "context_device_manufacturer": "LENOVO",
    "context_device_model": "Lenovo TB-8504X",
    "context_device_type": "tablet",
    "context_os_name": "android",
    "context_os_version": "8.1.0",
    "context_receiver_service_timestamp": 1713758903711,
    "context_time": 1713753405214,
    "message_app_device_id": "6de42fef-1f0a-305a-b554-2b361d0007ab",
    "message_campaign_id": "143810",
    "message_push_id": "e36940a0-0aca-4b70-8ef0-ae2b6b47d826",
    "message_timestamp_ms": 1713753405164
  },
  {
    "timestamp_utc": "2023-12-21T15:29:19.763Z",
    "context_application_version": "8.7.20.1261",
    "context_conn_country": "IN",
    "context_device_manufacturer": "LENOVO",
    "context_device_model": "Lenovo TB-8504X",
    "context_device_type": null,
    "context_os_name": "android",
    "context_os_version": "8.1.0",
    "context_receiver_service_timestamp": 1703187943536,
    "context_time": 1703172559763,
    "message_app_device_id": "6de42fef-1f0a-305a-b554-2b361d0007ab",
    "message_campaign_id": "135085",
    "message_push_id": "fcf6afd9-9b5f-421b-99ad-7539fe75e5a9",
    "message_timestamp_ms": 1703172559718
  },
  {
    "timestamp_utc": "2024-02-26T13:35:01.234Z",
    "context_application_version": "8.7.20.1261",
    "context_conn_country": "IN",
    "context_device_manufacturer": "LENOVO",
    "context_device_model": "Lenovo TB-8504X",
    "context_device_type": null,
    "context_os_name": "android",
    "context_os_version": "8.1.0",
    "context_receiver_service_timestamp": 1708954730403,
    "context_time": 1708954501234,
    "message_app_device_id": "6de42fef-1f0a-305a-b554-2b361d0007ab",
    "message_campaign_id": "139037",
    "message_push_id": "25cbf54b-385c-4237-8ccf-a76d1f82b804",
    "message_timestamp_ms": 1708954501180
  },
  {
    "timestamp_utc": "2024-03-26T15:31:14.975Z",
    "context_application_version": "8.7.20.1261",
    "context_conn_country": "IN",
    "context_device_manufacturer": "LENOVO",
    "context_device_model": "Lenovo TB-8504X",
    "context_device_type": "tablet",
    "context_os_name": "android",
    "context_os_version": "8.1.0",
    "context_receiver_service_timestamp": 1711482252321,
    "context_time": 1711467074975,
    "message_app_device_id": "6de42fef-1f0a-305a-b554-2b361d0007ab",
    "message_campaign_id": "127298",
    "message_push_id": "b85e32d3-ca2a-42d8-9681-3d767cb0b90f",
    "message_timestamp_ms": 1711467074600
  },
  {
    "timestamp_utc": "2024-04-24T06:29:37.701Z",
    "context_application_version": "8.7.20.1261",
    "context_conn_country": "IN",
    "context_device_manufacturer": "LENOVO",
    "context_device_model": "Lenovo TB-8504X",
    "context_device_type": "tablet",
    "context_os_name": "android",
    "context_os_version": "8.1.0",
    "context_receiver_service_timestamp": 1714316992117,
    "context_time": 1713940177701,
    "message_app_device_id": "6de42fef-1f0a-305a-b554-2b361d0007ab",
    "message_campaign_id": "143674",
    "message_push_id": "694258a6-c39f-4963-95c6-a7560fd5d538",
    "message_timestamp_ms": 1713940177658
  },
  {
    "timestamp_utc": "2024-01-13T17:52:30.297Z",
    "context_application_version": "8.7.20.1261",
    "context_conn_country": "IN",
    "context_device_manufacturer": "LENOVO",
    "context_device_model": "Lenovo TB-8504X",
    "context_device_type": null,
    "context_os_name": "android",
    "context_os_version": "8.1.0",
    "context_receiver_service_timestamp": 1705169208952,
    "context_time": 1705168350297,
    "message_app_device_id": "6de42fef-1f0a-305a-b554-2b361d0007ab",
    "message_campaign_id": "127298",
    "message_push_id": "aa2ee40f-559d-4023-83ec-51e4073c449b",
    "message_timestamp_ms": 1705168349895
  },
  {
    "timestamp_utc": "2024-05-14T17:22:36.139Z",
    "context_application_version": "8.7.20.1261",
    "context_conn_country": "IN",
    "context_device_manufacturer": "realme",
    "context_device_model": "RMX3392",
    "context_device_type": "mobile",
    "context_os_name": "android",
    "context_os_version": "14",
    "context_receiver_service_timestamp": 1715708818888,
    "context_time": 1715707356139,
    "message_app_device_id": "b3890055-83a9-32df-b29e-c2bc2b00a44d",
    "message_campaign_id": "83677",
    "message_push_id": "61d147b5-eab1-40fe-adcd-7ae4f7872cde",
    "message_timestamp_ms": 1715707356117
  },
  {
    "timestamp_utc": "2024-02-13T20:33:21.108Z",
    "context_application_version": "8.7.20.1261",
    "context_conn_country": "IN",
    "context_device_manufacturer": "LENOVO",
    "context_device_model": "Lenovo TB-8504X",
    "context_device_type": null,
    "context_os_name": "android",
    "context_os_version": "8.1.0",
    "context_receiver_service_timestamp": 1707858357564,
    "context_time": 1707856401108,
    "message_app_device_id": "6de42fef-1f0a-305a-b554-2b361d0007ab",
    "message_campaign_id": "137843",
    "message_push_id": "a4b465b7-ebd1-4cd7-81d4-e56401183d3a",
    "message_timestamp_ms": 1707856401008
  },
  {
    "timestamp_utc": "2024-05-26T05:19:47.742Z",
    "context_application_version": "8.7.20.1261",
    "context_conn_country": "IN",
    "context_device_manufacturer": "LENOVO",
    "context_device_model": "Lenovo TB-8504X",
    "context_device_type": "tablet",
    "context_os_name": "android",
    "context_os_version": "8.1.0",
    "context_receiver_service_timestamp": 1716726505923,
    "context_time": 1716700787742,
    "message_app_device_id": "6de42fef-1f0a-305a-b554-2b361d0007ab",
    "message_campaign_id": "146844",
    "message_push_id": "22e1875d-adb9-4364-97f9-6cff5943c4a6",
    "message_timestamp_ms": 1716700787717
  },
  {
    "timestamp_utc": "2024-04-12T14:53:47.833Z",
    "context_application_version": "8.7.20.1261",
    "context_conn_country": "IN",
    "context_device_manufacturer": "LENOVO",
    "context_device_model": "Lenovo TB-8504X",
    "context_device_type": "tablet",
    "context_os_name": "android",
    "context_os_version": "8.1.0",
    "context_receiver_service_timestamp": 1713541444024,
    "context_time": 1712933627833,
    "message_app_device_id": "6de42fef-1f0a-305a-b554-2b361d0007ab",
    "message_campaign_id": "143440",
    "message_push_id": "c670a21c-a82f-4b0f-b33c-9625f3ab26fd",
    "message_timestamp_ms": 1712933627672
  },
  {
    "timestamp_utc": "2024-05-27T13:30:55.422Z",
    "context_application_version": "8.7.20.1261",
    "context_conn_country": "IN",
    "context_device_manufacturer": "realme",
    "context_device_model": "RMX3392",
    "context_device_type": "mobile",
    "context_os_name": "android",
    "context_os_version": "14",
    "context_receiver_service_timestamp": 1716917773721,
    "context_time": 1716816655422,
    "message_app_device_id": "b3890055-83a9-32df-b29e-c2bc2b00a44d",
    "message_campaign_id": "146853",
    "message_push_id": "c8cafd9b-e5f4-472f-a2c5-12c087e40846",
    "message_timestamp_ms": 1716816655343
  },
  {
    "timestamp_utc": "2024-03-31T14:37:44.332Z",
    "context_application_version": "8.7.20.1261",
    "context_conn_country": "IN",
    "context_device_manufacturer": "realme",
    "context_device_model": "RMX3392",
    "context_device_type": "mobile",
    "context_os_name": "android",
    "context_os_version": "13",
    "context_receiver_service_timestamp": 1711895903346,
    "context_time": 1711895864332,
    "message_app_device_id": "b3890055-83a9-32df-b29e-c2bc2b00a44d",
    "message_campaign_id": "127298",
    "message_push_id": "98613a6b-394f-4aeb-983b-92ca318f5b9e",
    "message_timestamp_ms": 1711895864317
  },
  {
    "timestamp_utc": "2024-01-29T13:39:49.672Z",
    "context_application_version": "8.7.20.1261",
    "context_conn_country": "IN",
    "context_device_manufacturer": "LENOVO",
    "context_device_model": "Lenovo TB-8504X",
    "context_device_type": null,
    "context_os_name": "android",
    "context_os_version": "8.1.0",
    "context_receiver_service_timestamp": 1706536523808,
    "context_time": 1706535589672,
    "message_app_device_id": "6de42fef-1f0a-305a-b554-2b361d0007ab",
    "message_campaign_id": "136444",
    "message_push_id": "c7e849c2-0e25-4f38-bbce-2a6111673ae3",
    "message_timestamp_ms": 1706535589551
  },
  {
    "timestamp_utc": "2024-02-07T09:22:32.873Z",
    "context_application_version": "8.7.20.1261",
    "context_conn_country": "IN",
    "context_device_manufacturer": "realme",
    "context_device_model": "RMX3392",
    "context_device_type": null,
    "context_os_name": "android",
    "context_os_version": "13",
    "context_receiver_service_timestamp": 1707297762477,
    "context_time": 1707297752873,
    "message_app_device_id": "8d9930af-95a1-3e3e-81ce-a6cb56ef2ff8",
    "message_campaign_id": "137223",
    "message_push_id": "2495f779-abb9-4e61-b390-ee5a4906c4b5",
    "message_timestamp_ms": 1707297752864
  },
  {
    "timestamp_utc": "2024-04-24T06:29:33.141Z",
    "context_application_version": "8.7.20.1261",
    "context_conn_country": "IN",
    "context_device_manufacturer": "realme",
    "context_device_model": "RMX3392",
    "context_device_type": "mobile",
    "context_os_name": "android",
    "context_os_version": "13",
    "context_receiver_service_timestamp": 1713940201217,
    "context_time": 1713940173141,
    "message_app_device_id": "b3890055-83a9-32df-b29e-c2bc2b00a44d",
    "message_campaign_id": "143674",
    "message_push_id": "694258a6-c39f-4963-95c6-a7560fd5d538",
    "message_timestamp_ms": 1713940173139
  },
  {
    "timestamp_utc": "2024-04-06T09:17:12.407Z",
    "context_application_version": "8.7.20.1261",
    "context_conn_country": "IN",
    "context_device_manufacturer": "LENOVO",
    "context_device_model": "Lenovo TB-8504X",
    "context_device_type": "tablet",
    "context_os_name": "android",
    "context_os_version": "8.1.0",
    "context_receiver_service_timestamp": 1712527309100,
    "context_time": 1712395032407,
    "message_app_device_id": "6de42fef-1f0a-305a-b554-2b361d0007ab",
    "message_campaign_id": "142432",
    "message_push_id": "31277628-d0f7-44a2-a98e-08ace8652310",
    "message_timestamp_ms": 1712395032381
  },
  {
    "timestamp_utc": "2023-12-11T08:29:07.368Z",
    "context_application_version": "8.7.20.1261",
    "context_conn_country": "IN",
    "context_device_manufacturer": "LENOVO",
    "context_device_model": "Lenovo TB-8504X",
    "context_device_type": null,
    "context_os_name": "android",
    "context_os_version": "8.1.0",
    "context_receiver_service_timestamp": 1702315430992,
    "context_time": 1702283347368,
    "message_app_device_id": "6de42fef-1f0a-305a-b554-2b361d0007ab",
    "message_campaign_id": "133921",
    "message_push_id": "638250e2-a233-4641-9e64-802fced0754d",
    "message_timestamp_ms": 1702283346633
  },
  {
    "timestamp_utc": "2024-02-06T13:30:30.297Z",
    "context_application_version": "8.7.20.1261",
    "context_conn_country": "IN",
    "context_device_manufacturer": "LENOVO",
    "context_device_model": "Lenovo TB-8504X",
    "context_device_type": null,
    "context_os_name": "android",
    "context_os_version": "8.1.0",
    "context_receiver_service_timestamp": 1707285076714,
    "context_time": 1707226230297,
    "message_app_device_id": "6de42fef-1f0a-305a-b554-2b361d0007ab",
    "message_campaign_id": "137222",
    "message_push_id": "5e7512c5-5a6a-4364-8836-77fffe1100c3",
    "message_timestamp_ms": 1707226230170
  },
  {
    "timestamp_utc": "2024-01-06T19:56:10.649Z",
    "context_application_version": "8.7.20.1261",
    "context_conn_country": "IN",
    "context_device_manufacturer": "LENOVO",
    "context_device_model": "Lenovo TB-8504X",
    "context_device_type": null,
    "context_os_name": "android",
    "context_os_version": "8.1.0",
    "context_receiver_service_timestamp": 1704571013180,
    "context_time": 1704570970649,
    "message_app_device_id": "6de42fef-1f0a-305a-b554-2b361d0007ab",
    "message_campaign_id": "135390",
    "message_push_id": "e308410b-75b6-4283-87f2-10b5d91ef56b",
    "message_timestamp_ms": 1704570970372
  },
  {
    "timestamp_utc": "2024-02-24T10:32:15.756Z",
    "context_application_version": "8.7.20.1261",
    "context_conn_country": "IN",
    "context_device_manufacturer": "LENOVO",
    "context_device_model": "Lenovo TB-8504X",
    "context_device_type": null,
    "context_os_name": "android",
    "context_os_version": "8.1.0",
    "context_receiver_service_timestamp": 1708774420667,
    "context_time": 1708770735756,
    "message_app_device_id": "6de42fef-1f0a-305a-b554-2b361d0007ab",
    "message_campaign_id": "138983",
    "message_push_id": "5d915431-88c6-4043-84f5-3c5844febcdc",
    "message_timestamp_ms": 1708770735577
  },
  {
    "timestamp_utc": "2024-03-12T11:45:18.921Z",
    "context_application_version": "8.7.20.1261",
    "context_conn_country": "IN",
    "context_device_manufacturer": "LENOVO",
    "context_device_model": "Lenovo TB-8504X",
    "context_device_type": "tablet",
    "context_os_name": "android",
    "context_os_version": "8.1.0",
    "context_receiver_service_timestamp": 1710257889927,
    "context_time": 1710243918921,
    "message_app_device_id": "6de42fef-1f0a-305a-b554-2b361d0007ab",
    "message_campaign_id": "140430",
    "message_push_id": "b6c2974b-44d9-4b05-a915-e5d3ea1a7507",
    "message_timestamp_ms": 1710243918894
  },
  {
    "timestamp_utc": "2023-12-25T06:34:08.517Z",
    "context_application_version": "8.7.20.1261",
    "context_conn_country": "IN",
    "context_device_manufacturer": "LENOVO",
    "context_device_model": "Lenovo TB-8504X",
    "context_device_type": null,
    "context_os_name": "android",
    "context_os_version": "8.1.0",
    "context_receiver_service_timestamp": 1703856507424,
    "context_time": 1703486048517,
    "message_app_device_id": "6de42fef-1f0a-305a-b554-2b361d0007ab",
    "message_campaign_id": "133904",
    "message_push_id": "caef00a8-a689-426f-ab37-1715a52f39c2",
    "message_timestamp_ms": 1703486048472
  },
  {
    "timestamp_utc": "2024-01-04T13:09:22.222Z",
    "context_application_version": "8.7.20.1261",
    "context_conn_country": "IN",
    "context_device_manufacturer": "LENOVO",
    "context_device_model": "Lenovo TB-8504X",
    "context_device_type": null,
    "context_os_name": "android",
    "context_os_version": "8.1.0",
    "context_receiver_service_timestamp": 1704379318559,
    "context_time": 1704373762222,
    "message_app_device_id": "6de42fef-1f0a-305a-b554-2b361d0007ab",
    "message_campaign_id": "135388",
    "message_push_id": "db6d9818-8c30-4c6f-8f1b-300f7b1be4d6",
    "message_timestamp_ms": 1704373762116
  },
  {
    "timestamp_utc": "2024-06-03T17:22:56.731Z",
    "context_application_version": "8.7.20.1261",
    "context_conn_country": "IN",
    "context_device_manufacturer": "realme",
    "context_device_model": "RMX3392",
    "context_device_type": "mobile",
    "context_os_name": "android",
    "context_os_version": "14",
    "context_receiver_service_timestamp": 1717435413364,
    "context_time": 1717435376731,
    "message_app_device_id": "b3890055-83a9-32df-b29e-c2bc2b00a44d",
    "message_campaign_id": "147428",
    "message_push_id": "44b8c59c-d40f-466b-8aee-b23124d891ff",
    "message_timestamp_ms": 1717435376647
  },
  {
    "timestamp_utc": "2024-04-12T14:28:05.637Z",
    "context_application_version": "8.7.20.1261",
    "context_conn_country": "IN",
    "context_device_manufacturer": "realme",
    "context_device_model": "RMX3392",
    "context_device_type": "mobile",
    "context_os_name": "android",
    "context_os_version": "13",
    "context_receiver_service_timestamp": 1712932183755,
    "context_time": 1712932085637,
    "message_app_device_id": "b3890055-83a9-32df-b29e-c2bc2b00a44d",
    "message_campaign_id": "143440",
    "message_push_id": "c670a21c-a82f-4b0f-b33c-9625f3ab26fd",
    "message_timestamp_ms": 1712932085595
  },
  {
    "timestamp_utc": "2024-04-03T14:37:53.065Z",
    "context_application_version": "8.7.20.1261",
    "context_conn_country": "IN",
    "context_device_manufacturer": "LENOVO",
    "context_device_model": "Lenovo TB-8504X",
    "context_device_type": "tablet",
    "context_os_name": "android",
    "context_os_version": "8.1.0",
    "context_receiver_service_timestamp": 1712164259752,
    "context_time": 1712155073065,
    "message_app_device_id": "6de42fef-1f0a-305a-b554-2b361d0007ab",
    "message_campaign_id": "83649",
    "message_push_id": "34347107-e8a0-432c-b5fd-d011c0016ce1",
    "message_timestamp_ms": 1712155073014
  },
  {
    "timestamp_utc": "2024-03-03T14:13:54.617Z",
    "context_application_version": "8.7.20.1261",
    "context_conn_country": "IN",
    "context_device_manufacturer": "realme",
    "context_device_model": "RMX3392",
    "context_device_type": null,
    "context_os_name": "android",
    "context_os_version": "13",
    "context_receiver_service_timestamp": 1709475355729,
    "context_time": 1709475234617,
    "message_app_device_id": "8d9930af-95a1-3e3e-81ce-a6cb56ef2ff8",
    "message_campaign_id": "127298",
    "message_push_id": "4fe67848-227f-4d8e-b904-ead82b36f625",
    "message_timestamp_ms": 1709475234601
  },
  {
    "timestamp_utc": "2024-03-20T14:55:05.703Z",
    "context_application_version": "8.7.20.1261",
    "context_conn_country": "IN",
    "context_device_manufacturer": "realme",
    "context_device_model": "RMX3392",
    "context_device_type": "mobile",
    "context_os_name": "android",
    "context_os_version": "13",
    "context_receiver_service_timestamp": 1710946605086,
    "context_time": 1710946505703,
    "message_app_device_id": "8d9930af-95a1-3e3e-81ce-a6cb56ef2ff8",
    "message_campaign_id": "127298",
    "message_push_id": "5629bbf0-0a75-40f8-bfc4-fa303aeb8b4f",
    "message_timestamp_ms": 1710946505701
  },
  {
    "timestamp_utc": "2024-01-27T08:20:11.198Z",
    "context_application_version": "8.7.20.1261",
    "context_conn_country": "IN",
    "context_device_manufacturer": "realme",
    "context_device_model": "RMX3392",
    "context_device_type": null,
    "context_os_name": "android",
    "context_os_version": "13",
    "context_receiver_service_timestamp": 1706468921709,
    "context_time": 1706343611198,
    "message_app_device_id": "8d9930af-95a1-3e3e-81ce-a6cb56ef2ff8",
    "message_campaign_id": "136437",
    "message_push_id": "8c476049-b714-4d0a-af1b-262913f06f50",
    "message_timestamp_ms": 1706343611181
  },
  {
    "timestamp_utc": "2024-03-29T14:38:29.104Z",
    "context_application_version": "8.7.20.1261",
    "context_conn_country": "IN",
    "context_device_manufacturer": "LENOVO",
    "context_device_model": "Lenovo TB-8504X",
    "context_device_type": "tablet",
    "context_os_name": "android",
    "context_os_version": "8.1.0",
    "context_receiver_service_timestamp": 1711898427765,
    "context_time": 1711723109104,
    "message_app_device_id": "6de42fef-1f0a-305a-b554-2b361d0007ab",
    "message_campaign_id": "127298",
    "message_push_id": "0201f510-fc88-4528-baf1-6a1edaaba85a",
    "message_timestamp_ms": 1711723109017
  },
  {
    "timestamp_utc": "2024-03-31T14:23:40.720Z",
    "context_application_version": "8.7.20.1261",
    "context_conn_country": "IN",
    "context_device_manufacturer": "LENOVO",
    "context_device_model": "Lenovo TB-8504X",
    "context_device_type": "tablet",
    "context_os_name": "android",
    "context_os_version": "8.1.0",
    "context_receiver_service_timestamp": 1711898427765,
    "context_time": 1711895020720,
    "message_app_device_id": "6de42fef-1f0a-305a-b554-2b361d0007ab",
    "message_campaign_id": "127298",
    "message_push_id": "98613a6b-394f-4aeb-983b-92ca318f5b9e",
    "message_timestamp_ms": 1711895020583
  },
  {
    "timestamp_utc": "2024-04-17T04:18:20.914Z",
    "context_application_version": "8.7.20.1261",
    "context_conn_country": "IN",
    "context_device_manufacturer": "realme",
    "context_device_model": "RMX3392",
    "context_device_type": "mobile",
    "context_os_name": "android",
    "context_os_version": "13",
    "context_receiver_service_timestamp": 1713327527049,
    "context_time": 1713327500914,
    "message_app_device_id": "b3890055-83a9-32df-b29e-c2bc2b00a44d",
    "message_campaign_id": "143674",
    "message_push_id": "23ca0cf8-2a42-4145-9cab-82850908f45f",
    "message_timestamp_ms": 1713327500912
  },
  {
    "timestamp_utc": "2024-05-07T15:21:45Z",
    "context_application_version": "8.7.20.1261",
    "context_conn_country": "IN",
    "context_device_manufacturer": "realme",
    "context_device_model": "RMX3392",
    "context_device_type": "mobile",
    "context_os_name": "android",
    "context_os_version": "14",
    "context_receiver_service_timestamp": 1715095377038,
    "context_time": 1715095305000,
    "message_app_device_id": "b3890055-83a9-32df-b29e-c2bc2b00a44d",
    "message_campaign_id": "83649",
    "message_push_id": "5c651f38-87b5-47e4-9aa1-147d3860fbe5",
    "message_timestamp_ms": 1715095304972
  },
  {
    "timestamp_utc": "2024-04-08T19:16:51.026Z",
    "context_application_version": "8.7.20.1261",
    "context_conn_country": "IN",
    "context_device_manufacturer": "LENOVO",
    "context_device_model": "Lenovo TB-8504X",
    "context_device_type": "tablet",
    "context_os_name": "android",
    "context_os_version": "8.1.0",
    "context_receiver_service_timestamp": 1712604324479,
    "context_time": 1712603811026,
    "message_app_device_id": "6de42fef-1f0a-305a-b554-2b361d0007ab",
    "message_campaign_id": "83689",
    "message_push_id": "7be360b0-6d08-4c40-b1e2-d2e20f240feb",
    "message_timestamp_ms": 1712603810912
  },
  {
    "timestamp_utc": "2024-04-14T06:14:57.060Z",
    "context_application_version": "8.7.20.1261",
    "context_conn_country": "IN",
    "context_device_manufacturer": "realme",
    "context_device_model": "RMX3392",
    "context_device_type": "mobile",
    "context_os_name": "android",
    "context_os_version": "13",
    "context_receiver_service_timestamp": 1713078916316,
    "context_time": 1713075297060,
    "message_app_device_id": "b3890055-83a9-32df-b29e-c2bc2b00a44d",
    "message_campaign_id": "83677",
    "message_push_id": "1dd042d8-8a34-4735-8df1-966029d68c55",
    "message_timestamp_ms": 1713075297037
  },
  {
    "timestamp_utc": "2024-05-11T05:46:36.085Z",
    "context_application_version": "8.7.20.1261",
    "context_conn_country": "IN",
    "context_device_manufacturer": "realme",
    "context_device_model": "RMX3392",
    "context_device_type": "mobile",
    "context_os_name": "android",
    "context_os_version": "14",
    "context_receiver_service_timestamp": 1715410513815,
    "context_time": 1715406396085,
    "message_app_device_id": "b3890055-83a9-32df-b29e-c2bc2b00a44d",
    "message_campaign_id": "145574",
    "message_push_id": "9439367f-bc19-4050-8200-cb99d3b7fe52",
    "message_timestamp_ms": 1715406396066
  },
  {
    "timestamp_utc": "2024-03-04T17:42:08.661Z",
    "context_application_version": "8.7.20.1261",
    "context_conn_country": "IN",
    "context_device_manufacturer": "realme",
    "context_device_model": "RMX3392",
    "context_device_type": null,
    "context_os_name": "android",
    "context_os_version": "13",
    "context_receiver_service_timestamp": 1709574420122,
    "context_time": 1709574128661,
    "message_app_device_id": "8d9930af-95a1-3e3e-81ce-a6cb56ef2ff8",
    "message_campaign_id": "136297",
    "message_push_id": "ff9af8f7-a6df-4f5d-bda0-97d362ccf69d",
    "message_timestamp_ms": 1709574128645
  },
  {
    "timestamp_utc": "2024-05-26T14:19:45.729Z",
    "context_application_version": "8.7.20.1261",
    "context_conn_country": "IN",
    "context_device_manufacturer": "LENOVO",
    "context_device_model": "Lenovo TB-8504X",
    "context_device_type": "tablet",
    "context_os_name": "android",
    "context_os_version": "8.1.0",
    "context_receiver_service_timestamp": 1716749524869,
    "context_time": 1716733185729,
    "message_app_device_id": "6de42fef-1f0a-305a-b554-2b361d0007ab",
    "message_campaign_id": "146331",
    "message_push_id": "49094062-d6fb-4e35-a718-7d6a2318d9f7",
    "message_timestamp_ms": 1716733185700
  },
  {
    "timestamp_utc": "2023-12-18T03:16:58.146Z",
    "context_application_version": "8.7.20.1261",
    "context_conn_country": "IN",
    "context_device_manufacturer": "realme",
    "context_device_model": "RMX3392",
    "context_device_type": null,
    "context_os_name": "android",
    "context_os_version": "13",
    "context_receiver_service_timestamp": 1702870752190,
    "context_time": 1702869418146,
    "message_app_device_id": "92e36dcd-bd11-3ee0-bc17-17746aba52be",
    "message_campaign_id": "133912",
    "message_push_id": "aa3c6784-21e9-436a-936b-85ba88920e52",
    "message_timestamp_ms": 1702869418125
  },
  {
    "timestamp_utc": "2024-05-20T08:25:48.627Z",
    "context_application_version": "8.7.20.1261",
    "context_conn_country": "IN",
    "context_device_manufacturer": "LENOVO",
    "context_device_model": "Lenovo TB-8504X",
    "context_device_type": "tablet",
    "context_os_name": "android",
    "context_os_version": "8.1.0",
    "context_receiver_service_timestamp": 1716500748374,
    "context_time": 1716193548627,
    "message_app_device_id": "6de42fef-1f0a-305a-b554-2b361d0007ab",
    "message_campaign_id": "83689",
    "message_push_id": "38a1673a-5591-4b6c-b597-d7337148c082",
    "message_timestamp_ms": 1716193548512
  },
  {
    "timestamp_utc": "2024-04-17T04:29:56.062Z",
    "context_application_version": "8.7.20.1261",
    "context_conn_country": "IN",
    "context_device_manufacturer": "LENOVO",
    "context_device_model": "Lenovo TB-8504X",
    "context_device_type": "tablet",
    "context_os_name": "android",
    "context_os_version": "8.1.0",
    "context_receiver_service_timestamp": 1713541444024,
    "context_time": 1713328196062,
    "message_app_device_id": "6de42fef-1f0a-305a-b554-2b361d0007ab",
    "message_campaign_id": "143674",
    "message_push_id": "23ca0cf8-2a42-4145-9cab-82850908f45f",
    "message_timestamp_ms": 1713328195574
  },
  {
    "timestamp_utc": "2023-12-14T14:08:16.360Z",
    "context_application_version": "8.7.20.1261",
    "context_conn_country": "IN",
    "context_device_manufacturer": "LENOVO",
    "context_device_model": "Lenovo TB-8504X",
    "context_device_type": null,
    "context_os_name": "android",
    "context_os_version": "8.1.0",
    "context_receiver_service_timestamp": 1702569501230,
    "context_time": 1702562896360,
    "message_app_device_id": "6de42fef-1f0a-305a-b554-2b361d0007ab",
    "message_campaign_id": "134584",
    "message_push_id": "bf129e50-0156-4ffd-a921-742bb2a55a12",
    "message_timestamp_ms": 1702562896304
  },
  {
    "timestamp_utc": "2024-04-23T16:19:43.880Z",
    "context_application_version": "8.7.20.1261",
    "context_conn_country": "IN",
    "context_device_manufacturer": "realme",
    "context_device_model": "RMX3392",
    "context_device_type": "mobile",
    "context_os_name": "android",
    "context_os_version": "13",
    "context_receiver_service_timestamp": 1713889213346,
    "context_time": 1713889183880,
    "message_app_device_id": "b3890055-83a9-32df-b29e-c2bc2b00a44d",
    "message_campaign_id": "143671",
    "message_push_id": "12925bc9-56c2-4195-8c28-2bfebfc216cb",
    "message_timestamp_ms": 1713889183875
  },
  {
    "timestamp_utc": "2023-12-29T12:35:59.241Z",
    "context_application_version": "8.7.20.1261",
    "context_conn_country": "IN",
    "context_device_manufacturer": "LENOVO",
    "context_device_model": "Lenovo TB-8504X",
    "context_device_type": null,
    "context_os_name": "android",
    "context_os_version": "8.1.0",
    "context_receiver_service_timestamp": 1703856509019,
    "context_time": 1703853359241,
    "message_app_device_id": "6de42fef-1f0a-305a-b554-2b361d0007ab",
    "message_campaign_id": "135092",
    "message_push_id": "6a7501d6-2ff1-4a8f-9b8a-18a2ac02d758",
    "message_timestamp_ms": 1703853359200
  },
  {
    "timestamp_utc": "2024-05-19T14:10:07.386Z",
    "context_application_version": "8.7.20.1261",
    "context_conn_country": "IN",
    "context_device_manufacturer": "LENOVO",
    "context_device_model": "Lenovo TB-8504X",
    "context_device_type": "tablet",
    "context_os_name": "android",
    "context_os_version": "8.1.0",
    "context_receiver_service_timestamp": 1716131407597,
    "context_time": 1716127807386,
    "message_app_device_id": "6de42fef-1f0a-305a-b554-2b361d0007ab",
    "message_campaign_id": "146329",
    "message_push_id": "79a6defe-deb4-4a1f-8192-6797ae477adf",
    "message_timestamp_ms": 1716127807333
  },
  {
    "timestamp_utc": "2024-05-12T06:53:27.176Z",
    "context_application_version": "8.7.20.1261",
    "context_conn_country": "IN",
    "context_device_manufacturer": "LENOVO",
    "context_device_model": "Lenovo TB-8504X",
    "context_device_type": "tablet",
    "context_os_name": "android",
    "context_os_version": "8.1.0",
    "context_receiver_service_timestamp": 1715618791421,
    "context_time": 1715496807176,
    "message_app_device_id": "6de42fef-1f0a-305a-b554-2b361d0007ab",
    "message_campaign_id": "145574",
    "message_push_id": "9439367f-bc19-4050-8200-cb99d3b7fe52",
    "message_timestamp_ms": 1715496807158
  },
  {
    "timestamp_utc": "2024-03-01T16:24:40.393Z",
    "context_application_version": "8.7.20.1261",
    "context_conn_country": "IN",
    "context_device_manufacturer": "LENOVO",
    "context_device_model": "Lenovo TB-8504X",
    "context_device_type": null,
    "context_os_name": "android",
    "context_os_version": "8.1.0",
    "context_receiver_service_timestamp": 1709578293113,
    "context_time": 1709310280393,
    "message_app_device_id": "6de42fef-1f0a-305a-b554-2b361d0007ab",
    "message_campaign_id": "127298",
    "message_push_id": "b852b4c2-7baa-4df9-8bc9-105143bf83fb",
    "message_timestamp_ms": 1709310279952
  },
  {
    "timestamp_utc": "2024-03-01T15:24:36.353Z",
    "context_application_version": "8.7.20.1261",
    "context_conn_country": "IN",
    "context_device_manufacturer": "realme",
    "context_device_model": "RMX3392",
    "context_device_type": null,
    "context_os_name": "android",
    "context_os_version": "13",
    "context_receiver_service_timestamp": 1709306783078,
    "context_time": 1709306676353,
    "message_app_device_id": "8d9930af-95a1-3e3e-81ce-a6cb56ef2ff8",
    "message_campaign_id": "127298",
    "message_push_id": "b852b4c2-7baa-4df9-8bc9-105143bf83fb",
    "message_timestamp_ms": 1709306676350
  },
  {
    "timestamp_utc": "2024-03-26T15:21:46.362Z",
    "context_application_version": "8.7.20.1261",
    "context_conn_country": "IN",
    "context_device_manufacturer": "realme",
    "context_device_model": "RMX3392",
    "context_device_type": "mobile",
    "context_os_name": "android",
    "context_os_version": "13",
    "context_receiver_service_timestamp": 1711466522561,
    "context_time": 1711466506362,
    "message_app_device_id": "b3890055-83a9-32df-b29e-c2bc2b00a44d",
    "message_campaign_id": "127298",
    "message_push_id": "b85e32d3-ca2a-42d8-9681-3d767cb0b90f",
    "message_timestamp_ms": 1711466506360
  },
  {
    "timestamp_utc": "2024-04-24T15:17:31.694Z",
    "context_application_version": "8.7.20.1261",
    "context_conn_country": "IN",
    "context_device_manufacturer": "LENOVO",
    "context_device_model": "Lenovo TB-8504X",
    "context_device_type": "tablet",
    "context_os_name": "android",
    "context_os_version": "8.1.0",
    "context_receiver_service_timestamp": 1714316992117,
    "context_time": 1713971851694,
    "message_app_device_id": "6de42fef-1f0a-305a-b554-2b361d0007ab",
    "message_campaign_id": "143671",
    "message_push_id": "12925bc9-56c2-4195-8c28-2bfebfc216cb",
    "message_timestamp_ms": 1713971851661
  },
  {
    "timestamp_utc": "2024-01-22T17:35:35.235Z",
    "context_application_version": "8.7.20.1261",
    "context_conn_country": "IN",
    "context_device_manufacturer": "LENOVO",
    "context_device_model": "Lenovo TB-8504X",
    "context_device_type": null,
    "context_os_name": "android",
    "context_os_version": "8.1.0",
    "context_receiver_service_timestamp": 1705953067362,
    "context_time": 1705944935235,
    "message_app_device_id": "6de42fef-1f0a-305a-b554-2b361d0007ab",
    "message_campaign_id": "135753",
    "message_push_id": "7dd691cb-8654-4924-a04e-76273cd18f3e",
    "message_timestamp_ms": 1705944935059
  },
  {
    "timestamp_utc": "2024-05-12T15:00:38.011Z",
    "context_application_version": "8.7.20.1261",
    "context_conn_country": "IN",
    "context_device_manufacturer": "LENOVO",
    "context_device_model": "Lenovo TB-8504X",
    "context_device_type": "tablet",
    "context_os_name": "android",
    "context_os_version": "8.1.0",
    "context_receiver_service_timestamp": 1715618791421,
    "context_time": 1715526038011,
    "message_app_device_id": "6de42fef-1f0a-305a-b554-2b361d0007ab",
    "message_campaign_id": "145624",
    "message_push_id": "d1f8a065-5198-4d5f-83ba-e59e147c76e2",
    "message_timestamp_ms": 1715526037713
  },
  {
    "timestamp_utc": "2024-02-07T10:31:19.807Z",
    "context_application_version": "8.7.20.1261",
    "context_conn_country": "IN",
    "context_device_manufacturer": "LENOVO",
    "context_device_model": "Lenovo TB-8504X",
    "context_device_type": null,
    "context_os_name": "android",
    "context_os_version": "8.1.0",
    "context_receiver_service_timestamp": 1707397312791,
    "context_time": 1707301879807,
    "message_app_device_id": "6de42fef-1f0a-305a-b554-2b361d0007ab",
    "message_campaign_id": "137223",
    "message_push_id": "2495f779-abb9-4e61-b390-ee5a4906c4b5",
    "message_timestamp_ms": 1707301879770
  },
  {
    "timestamp_utc": "2024-03-13T15:20:54.286Z",
    "context_application_version": "8.7.20.1261",
    "context_conn_country": "IN",
    "context_device_manufacturer": "realme",
    "context_device_model": "RMX3392",
    "context_device_type": "mobile",
    "context_os_name": "android",
    "context_os_version": "13",
    "context_receiver_service_timestamp": 1710344145115,
    "context_time": 1710343254286,
    "message_app_device_id": "8d9930af-95a1-3e3e-81ce-a6cb56ef2ff8",
    "message_campaign_id": "127298",
    "message_push_id": "14f32032-16fd-47fe-a681-933239d7ac49",
    "message_timestamp_ms": 1710343254275
  },
  {
    "timestamp_utc": "2024-02-14T12:16:20.513Z",
    "context_application_version": "8.7.20.1261",
    "context_conn_country": "IN",
    "context_device_manufacturer": "LENOVO",
    "context_device_model": "Lenovo TB-8504X",
    "context_device_type": null,
    "context_os_name": "android",
    "context_os_version": "8.1.0",
    "context_receiver_service_timestamp": 1708774420667,
    "context_time": 1707912980513,
    "message_app_device_id": "6de42fef-1f0a-305a-b554-2b361d0007ab",
    "message_campaign_id": "138126",
    "message_push_id": "3dac0c40-41fa-478d-a75b-e39751a317ff",
    "message_timestamp_ms": 1707912980458
  },
  {
    "timestamp_utc": "2024-02-25T12:59:50.263Z",
    "context_application_version": "8.7.20.1261",
    "context_conn_country": "IN",
    "context_device_manufacturer": "LENOVO",
    "context_device_model": "Lenovo TB-8504X",
    "context_device_type": null,
    "context_os_name": "android",
    "context_os_version": "8.1.0",
    "context_receiver_service_timestamp": 1708876326775,
    "context_time": 1708865990263,
    "message_app_device_id": "6de42fef-1f0a-305a-b554-2b361d0007ab",
    "message_campaign_id": "139040",
    "message_push_id": "6bf965af-6a32-4391-8c0c-69622fe4ed37",
    "message_timestamp_ms": 1708865988190
  },
  {
    "timestamp_utc": "2024-05-14T17:45:58.444Z",
    "context_application_version": "8.7.20.1261",
    "context_conn_country": "IN",
    "context_device_manufacturer": "LENOVO",
    "context_device_model": "Lenovo TB-8504X",
    "context_device_type": "tablet",
    "context_os_name": "android",
    "context_os_version": "8.1.0",
    "context_receiver_service_timestamp": 1715708803058,
    "context_time": 1715708758444,
    "message_app_device_id": "6de42fef-1f0a-305a-b554-2b361d0007ab",
    "message_campaign_id": "83677",
    "message_push_id": "61d147b5-eab1-40fe-adcd-7ae4f7872cde",
    "message_timestamp_ms": 1715708758361
  },
  {
    "timestamp_utc": "2024-01-19T15:23:27.669Z",
    "context_application_version": "8.7.20.1261",
    "context_conn_country": "IN",
    "context_device_manufacturer": "LENOVO",
    "context_device_model": "Lenovo TB-8504X",
    "context_device_type": null,
    "context_os_name": "android",
    "context_os_version": "8.1.0",
    "context_receiver_service_timestamp": 1705953063675,
    "context_time": 1705677807669,
    "message_app_device_id": "6de42fef-1f0a-305a-b554-2b361d0007ab",
    "message_campaign_id": "135974",
    "message_push_id": "b0611a73-696a-465f-baf9-cb4d25023f58",
    "message_timestamp_ms": 1705677807574
  },
  {
    "timestamp_utc": "2023-12-31T04:30:06.399Z",
    "context_application_version": "8.7.20.1261",
    "context_conn_country": "IN",
    "context_device_manufacturer": "LENOVO",
    "context_device_model": "Lenovo TB-8504X",
    "context_device_type": null,
    "context_os_name": "android",
    "context_os_version": "8.1.0",
    "context_receiver_service_timestamp": 1704069138643,
    "context_time": 1703997006399,
    "message_app_device_id": "6de42fef-1f0a-305a-b554-2b361d0007ab",
    "message_campaign_id": "133965",
    "message_push_id": "878f9355-89ce-444c-8319-f634485f5ea7",
    "message_timestamp_ms": 1703997006353
  },
  {
    "timestamp_utc": "2024-01-15T14:06:56.539Z",
    "context_application_version": "8.7.20.1261",
    "context_conn_country": "IN",
    "context_device_manufacturer": "LENOVO",
    "context_device_model": "Lenovo TB-8504X",
    "context_device_type": null,
    "context_os_name": "android",
    "context_os_version": "8.1.0",
    "context_receiver_service_timestamp": 1705331701250,
    "context_time": 1705327616539,
    "message_app_device_id": "6de42fef-1f0a-305a-b554-2b361d0007ab",
    "message_campaign_id": "135885",
    "message_push_id": "520c9d78-7746-4898-b1ff-3c4fe6903c3a",
    "message_timestamp_ms": 1705327616513
  },
  {
    "timestamp_utc": "2024-05-27T12:36:07.559Z",
    "context_application_version": "8.7.20.1261",
    "context_conn_country": "IN",
    "context_device_manufacturer": "LENOVO",
    "context_device_model": "Lenovo TB-8504X",
    "context_device_type": "tablet",
    "context_os_name": "android",
    "context_os_version": "8.1.0",
    "context_receiver_service_timestamp": 1716989003934,
    "context_time": 1716813367559,
    "message_app_device_id": "6de42fef-1f0a-305a-b554-2b361d0007ab",
    "message_campaign_id": "146853",
    "message_push_id": "c8cafd9b-e5f4-472f-a2c5-12c087e40846",
    "message_timestamp_ms": 1716813367369
  },
  {
    "timestamp_utc": "2024-03-27T19:38:38.833Z",
    "context_application_version": "8.7.20.1261",
    "context_conn_country": "IN",
    "context_device_manufacturer": "realme",
    "context_device_model": "RMX3392",
    "context_device_type": "mobile",
    "context_os_name": "android",
    "context_os_version": "13",
    "context_receiver_service_timestamp": 1711568353337,
    "context_time": 1711568318833,
    "message_app_device_id": "b3890055-83a9-32df-b29e-c2bc2b00a44d",
    "message_campaign_id": "83690",
    "message_push_id": "9038d672-43ea-461b-807f-b2c4a32cf2ac",
    "message_timestamp_ms": 1711568318830
  },
  {
    "timestamp_utc": "2024-05-02T09:41:04.137Z",
    "context_application_version": "8.7.20.1261",
    "context_conn_country": "IN",
    "context_device_manufacturer": "LENOVO",
    "context_device_model": "Lenovo TB-8504X",
    "context_device_type": "tablet",
    "context_os_name": "android",
    "context_os_version": "8.1.0",
    "context_receiver_service_timestamp": 1714672285097,
    "context_time": 1714642864137,
    "message_app_device_id": "6de42fef-1f0a-305a-b554-2b361d0007ab",
    "message_campaign_id": "83690",
    "message_push_id": "6658f720-0719-4092-876e-b3d3d3ea30b9",
    "message_timestamp_ms": 1714642864060
  },
  {
    "timestamp_utc": "2024-04-16T15:30:33.490Z",
    "context_application_version": "8.7.20.1261",
    "context_conn_country": "IN",
    "context_device_manufacturer": "LENOVO",
    "context_device_model": "Lenovo TB-8504X",
    "context_device_type": "tablet",
    "context_os_name": "android",
    "context_os_version": "8.1.0",
    "context_receiver_service_timestamp": 1713541444024,
    "context_time": 1713281433490,
    "message_app_device_id": "6de42fef-1f0a-305a-b554-2b361d0007ab",
    "message_campaign_id": "143671",
    "message_push_id": "813360d6-29eb-4bbc-9980-ceb99a374da3",
    "message_timestamp_ms": 1713281433377
  },
  {
    "timestamp_utc": "2023-12-21T15:24:07.213Z",
    "context_application_version": "8.7.20.1261",
    "context_conn_country": "IN",
    "context_device_manufacturer": "realme",
    "context_device_model": "RMX3392",
    "context_device_type": null,
    "context_os_name": "android",
    "context_os_version": "13",
    "context_receiver_service_timestamp": 1703172398445,
    "context_time": 1703172247213,
    "message_app_device_id": "92e36dcd-bd11-3ee0-bc17-17746aba52be",
    "message_campaign_id": "135085",
    "message_push_id": "fcf6afd9-9b5f-421b-99ad-7539fe75e5a9",
    "message_timestamp_ms": 1703172247209
  },
  {
    "timestamp_utc": "2024-03-12T13:54:09.787Z",
    "context_application_version": "8.7.20.1261",
    "context_conn_country": "IN",
    "context_device_manufacturer": "LENOVO",
    "context_device_model": "Lenovo TB-8504X",
    "context_device_type": "tablet",
    "context_os_name": "android",
    "context_os_version": "8.1.0",
    "context_receiver_service_timestamp": 1710257889927,
    "context_time": 1710251649787,
    "message_app_device_id": "6de42fef-1f0a-305a-b554-2b361d0007ab",
    "message_campaign_id": "127298",
    "message_push_id": "57891f27-5127-49b2-9194-c0d65959d7a4",
    "message_timestamp_ms": 1710251649753
  },
  {
    "timestamp_utc": "2024-03-28T02:35:16.695Z",
    "context_application_version": "8.7.20.1261",
    "context_conn_country": "IN",
    "context_device_manufacturer": "LENOVO",
    "context_device_model": "Lenovo TB-8504X",
    "context_device_type": "tablet",
    "context_os_name": "android",
    "context_os_version": "8.1.0",
    "context_receiver_service_timestamp": 1711635301289,
    "context_time": 1711593316695,
    "message_app_device_id": "6de42fef-1f0a-305a-b554-2b361d0007ab",
    "message_campaign_id": "83690",
    "message_push_id": "9038d672-43ea-461b-807f-b2c4a32cf2ac",
    "message_timestamp_ms": 1711593316601
  },
  {
    "timestamp_utc": "2024-01-20T08:11:36.160Z",
    "context_application_version": "8.7.20.1261",
    "context_conn_country": "IN",
    "context_device_manufacturer": "LENOVO",
    "context_device_model": "Lenovo TB-8504X",
    "context_device_type": null,
    "context_os_name": "android",
    "context_os_version": "8.1.0",
    "context_receiver_service_timestamp": 1705953064967,
    "context_time": 1705738296160,
    "message_app_device_id": "6de42fef-1f0a-305a-b554-2b361d0007ab",
    "message_campaign_id": "135899",
    "message_push_id": "3bcc446a-bbce-4867-836b-7fd95aae007b",
    "message_timestamp_ms": 1705738295811
  },
  {
    "timestamp_utc": "2023-12-15T14:07:35.042Z",
    "context_application_version": "8.7.20.1261",
    "context_conn_country": "IN",
    "context_device_manufacturer": "LENOVO",
    "context_device_model": "Lenovo TB-8504X",
    "context_device_type": null,
    "context_os_name": "android",
    "context_os_version": "8.1.0",
    "context_receiver_service_timestamp": 1702652761922,
    "context_time": 1702649255042,
    "message_app_device_id": "6de42fef-1f0a-305a-b554-2b361d0007ab",
    "message_campaign_id": "134903",
    "message_push_id": "f91b22c7-c62f-4ab9-bbc1-b2a96520b2be",
    "message_timestamp_ms": 1702649255003
  },
  {
    "timestamp_utc": "2024-01-30T11:26:40.518Z",
    "context_application_version": "8.7.20.1261",
    "context_conn_country": "IN",
    "context_device_manufacturer": "LENOVO",
    "context_device_model": "Lenovo TB-8504X",
    "context_device_type": null,
    "context_os_name": "android",
    "context_os_version": "8.1.0",
    "context_receiver_service_timestamp": 1706617626853,
    "context_time": 1706614000518,
    "message_app_device_id": "6de42fef-1f0a-305a-b554-2b361d0007ab",
    "message_campaign_id": "136447",
    "message_push_id": "510d4a19-e62b-4909-8752-1ceb31f663ad",
    "message_timestamp_ms": 1706614000485
  },
  {
    "timestamp_utc": "2024-02-12T13:34:53.914Z",
    "context_application_version": "8.7.20.1261",
    "context_conn_country": "IN",
    "context_device_manufacturer": "LENOVO",
    "context_device_model": "Lenovo TB-8504X",
    "context_device_type": null,
    "context_os_name": "android",
    "context_os_version": "8.1.0",
    "context_receiver_service_timestamp": 1707806475865,
    "context_time": 1707744893914,
    "message_app_device_id": "6de42fef-1f0a-305a-b554-2b361d0007ab",
    "message_campaign_id": "137835",
    "message_push_id": "eff1d4b1-8035-470c-9e01-5c509609e92b",
    "message_timestamp_ms": 1707744893598
  },
  {
    "timestamp_utc": "2024-02-06T11:29:26.674Z",
    "context_application_version": "8.7.20.1261",
    "context_conn_country": "IN",
    "context_device_manufacturer": "realme",
    "context_device_model": "RMX3392",
    "context_device_type": null,
    "context_os_name": "android",
    "context_os_version": "13",
    "context_receiver_service_timestamp": 1707219901925,
    "context_time": 1707218966674,
    "message_app_device_id": "8d9930af-95a1-3e3e-81ce-a6cb56ef2ff8",
    "message_campaign_id": "137222",
    "message_push_id": "5e7512c5-5a6a-4364-8836-77fffe1100c3",
    "message_timestamp_ms": 1707218966663
  },
  {
    "timestamp_utc": "2024-04-21T12:26:33.983Z",
    "context_application_version": "8.7.20.1261",
    "context_conn_country": "IN",
    "context_device_manufacturer": "realme",
    "context_device_model": "RMX3392",
    "context_device_type": "mobile",
    "context_os_name": "android",
    "context_os_version": "13",
    "context_receiver_service_timestamp": 1713702564891,
    "context_time": 1713702393983,
    "message_app_device_id": "b3890055-83a9-32df-b29e-c2bc2b00a44d",
    "message_campaign_id": "143810",
    "message_push_id": "e36940a0-0aca-4b70-8ef0-ae2b6b47d826",
    "message_timestamp_ms": 1713702393966
  },
  {
    "timestamp_utc": "2024-04-28T14:56:05.595Z",
    "context_application_version": "8.7.20.1261",
    "context_conn_country": "IN",
    "context_device_manufacturer": "LENOVO",
    "context_device_model": "Lenovo TB-8504X",
    "context_device_type": "tablet",
    "context_os_name": "android",
    "context_os_version": "8.1.0",
    "context_receiver_service_timestamp": 1714316992117,
    "context_time": 1714316165595,
    "message_app_device_id": "6de42fef-1f0a-305a-b554-2b361d0007ab",
    "message_campaign_id": "126022",
    "message_push_id": "35d6b232-ee59-4a18-bb63-97c65d42c126",
    "message_timestamp_ms": 1714316165421
  },
  {
    "timestamp_utc": "2024-04-19T17:48:24.914Z",
    "context_application_version": "8.7.20.1261",
    "context_conn_country": "IN",
    "context_device_manufacturer": "LENOVO",
    "context_device_model": "Lenovo TB-8504X",
    "context_device_type": "tablet",
    "context_os_name": "android",
    "context_os_version": "8.1.0",
    "context_receiver_service_timestamp": 1713758903711,
    "context_time": 1713548904914,
    "message_app_device_id": "6de42fef-1f0a-305a-b554-2b361d0007ab",
    "message_campaign_id": "126026",
    "message_push_id": "f82aad05-b94b-4a3a-b6f0-79f8edf6a525",
    "message_timestamp_ms": 1713548904882
  },
  {
    "timestamp_utc": "2024-03-04T18:29:51.428Z",
    "context_application_version": "8.7.20.1261",
    "context_conn_country": "IN",
    "context_device_manufacturer": "LENOVO",
    "context_device_model": "Lenovo TB-8504X",
    "context_device_type": null,
    "context_os_name": "android",
    "context_os_version": "8.1.0",
    "context_receiver_service_timestamp": 1709578293767,
    "context_time": 1709576991428,
    "message_app_device_id": "6de42fef-1f0a-305a-b554-2b361d0007ab",
    "message_campaign_id": "136297",
    "message_push_id": "ff9af8f7-a6df-4f5d-bda0-97d362ccf69d",
    "message_timestamp_ms": 1709576991369
  },
  {
    "timestamp_utc": "2024-04-03T14:37:54.042Z",
    "context_application_version": "8.7.20.1261",
    "context_conn_country": "IN",
    "context_device_manufacturer": "LENOVO",
    "context_device_model": "Lenovo TB-8504X",
    "context_device_type": "tablet",
    "context_os_name": "android",
    "context_os_version": "8.1.0",
    "context_receiver_service_timestamp": 1712164259752,
    "context_time": 1712155074042,
    "message_app_device_id": "6de42fef-1f0a-305a-b554-2b361d0007ab",
    "message_campaign_id": "127298",
    "message_push_id": "07efb9a5-b3e7-48fc-800d-83845103fbfa",
    "message_timestamp_ms": 1712155073978
  },
  {
    "timestamp_utc": "2024-05-12T06:53:27.071Z",
    "context_application_version": "8.7.20.1261",
    "context_conn_country": "IN",
    "context_device_manufacturer": "LENOVO",
    "context_device_model": "Lenovo TB-8504X",
    "context_device_type": "tablet",
    "context_os_name": "android",
    "context_os_version": "8.1.0",
    "context_receiver_service_timestamp": 1715618791421,
    "context_time": 1715496807071,
    "message_app_device_id": "6de42fef-1f0a-305a-b554-2b361d0007ab",
    "message_campaign_id": "145325",
    "message_push_id": "bbe1b42c-e964-45de-a06a-5ad194594c62",
    "message_timestamp_ms": 1715496806973
  },
  {
    "timestamp_utc": "2024-04-14T06:43:27.200Z",
    "context_application_version": "8.7.20.1261",
    "context_conn_country": "IN",
    "context_device_manufacturer": "LENOVO",
    "context_device_model": "Lenovo TB-8504X",
    "context_device_type": "tablet",
    "context_os_name": "android",
    "context_os_version": "8.1.0",
    "context_receiver_service_timestamp": 1713541444024,
    "context_time": 1713077007200,
    "message_app_device_id": "6de42fef-1f0a-305a-b554-2b361d0007ab",
    "message_campaign_id": "83677",
    "message_push_id": "1dd042d8-8a34-4735-8df1-966029d68c55",
    "message_timestamp_ms": 1713077006865
  }
]