[
  {
    "timestamp_utc": "2024-03-12T13:54:09.763Z",
    "context_application_version": "8.7.20.1261",
    "context_conn_country": "IN",
    "context_device_manufacturer": "LENOVO",
    "context_device_model": "Lenovo TB-8504X",
    "context_device_type": "tablet",
    "context_os_name": "android",
    "context_os_version": "8.1.0",
    "context_receiver_service_timestamp": 1710257889927,
    "context_time": 1710251649763,
    "message_app_device_id": "6de42fef-1f0a-305a-b554-2b361d0007ab",
    "message_campaign_id": "127298",
    "message_error_reason": null,
    "message_push_id": "57891f27-5127-49b2-9194-c0d65959d7a4",
    "message_timestamp_ms": 1710251649739
  },
  {
    "timestamp_utc": "2024-03-13T15:20:54.282Z",
    "context_application_version": "8.7.20.1261",
    "context_conn_country": "IN",
    "context_device_manufacturer": "realme",
    "context_device_model": "RMX3392",
    "context_device_type": "mobile",
    "context_os_name": "android",
    "context_os_version": "13",
    "context_receiver_service_timestamp": 1710344145115,
    "context_time": 1710343254282,
    "message_app_device_id": "8d9930af-95a1-3e3e-81ce-a6cb56ef2ff8",
    "message_campaign_id": "127298",
    "message_error_reason": null,
    "message_push_id": "14f32032-16fd-47fe-a681-933239d7ac49",
    "message_timestamp_ms": 1710343254270
  },
  {
    "timestamp_utc": "2024-03-26T15:31:14.848Z",
    "context_application_version": "8.7.20.1261",
    "context_conn_country": "IN",
    "context_device_manufacturer": "LENOVO",
    "context_device_model": "Lenovo TB-8504X",
    "context_device_type": "tablet",
    "context_os_name": "android",
    "context_os_version": "8.1.0",
    "context_receiver_service_timestamp": 1711482252321,
    "context_time": 1711467074848,
    "message_app_device_id": "6de42fef-1f0a-305a-b554-2b361d0007ab",
    "message_campaign_id": "127298",
    "message_error_reason": null,
    "message_push_id": "b85e32d3-ca2a-42d8-9681-3d767cb0b90f",
    "message_timestamp_ms": 1711467074558
  },
  {
    "timestamp_utc": "2024-03-29T14:38:29.052Z",
    "context_application_version": "8.7.20.1261",
    "context_conn_country": "IN",
    "context_device_manufacturer": "LENOVO",
    "context_device_model": "Lenovo TB-8504X",
    "context_device_type": "tablet",
    "context_os_name": "android",
    "context_os_version": "8.1.0",
    "context_receiver_service_timestamp": 1711898427765,
    "context_time": 1711723109052,
    "message_app_device_id": "6de42fef-1f0a-305a-b554-2b361d0007ab",
    "message_campaign_id": "127298",
    "message_error_reason": null,
    "message_push_id": "0201f510-fc88-4528-baf1-6a1edaaba85a",
    "message_timestamp_ms": 1711723108994
  },
  {
    "timestamp_utc": "2024-03-31T14:37:44.326Z",
    "context_application_version": "8.7.20.1261",
    "context_conn_country": "IN",
    "context_device_manufacturer": "realme",
    "context_device_model": "RMX3392",
    "context_device_type": "mobile",
    "context_os_name": "android",
    "context_os_version": "13",
    "context_receiver_service_timestamp": 1711895903346,
    "context_time": 1711895864326,
    "message_app_device_id": "b3890055-83a9-32df-b29e-c2bc2b00a44d",
    "message_campaign_id": "127298",
    "message_error_reason": null,
    "message_push_id": "98613a6b-394f-4aeb-983b-92ca318f5b9e",
    "message_timestamp_ms": 1711895864314
  },
  {
    "timestamp_utc": "2024-03-31T14:23:40.635Z",
    "context_application_version": "8.7.20.1261",
    "context_conn_country": "IN",
    "context_device_manufacturer": "LENOVO",
    "context_device_model": "Lenovo TB-8504X",
    "context_device_type": "tablet",
    "context_os_name": "android",
    "context_os_version": "8.1.0",
    "context_receiver_service_timestamp": 1711898427765,
    "context_time": 1711895020635,
    "message_app_device_id": "6de42fef-1f0a-305a-b554-2b361d0007ab",
    "message_campaign_id": "127298",
    "message_error_reason": null,
    "message_push_id": "98613a6b-394f-4aeb-983b-92ca318f5b9e",
    "message_timestamp_ms": 1711895020571
  },
  {
    "timestamp_utc": "2024-04-03T14:37:53.976Z",
    "context_application_version": "8.7.20.1261",
    "context_conn_country": "IN",
    "context_device_manufacturer": "LENOVO",
    "context_device_model": "Lenovo TB-8504X",
    "context_device_type": "tablet",
    "context_os_name": "android",
    "context_os_version": "8.1.0",
    "context_receiver_service_timestamp": 1712164259752,
    "context_time": 1712155073976,
    "message_app_device_id": "6de42fef-1f0a-305a-b554-2b361d0007ab",
    "message_campaign_id": "127298",
    "message_error_reason": null,
    "message_push_id": "07efb9a5-b3e7-48fc-800d-83845103fbfa",
    "message_timestamp_ms": 1712155073965
  }
]