[
  {
    "message_data": null,
    "timestamp_utc": "2024-02-13T21:05:27.059Z",
    "context_application_version": "8.7.20.1261",
    "context_conn_country": "IN",
    "context_device_manufacturer": "LENOVO",
    "context_device_model": "Lenovo TB-8504X",
    "context_device_type": null,
    "context_os_name": "android",
    "context_os_version": "8.1.0",
    "context_receiver_service_timestamp": 1707858357564,
    "context_time": 1707858327059,
    "message_campaign_id": "137843",
    "message_event_type": "DISMISS",
    "message_push_id": "a4b465b7-ebd1-4cd7-81d4-e56401183d3a",
    "message_timestamp_ms": 1707858327050
  },
  {
    "message_data": null,
    "timestamp_utc": "2024-04-19T15:43:31.397Z",
    "context_application_version": "8.7.20.1261",
    "context_conn_country": "IN",
    "context_device_manufacturer": "LENOVO",
    "context_device_model": "Lenovo TB-8504X",
    "context_device_type": "tablet",
    "context_os_name": "android",
    "context_os_version": "8.1.0",
    "context_receiver_service_timestamp": 1713541444024,
    "context_time": 1713541411397,
    "message_campaign_id": "143671",
    "message_event_type": "DISMISS",
    "message_push_id": "813360d6-29eb-4bbc-9980-ceb99a374da3",
    "message_timestamp_ms": 1713541411315
  },
  {
    "message_data": null,
    "timestamp_utc": "2024-02-25T15:51:35.792Z",
    "context_application_version": "8.7.20.1261",
    "context_conn_country": "IN",
    "context_device_manufacturer": "LENOVO",
    "context_device_model": "Lenovo TB-8504X",
    "context_device_type": null,
    "context_os_name": "android",
    "context_os_version": "8.1.0",
    "context_receiver_service_timestamp": 1708876326775,
    "context_time": 1708876295792,
    "message_campaign_id": "139040",
    "message_event_type": "DISMISS",
    "message_push_id": "6bf965af-6a32-4391-8c0c-69622fe4ed37",
    "message_timestamp_ms": 1708876295785
  },
  {
    "message_data": null,
    "timestamp_utc": "2024-01-15T15:14:31.175Z",
    "context_application_version": "8.7.20.1261",
    "context_conn_country": "IN",
    "context_device_manufacturer": "LENOVO",
    "context_device_model": "Lenovo TB-8504X",
    "context_device_type": null,
    "context_os_name": "android",
    "context_os_version": "8.1.0",
    "context_receiver_service_timestamp": 1705331701250,
    "context_time": 1705331671175,
    "message_campaign_id": "135885",
    "message_event_type": "DISMISS",
    "message_push_id": "520c9d78-7746-4898-b1ff-3c4fe6903c3a",
    "message_timestamp_ms": 1705331671158
  },
  {
    "message_data": null,
    "timestamp_utc": "2024-05-26T12:27:50.383Z",
    "context_application_version": "8.7.20.1261",
    "context_conn_country": "IN",
    "context_device_manufacturer": "LENOVO",
    "context_device_model": "Lenovo TB-8504X",
    "context_device_type": "tablet",
    "context_os_name": "android",
    "context_os_version": "8.1.0",
    "context_receiver_service_timestamp": 1716726505923,
    "context_time": 1716726470383,
    "message_campaign_id": "146844",
    "message_event_type": "DISMISS",
    "message_push_id": "22e1875d-adb9-4364-97f9-6cff5943c4a6",
    "message_timestamp_ms": 1716726470366
  },
  {
    "message_data": null,
    "timestamp_utc": "2024-05-27T15:23:48.076Z",
    "context_application_version": "8.7.20.1261",
    "context_conn_country": "IN",
    "context_device_manufacturer": "LENOVO",
    "context_device_model": "Lenovo TB-8504X",
    "context_device_type": "tablet",
    "context_os_name": "android",
    "context_os_version": "8.1.0",
    "context_receiver_service_timestamp": 1716989003934,
    "context_time": 1716823428076,
    "message_campaign_id": "146853",
    "message_event_type": "DISMISS",
    "message_push_id": "c8cafd9b-e5f4-472f-a2c5-12c087e40846",
    "message_timestamp_ms": 1716823428057
  },
  {
    "message_data": null,
    "timestamp_utc": "2024-02-13T06:40:45.607Z",
    "context_application_version": "8.7.20.1261",
    "context_conn_country": "IN",
    "context_device_manufacturer": "LENOVO",
    "context_device_model": "Lenovo TB-8504X",
    "context_device_type": null,
    "context_os_name": "android",
    "context_os_version": "8.1.0",
    "context_receiver_service_timestamp": 1707806475865,
    "context_time": 1707806445607,
    "message_campaign_id": "137835",
    "message_event_type": "DISMISS",
    "message_push_id": "eff1d4b1-8035-470c-9e01-5c509609e92b",
    "message_timestamp_ms": 1707806445599
  },
  {
    "message_data": null,
    "timestamp_utc": "2024-05-18T07:42:36.969Z",
    "context_application_version": "8.7.20.1261",
    "context_conn_country": "IN",
    "context_device_manufacturer": "realme",
    "context_device_model": "RMX3392",
    "context_device_type": "mobile",
    "context_os_name": "android",
    "context_os_version": "14",
    "context_receiver_service_timestamp": 1716018188501,
    "context_time": 1716018156969,
    "message_campaign_id": "146330",
    "message_event_type": "DISMISS",
    "message_push_id": "d307c9a2-46f2-4a71-b167-a1cb0496d60d",
    "message_timestamp_ms": 1716018156964
  },
  {
    "message_data": null,
    "timestamp_utc": "2024-01-27T08:22:04.361Z",
    "context_application_version": "8.7.20.1261",
    "context_conn_country": "IN",
    "context_device_manufacturer": "realme",
    "context_device_model": "RMX3392",
    "context_device_type": null,
    "context_os_name": "android",
    "context_os_version": "13",
    "context_receiver_service_timestamp": 1706468921709,
    "context_time": 1706343724361,
    "message_campaign_id": "136437",
    "message_event_type": "DISMISS",
    "message_push_id": "8c476049-b714-4d0a-af1b-262913f06f50",
    "message_timestamp_ms": 1706343724358
  },
  {
    "message_data": null,
    "timestamp_utc": "2024-05-07T15:22:24.020Z",
    "context_application_version": "8.7.20.1261",
    "context_conn_country": "IN",
    "context_device_manufacturer": "realme",
    "context_device_model": "RMX3392",
    "context_device_type": "mobile",
    "context_os_name": "android",
    "context_os_version": "14",
    "context_receiver_service_timestamp": 1715095377038,
    "context_time": 1715095344020,
    "message_campaign_id": "83649",
    "message_event_type": "DISMISS",
    "message_push_id": "5c651f38-87b5-47e4-9aa1-147d3860fbe5",
    "message_timestamp_ms": 1715095344000
  },
  {
    "message_data": null,
    "timestamp_utc": "2024-05-20T08:19:06.399Z",
    "context_application_version": "8.7.20.1261",
    "context_conn_country": "IN",
    "context_device_manufacturer": "realme",
    "context_device_model": "RMX3392",
    "context_device_type": "mobile",
    "context_os_name": "android",
    "context_os_version": "14",
    "context_receiver_service_timestamp": 1716193180343,
    "context_time": 1716193146399,
    "message_campaign_id": "83689",
    "message_event_type": "DISMISS",
    "message_push_id": "38a1673a-5591-4b6c-b597-d7337148c082",
    "message_timestamp_ms": 1716193146397
  },
  {
    "message_data": null,
    "timestamp_utc": "2024-03-20T18:06:55.834Z",
    "context_application_version": "8.7.20.1261",
    "context_conn_country": "IN",
    "context_device_manufacturer": "LENOVO",
    "context_device_model": "Lenovo TB-8504X",
    "context_device_type": "tablet",
    "context_os_name": "android",
    "context_os_version": "8.1.0",
    "context_receiver_service_timestamp": 1710958044014,
    "context_time": 1710958015834,
    "message_campaign_id": "139023",
    "message_event_type": "DISMISS",
    "message_push_id": "5bd4bebc-66b9-4210-9258-73469c2d0b7a",
    "message_timestamp_ms": 1710958015829
  },
  {
    "message_data": null,
    "timestamp_utc": "2024-01-20T03:37:44.218Z",
    "context_application_version": "8.7.20.1261",
    "context_conn_country": "IN",
    "context_device_manufacturer": "LENOVO",
    "context_device_model": "Lenovo TB-8504X",
    "context_device_type": null,
    "context_os_name": "android",
    "context_os_version": "8.1.0",
    "context_receiver_service_timestamp": 1705953063675,
    "context_time": 1705721864218,
    "message_campaign_id": "135974",
    "message_event_type": "DISMISS",
    "message_push_id": "b0611a73-696a-465f-baf9-cb4d25023f58",
    "message_timestamp_ms": 1705721864211
  },
  {
    "message_data": null,
    "timestamp_utc": "2024-05-26T18:51:33.527Z",
    "context_application_version": "8.7.20.1261",
    "context_conn_country": "IN",
    "context_device_manufacturer": "LENOVO",
    "context_device_model": "Lenovo TB-8504X",
    "context_device_type": "tablet",
    "context_os_name": "android",
    "context_os_version": "8.1.0",
    "context_receiver_service_timestamp": 1716749524869,
    "context_time": 1716749493527,
    "message_campaign_id": "146331",
    "message_event_type": "DISMISS",
    "message_push_id": "49094062-d6fb-4e35-a718-7d6a2318d9f7",
    "message_timestamp_ms": 1716749493518
  },
  {
    "message_data": null,
    "timestamp_utc": "2023-12-25T08:12:58.870Z",
    "context_application_version": "8.7.20.1261",
    "context_conn_country": "IN",
    "context_device_manufacturer": "LENOVO",
    "context_device_model": "Lenovo TB-8504X",
    "context_device_type": null,
    "context_os_name": "android",
    "context_os_version": "8.1.0",
    "context_receiver_service_timestamp": 1703856507424,
    "context_time": 1703491978870,
    "message_campaign_id": "133904",
    "message_event_type": "DISMISS",
    "message_push_id": "caef00a8-a689-426f-ab37-1715a52f39c2",
    "message_timestamp_ms": 1703491978862
  },
  {
    "message_data": null,
    "timestamp_utc": "2024-03-01T15:31:21.994Z",
    "context_application_version": "8.7.20.1261",
    "context_conn_country": "IN",
    "context_device_manufacturer": "realme",
    "context_device_model": "RMX3392",
    "context_device_type": null,
    "context_os_name": "android",
    "context_os_version": "13",
    "context_receiver_service_timestamp": 1709307130524,
    "context_time": 1709307081994,
    "message_campaign_id": "127298",
    "message_event_type": "DISMISS",
    "message_push_id": "b852b4c2-7baa-4df9-8bc9-105143bf83fb",
    "message_timestamp_ms": 1709307081988
  },
  {
    "message_data": null,
    "timestamp_utc": "2024-02-06T11:44:28.032Z",
    "context_application_version": "8.7.20.1261",
    "context_conn_country": "IN",
    "context_device_manufacturer": "realme",
    "context_device_model": "RMX3392",
    "context_device_type": null,
    "context_os_name": "android",
    "context_os_version": "13",
    "context_receiver_service_timestamp": 1707219901925,
    "context_time": 1707219868032,
    "message_campaign_id": "137222",
    "message_event_type": "DISMISS",
    "message_push_id": "5e7512c5-5a6a-4364-8836-77fffe1100c3",
    "message_timestamp_ms": 1707219868030
  },
  {
    "message_data": null,
    "timestamp_utc": "2024-06-03T17:23:01.664Z",
    "context_application_version": "8.7.20.1261",
    "context_conn_country": "IN",
    "context_device_manufacturer": "realme",
    "context_device_model": "RMX3392",
    "context_device_type": "mobile",
    "context_os_name": "android",
    "context_os_version": "14",
    "context_receiver_service_timestamp": 1717435413364,
    "context_time": 1717435381664,
    "message_campaign_id": "147428",
    "message_event_type": "DISMISS",
    "message_push_id": "44b8c59c-d40f-466b-8aee-b23124d891ff",
    "message_timestamp_ms": 1717435381664
  },
  {
    "message_data": null,
    "timestamp_utc": "2023-12-11T17:23:19.728Z",
    "context_application_version": "8.7.20.1261",
    "context_conn_country": "IN",
    "context_device_manufacturer": "LENOVO",
    "context_device_model": "Lenovo TB-8504X",
    "context_device_type": null,
    "context_os_name": "android",
    "context_os_version": "8.1.0",
    "context_receiver_service_timestamp": 1702315430992,
    "context_time": 1702315399728,
    "message_campaign_id": "133921",
    "message_event_type": "DISMISS",
    "message_push_id": "638250e2-a233-4641-9e64-802fced0754d",
    "message_timestamp_ms": 1702315399522
  },
  {
    "message_data": null,
    "timestamp_utc": "2024-04-14T07:14:45.157Z",
    "context_application_version": "8.7.20.1261",
    "context_conn_country": "IN",
    "context_device_manufacturer": "realme",
    "context_device_model": "RMX3392",
    "context_device_type": "mobile",
    "context_os_name": "android",
    "context_os_version": "13",
    "context_receiver_service_timestamp": 1713078916316,
    "context_time": 1713078885157,
    "message_campaign_id": "83677",
    "message_event_type": "DISMISS",
    "message_push_id": "1dd042d8-8a34-4735-8df1-966029d68c55",
    "message_timestamp_ms": 1713078885156
  },
  {
    "message_data": null,
    "timestamp_utc": "2024-03-28T14:14:30.794Z",
    "context_application_version": "8.7.20.1261",
    "context_conn_country": "IN",
    "context_device_manufacturer": "LENOVO",
    "context_device_model": "Lenovo TB-8504X",
    "context_device_type": "tablet",
    "context_os_name": "android",
    "context_os_version": "8.1.0",
    "context_receiver_service_timestamp": 1711635301289,
    "context_time": 1711635270794,
    "message_campaign_id": "83690",
    "message_event_type": "DISMISS",
    "message_push_id": "9038d672-43ea-461b-807f-b2c4a32cf2ac",
    "message_timestamp_ms": 1711635270785
  },
  {
    "message_data": null,
    "timestamp_utc": "2024-01-30T12:26:36.569Z",
    "context_application_version": "8.7.20.1261",
    "context_conn_country": "IN",
    "context_device_manufacturer": "LENOVO",
    "context_device_model": "Lenovo TB-8504X",
    "context_device_type": null,
    "context_os_name": "android",
    "context_os_version": "8.1.0",
    "context_receiver_service_timestamp": 1706617626853,
    "context_time": 1706617596569,
    "message_campaign_id": "136447",
    "message_event_type": "DISMISS",
    "message_push_id": "510d4a19-e62b-4909-8752-1ceb31f663ad",
    "message_timestamp_ms": 1706617596561
  },
  {
    "message_data": "spotify:site:playlistinabottle",
    "timestamp_utc": "2024-01-22T15:10:03.028Z",
    "context_application_version": "8.7.20.1261",
    "context_conn_country": "IN",
    "context_device_manufacturer": "realme",
    "context_device_model": "RMX3392",
    "context_device_type": null,
    "context_os_name": "android",
    "context_os_version": "13",
    "context_receiver_service_timestamp": 1705936233947,
    "context_time": 1705936203028,
    "message_campaign_id": "135753",
    "message_event_type": "PRIMARY_ACTION",
    "message_push_id": "7dd691cb-8654-4924-a04e-76273cd18f3e",
    "message_timestamp_ms": 1705936203027
  },
  {
    "message_data": null,
    "timestamp_utc": "2024-05-13T16:46:00.313Z",
    "context_application_version": "8.7.20.1261",
    "context_conn_country": "IN",
    "context_device_manufacturer": "LENOVO",
    "context_device_model": "Lenovo TB-8504X",
    "context_device_type": "tablet",
    "context_os_name": "android",
    "context_os_version": "8.1.0",
    "context_receiver_service_timestamp": 1715618791421,
    "context_time": 1715618760313,
    "message_campaign_id": "145325",
    "message_event_type": "DISMISS",
    "message_push_id": "bbe1b42c-e964-45de-a06a-5ad194594c62",
    "message_timestamp_ms": 1715618760296
  },
  {
    "message_data": null,
    "timestamp_utc": "2024-03-27T19:42:46.149Z",
    "context_application_version": "8.7.20.1261",
    "context_conn_country": "IN",
    "context_device_manufacturer": "realme",
    "context_device_model": "RMX3392",
    "context_device_type": "mobile",
    "context_os_name": "android",
    "context_os_version": "13",
    "context_receiver_service_timestamp": 1711568573833,
    "context_time": 1711568566149,
    "message_campaign_id": "83690",
    "message_event_type": "DISMISS",
    "message_push_id": "9038d672-43ea-461b-807f-b2c4a32cf2ac",
    "message_timestamp_ms": 1711568566139
  },
  {
    "message_data": null,
    "timestamp_utc": "2024-01-29T13:54:53.269Z",
    "context_application_version": "8.7.20.1261",
    "context_conn_country": "IN",
    "context_device_manufacturer": "LENOVO",
    "context_device_model": "Lenovo TB-8504X",
    "context_device_type": null,
    "context_os_name": "android",
    "context_os_version": "8.1.0",
    "context_receiver_service_timestamp": 1706536523808,
    "context_time": 1706536493269,
    "message_campaign_id": "136444",
    "message_event_type": "DISMISS",
    "message_push_id": "c7e849c2-0e25-4f38-bbce-2a6111673ae3",
    "message_timestamp_ms": 1706536493259
  },
  {
    "message_data": null,
    "timestamp_utc": "2024-04-21T12:28:53.023Z",
    "context_application_version": "8.7.20.1261",
    "context_conn_country": "IN",
    "context_device_manufacturer": "realme",
    "context_device_model": "RMX3392",
    "context_device_type": "mobile",
    "context_os_name": "android",
    "context_os_version": "13",
    "context_receiver_service_timestamp": 1713702564891,
    "context_time": 1713702533023,
    "message_campaign_id": "143810",
    "message_event_type": "DISMISS",
    "message_push_id": "e36940a0-0aca-4b70-8ef0-ae2b6b47d826",
    "message_timestamp_ms": 1713702533023
  },
  {
    "message_data": null,
    "timestamp_utc": "2024-02-08T13:01:21.923Z",
    "context_application_version": "8.7.20.1261",
    "context_conn_country": "IN",
    "context_device_manufacturer": "LENOVO",
    "context_device_model": "Lenovo TB-8504X",
    "context_device_type": null,
    "context_os_name": "android",
    "context_os_version": "8.1.0",
    "context_receiver_service_timestamp": 1707397312791,
    "context_time": 1707397281923,
    "message_campaign_id": "137223",
    "message_event_type": "DISMISS",
    "message_push_id": "2495f779-abb9-4e61-b390-ee5a4906c4b5",
    "message_timestamp_ms": 1707397281823
  },
  {
    "message_data": null,
    "timestamp_utc": "2023-12-14T15:57:50.175Z",
    "context_application_version": "8.7.20.1261",
    "context_conn_country": "IN",
    "context_device_manufacturer": "LENOVO",
    "context_device_model": "Lenovo TB-8504X",
    "context_device_type": null,
    "context_os_name": "android",
    "context_os_version": "8.1.0",
    "context_receiver_service_timestamp": 1702569501230,
    "context_time": 1702569470175,
    "message_campaign_id": "134584",
    "message_event_type": "DISMISS",
    "message_push_id": "bf129e50-0156-4ffd-a921-742bb2a55a12",
    "message_timestamp_ms": 1702569470153
  },
  {
    "message_data": null,
    "timestamp_utc": "2024-03-13T15:35:12.808Z",
    "context_application_version": "8.7.20.1261",
    "context_conn_country": "IN",
    "context_device_manufacturer": "realme",
    "context_device_model": "RMX3392",
    "context_device_type": "mobile",
    "context_os_name": "android",
    "context_os_version": "13",
    "context_receiver_service_timestamp": 1710344145115,
    "context_time": 1710344112808,
    "message_campaign_id": "127298",
    "message_event_type": "DISMISS",
    "message_push_id": "14f32032-16fd-47fe-a681-933239d7ac49",
    "message_timestamp_ms": 1710344112807
  },
  {
    "message_data": null,
    "timestamp_utc": "2024-03-12T15:32:36.068Z",
    "context_application_version": "8.7.20.1261",
    "context_conn_country": "IN",
    "context_device_manufacturer": "LENOVO",
    "context_device_model": "Lenovo TB-8504X",
    "context_device_type": "tablet",
    "context_os_name": "android",
    "context_os_version": "8.1.0",
    "context_receiver_service_timestamp": 1710257889927,
    "context_time": 1710257556068,
    "message_campaign_id": "127298",
    "message_event_type": "DISMISS",
    "message_push_id": "57891f27-5127-49b2-9194-c0d65959d7a4",
    "message_timestamp_ms": 1710257556015
  },
  {
    "message_data": null,
    "timestamp_utc": "2024-04-28T15:09:21.383Z",
    "context_application_version": "8.7.20.1261",
    "context_conn_country": "IN",
    "context_device_manufacturer": "LENOVO",
    "context_device_model": "Lenovo TB-8504X",
    "context_device_type": "tablet",
    "context_os_name": "android",
    "context_os_version": "8.1.0",
    "context_receiver_service_timestamp": 1714316992117,
    "context_time": 1714316961383,
    "message_campaign_id": "126022",
    "message_event_type": "DISMISS",
    "message_push_id": "35d6b232-ee59-4a18-bb63-97c65d42c126",
    "message_timestamp_ms": 1714316961374
  },
  {
    "message_data": null,
    "timestamp_utc": "2023-12-15T15:05:30.961Z",
    "context_application_version": "8.7.20.1261",
    "context_conn_country": "IN",
    "context_device_manufacturer": "LENOVO",
    "context_device_model": "Lenovo TB-8504X",
    "context_device_type": null,
    "context_os_name": "android",
    "context_os_version": "8.1.0",
    "context_receiver_service_timestamp": 1702652761922,
    "context_time": 1702652730961,
    "message_campaign_id": "134903",
    "message_event_type": "DISMISS",
    "message_push_id": "f91b22c7-c62f-4ab9-bbc1-b2a96520b2be",
    "message_timestamp_ms": 1702652730952
  },
  {
    "message_data": null,
    "timestamp_utc": "2024-05-19T15:09:35.533Z",
    "context_application_version": "8.7.20.1261",
    "context_conn_country": "IN",
    "context_device_manufacturer": "LENOVO",
    "context_device_model": "Lenovo TB-8504X",
    "context_device_type": "tablet",
    "context_os_name": "android",
    "context_os_version": "8.1.0",
    "context_receiver_service_timestamp": 1716131407597,
    "context_time": 1716131375533,
    "message_campaign_id": "146329",
    "message_event_type": "DISMISS",
    "message_push_id": "79a6defe-deb4-4a1f-8192-6797ae477adf",
    "message_timestamp_ms": 1716131375505
  },
  {
    "message_data": null,
    "timestamp_utc": "2024-05-14T17:46:07.049Z",
    "context_application_version": "8.7.20.1261",
    "context_conn_country": "IN",
    "context_device_manufacturer": "LENOVO",
    "context_device_model": "Lenovo TB-8504X",
    "context_device_type": "tablet",
    "context_os_name": "android",
    "context_os_version": "8.1.0",
    "context_receiver_service_timestamp": 1715708803058,
    "context_time": 1715708767049,
    "message_campaign_id": "83677",
    "message_event_type": "DISMISS",
    "message_push_id": "61d147b5-eab1-40fe-adcd-7ae4f7872cde",
    "message_timestamp_ms": 1715708767016
  },
  {
    "message_data": null,
    "timestamp_utc": "2024-04-17T04:19:15.317Z",
    "context_application_version": "8.7.20.1261",
    "context_conn_country": "IN",
    "context_device_manufacturer": "realme",
    "context_device_model": "RMX3392",
    "context_device_type": "mobile",
    "context_os_name": "android",
    "context_os_version": "13",
    "context_receiver_service_timestamp": 1713327565543,
    "context_time": 1713327555317,
    "message_campaign_id": "143674",
    "message_event_type": "DISMISS",
    "message_push_id": "23ca0cf8-2a42-4145-9cab-82850908f45f",
    "message_timestamp_ms": 1713327555316
  },
  {
    "message_data": null,
    "timestamp_utc": "2024-03-26T19:43:40.499Z",
    "context_application_version": "8.7.20.1261",
    "context_conn_country": "IN",
    "context_device_manufacturer": "LENOVO",
    "context_device_model": "Lenovo TB-8504X",
    "context_device_type": "tablet",
    "context_os_name": "android",
    "context_os_version": "8.1.0",
    "context_receiver_service_timestamp": 1711482252321,
    "context_time": 1711482220499,
    "message_campaign_id": "127298",
    "message_event_type": "DISMISS",
    "message_push_id": "b85e32d3-ca2a-42d8-9681-3d767cb0b90f",
    "message_timestamp_ms": 1711482220491
  },
  {
    "message_data": null,
    "timestamp_utc": "2024-05-27T13:41:46.567Z",
    "context_application_version": "8.7.20.1261",
    "context_conn_country": "IN",
    "context_device_manufacturer": "realme",
    "context_device_model": "RMX3392",
    "context_device_type": "mobile",
    "context_os_name": "android",
    "context_os_version": "14",
    "context_receiver_service_timestamp": 1716917773721,
    "context_time": 1716817306567,
    "message_campaign_id": "146853",
    "message_event_type": "DISMISS",
    "message_push_id": "c8cafd9b-e5f4-472f-a2c5-12c087e40846",
    "message_timestamp_ms": 1716817306559
  },
  {
    "message_data": null,
    "timestamp_utc": "2024-01-22T19:49:15.255Z",
    "context_application_version": "8.7.20.1261",
    "context_conn_country": "IN",
    "context_device_manufacturer": "LENOVO",
    "context_device_model": "Lenovo TB-8504X",
    "context_device_type": null,
    "context_os_name": "android",
    "context_os_version": "8.1.0",
    "context_receiver_service_timestamp": 1705953067362,
    "context_time": 1705952955255,
    "message_campaign_id": "135753",
    "message_event_type": "DISMISS",
    "message_push_id": "7dd691cb-8654-4924-a04e-76273cd18f3e",
    "message_timestamp_ms": 1705952955245
  },
  {
    "message_data": "spotify:episode:2iuyzGlskSNymif4rd2Eiv",
    "timestamp_utc": "2024-03-03T14:26:06.431Z",
    "context_application_version": "8.7.20.1261",
    "context_conn_country": "IN",
    "context_device_manufacturer": "realme",
    "context_device_model": "RMX3392",
    "context_device_type": null,
    "context_os_name": "android",
    "context_os_version": "13",
    "context_receiver_service_timestamp": 1709475995973,
    "context_time": 1709475966431,
    "message_campaign_id": "127298",
    "message_event_type": "PRIMARY_ACTION",
    "message_push_id": "4fe67848-227f-4d8e-b904-ead82b36f625",
    "message_timestamp_ms": 1709475966427
  },
  {
    "message_data": null,
    "timestamp_utc": "2024-03-31T14:37:49.761Z",
    "context_application_version": "8.7.20.1261",
    "context_conn_country": "IN",
    "context_device_manufacturer": "realme",
    "context_device_model": "RMX3392",
    "context_device_type": "mobile",
    "context_os_name": "android",
    "context_os_version": "13",
    "context_receiver_service_timestamp": 1711895903346,
    "context_time": 1711895869761,
    "message_campaign_id": "127298",
    "message_event_type": "DISMISS",
    "message_push_id": "98613a6b-394f-4aeb-983b-92ca318f5b9e",
    "message_timestamp_ms": 1711895869760
  },
  {
    "message_data": null,
    "timestamp_utc": "2024-01-06T19:56:21.496Z",
    "context_application_version": "8.7.20.1261",
    "context_conn_country": "IN",
    "context_device_manufacturer": "LENOVO",
    "context_device_model": "Lenovo TB-8504X",
    "context_device_type": null,
    "context_os_name": "android",
    "context_os_version": "8.1.0",
    "context_receiver_service_timestamp": 1704571013180,
    "context_time": 1704570981496,
    "message_campaign_id": "135390",
    "message_event_type": "DISMISS",
    "message_push_id": "e308410b-75b6-4283-87f2-10b5d91ef56b",
    "message_timestamp_ms": 1704570981481
  },
  {
    "message_data": null,
    "timestamp_utc": "2024-05-02T17:50:23.450Z",
    "context_application_version": "8.7.20.1261",
    "context_conn_country": "IN",
    "context_device_manufacturer": "LENOVO",
    "context_device_model": "Lenovo TB-8504X",
    "context_device_type": "tablet",
    "context_os_name": "android",
    "context_os_version": "8.1.0",
    "context_receiver_service_timestamp": 1714672285097,
    "context_time": 1714672223450,
    "message_campaign_id": "83690",
    "message_event_type": "DISMISS",
    "message_push_id": "6658f720-0719-4092-876e-b3d3d3ea30b9",
    "message_timestamp_ms": 1714672223443
  },
  {
    "message_data": null,
    "timestamp_utc": "2024-03-31T15:19:56.945Z",
    "context_application_version": "8.7.20.1261",
    "context_conn_country": "IN",
    "context_device_manufacturer": "LENOVO",
    "context_device_model": "Lenovo TB-8504X",
    "context_device_type": "tablet",
    "context_os_name": "android",
    "context_os_version": "8.1.0",
    "context_receiver_service_timestamp": 1711898427765,
    "context_time": 1711898396945,
    "message_campaign_id": "127298",
    "message_event_type": "DISMISS",
    "message_push_id": "98613a6b-394f-4aeb-983b-92ca318f5b9e",
    "message_timestamp_ms": 1711898396937
  },
  {
    "message_data": null,
    "timestamp_utc": "2024-01-13T18:06:18.362Z",
    "context_application_version": "8.7.20.1261",
    "context_conn_country": "IN",
    "context_device_manufacturer": "LENOVO",
    "context_device_model": "Lenovo TB-8504X",
    "context_device_type": null,
    "context_os_name": "android",
    "context_os_version": "8.1.0",
    "context_receiver_service_timestamp": 1705169208952,
    "context_time": 1705169178362,
    "message_campaign_id": "127298",
    "message_event_type": "DISMISS",
    "message_push_id": "aa2ee40f-559d-4023-83ec-51e4073c449b",
    "message_timestamp_ms": 1705169178340
  },
  {
    "message_data": null,
    "timestamp_utc": "2024-04-22T04:07:52.837Z",
    "context_application_version": "8.7.20.1261",
    "context_conn_country": "IN",
    "context_device_manufacturer": "LENOVO",
    "context_device_model": "Lenovo TB-8504X",
    "context_device_type": "tablet",
    "context_os_name": "android",
    "context_os_version": "8.1.0",
    "context_receiver_service_timestamp": 1713758903711,
    "context_time": 1713758872837,
    "message_campaign_id": "143810",
    "message_event_type": "DISMISS",
    "message_push_id": "e36940a0-0aca-4b70-8ef0-ae2b6b47d826",
    "message_timestamp_ms": 1713758872828
  },
  {
    "message_data": null,
    "timestamp_utc": "2024-05-13T19:24:39.584Z",
    "context_application_version": "8.7.20.1261",
    "context_conn_country": "IN",
    "context_device_manufacturer": "LENOVO",
    "context_device_model": "Lenovo TB-8504X",
    "context_device_type": "tablet",
    "context_os_name": "android",
    "context_os_version": "8.1.0",
    "context_receiver_service_timestamp": 1715628310572,
    "context_time": 1715628279584,
    "message_campaign_id": "145624",
    "message_event_type": "DISMISS",
    "message_push_id": "d1f8a065-5198-4d5f-83ba-e59e147c76e2",
    "message_timestamp_ms": 1715628279570
  },
  {
    "message_data": null,
    "timestamp_utc": "2024-03-04T18:30:14.033Z",
    "context_application_version": "8.7.20.1261",
    "context_conn_country": "IN",
    "context_device_manufacturer": "LENOVO",
    "context_device_model": "Lenovo TB-8504X",
    "context_device_type": null,
    "context_os_name": "android",
    "context_os_version": "8.1.0",
    "context_receiver_service_timestamp": 1709578293767,
    "context_time": 1709577014033,
    "message_campaign_id": "136297",
    "message_event_type": "DISMISS",
    "message_push_id": "ff9af8f7-a6df-4f5d-bda0-97d362ccf69d",
    "message_timestamp_ms": 1709577014025
  },
  {
    "message_data": null,
    "timestamp_utc": "2024-03-12T15:32:35.991Z",
    "context_application_version": "8.7.20.1261",
    "context_conn_country": "IN",
    "context_device_manufacturer": "LENOVO",
    "context_device_model": "Lenovo TB-8504X",
    "context_device_type": "tablet",
    "context_os_name": "android",
    "context_os_version": "8.1.0",
    "context_receiver_service_timestamp": 1710257889927,
    "context_time": 1710257555991,
    "message_campaign_id": "140430",
    "message_event_type": "DISMISS",
    "message_push_id": "b6c2974b-44d9-4b05-a915-e5d3ea1a7507",
    "message_timestamp_ms": 1710257555975
  },
  {
    "message_data": null,
    "timestamp_utc": "2024-04-08T19:24:53.850Z",
    "context_application_version": "8.7.20.1261",
    "context_conn_country": "IN",
    "context_device_manufacturer": "LENOVO",
    "context_device_model": "Lenovo TB-8504X",
    "context_device_type": "tablet",
    "context_os_name": "android",
    "context_os_version": "8.1.0",
    "context_receiver_service_timestamp": 1712604324479,
    "context_time": 1712604293850,
    "message_campaign_id": "83689",
    "message_event_type": "DISMISS",
    "message_push_id": "7be360b0-6d08-4c40-b1e2-d2e20f240feb",
    "message_timestamp_ms": 1712604293839
  },
  {
    "message_data": null,
    "timestamp_utc": "2024-04-12T14:29:02.612Z",
    "context_application_version": "8.7.20.1261",
    "context_conn_country": "IN",
    "context_device_manufacturer": "realme",
    "context_device_model": "RMX3392",
    "context_device_type": "mobile",
    "context_os_name": "android",
    "context_os_version": "13",
    "context_receiver_service_timestamp": 1712932183755,
    "context_time": 1712932142612,
    "message_campaign_id": "143440",
    "message_event_type": "DISMISS",
    "message_push_id": "c670a21c-a82f-4b0f-b33c-9625f3ab26fd",
    "message_timestamp_ms": 1712932142610
  },
  {
    "message_data": null,
    "timestamp_utc": "2024-03-04T17:46:21.742Z",
    "context_application_version": "8.7.20.1261",
    "context_conn_country": "IN",
    "context_device_manufacturer": "realme",
    "context_device_model": "RMX3392",
    "context_device_type": null,
    "context_os_name": "android",
    "context_os_version": "13",
    "context_receiver_service_timestamp": 1709574420122,
    "context_time": 1709574381742,
    "message_campaign_id": "136297",
    "message_event_type": "DISMISS",
    "message_push_id": "ff9af8f7-a6df-4f5d-bda0-97d362ccf69d",
    "message_timestamp_ms": 1709574381740
  },
  {
    "message_data": null,
    "timestamp_utc": "2024-02-07T05:50:46.391Z",
    "context_application_version": "8.7.20.1261",
    "context_conn_country": "IN",
    "context_device_manufacturer": "LENOVO",
    "context_device_model": "Lenovo TB-8504X",
    "context_device_type": null,
    "context_os_name": "android",
    "context_os_version": "8.1.0",
    "context_receiver_service_timestamp": 1707285076714,
    "context_time": 1707285046391,
    "message_campaign_id": "137222",
    "message_event_type": "DISMISS",
    "message_push_id": "5e7512c5-5a6a-4364-8836-77fffe1100c3",
    "message_timestamp_ms": 1707285046383
  },
  {
    "message_data": null,
    "timestamp_utc": "2024-02-07T09:49:49.912Z",
    "context_application_version": "8.7.20.1261",
    "context_conn_country": "IN",
    "context_device_manufacturer": "realme",
    "context_device_model": "RMX3392",
    "context_device_type": null,
    "context_os_name": "android",
    "context_os_version": "13",
    "context_receiver_service_timestamp": 1707299397819,
    "context_time": 1707299389912,
    "message_campaign_id": "137223",
    "message_event_type": "DISMISS",
    "message_push_id": "2495f779-abb9-4e61-b390-ee5a4906c4b5",
    "message_timestamp_ms": 1707299389903
  },
  {
    "message_data": null,
    "timestamp_utc": "2024-04-03T17:10:25.274Z",
    "context_application_version": "8.7.20.1261",
    "context_conn_country": "IN",
    "context_device_manufacturer": "LENOVO",
    "context_device_model": "Lenovo TB-8504X",
    "context_device_type": "tablet",
    "context_os_name": "android",
    "context_os_version": "8.1.0",
    "context_receiver_service_timestamp": 1712164259752,
    "context_time": 1712164225274,
    "message_campaign_id": "127298",
    "message_event_type": "DISMISS",
    "message_push_id": "07efb9a5-b3e7-48fc-800d-83845103fbfa",
    "message_timestamp_ms": 1712164225244
  },
  {
    "message_data": null,
    "timestamp_utc": "2024-03-02T18:12:40.124Z",
    "context_application_version": "8.7.20.1261",
    "context_conn_country": "IN",
    "context_device_manufacturer": "LENOVO",
    "context_device_model": "Lenovo TB-8504X",
    "context_device_type": null,
    "context_os_name": "android",
    "context_os_version": "8.1.0",
    "context_receiver_service_timestamp": 1709578293113,
    "context_time": 1709403160124,
    "message_campaign_id": "127298",
    "message_event_type": "DISMISS",
    "message_push_id": "b852b4c2-7baa-4df9-8bc9-105143bf83fb",
    "message_timestamp_ms": 1709403160103
  },
  {
    "message_data": null,
    "timestamp_utc": "2024-05-14T17:29:15.001Z",
    "context_application_version": "8.7.20.1261",
    "context_conn_country": "IN",
    "context_device_manufacturer": "realme",
    "context_device_model": "RMX3392",
    "context_device_type": "mobile",
    "context_os_name": "android",
    "context_os_version": "14",
    "context_receiver_service_timestamp": 1715708818888,
    "context_time": 1715707755001,
    "message_campaign_id": "83677",
    "message_event_type": "DISMISS",
    "message_push_id": "61d147b5-eab1-40fe-adcd-7ae4f7872cde",
    "message_timestamp_ms": 1715707755000
  },
  {
    "message_data": null,
    "timestamp_utc": "2024-02-24T11:33:09.309Z",
    "context_application_version": "8.7.20.1261",
    "context_conn_country": "IN",
    "context_device_manufacturer": "LENOVO",
    "context_device_model": "Lenovo TB-8504X",
    "context_device_type": null,
    "context_os_name": "android",
    "context_os_version": "8.1.0",
    "context_receiver_service_timestamp": 1708774420667,
    "context_time": 1708774389309,
    "message_campaign_id": "138983",
    "message_event_type": "DISMISS",
    "message_push_id": "5d915431-88c6-4043-84f5-3c5844febcdc",
    "message_timestamp_ms": 1708774389289
  },
  {
    "message_data": null,
    "timestamp_utc": "2023-12-21T19:45:12.942Z",
    "context_application_version": "8.7.20.1261",
    "context_conn_country": "IN",
    "context_device_manufacturer": "LENOVO",
    "context_device_model": "Lenovo TB-8504X",
    "context_device_type": null,
    "context_os_name": "android",
    "context_os_version": "8.1.0",
    "context_receiver_service_timestamp": 1703187943536,
    "context_time": 1703187912942,
    "message_campaign_id": "135085",
    "message_event_type": "DISMISS",
    "message_push_id": "fcf6afd9-9b5f-421b-99ad-7539fe75e5a9",
    "message_timestamp_ms": 1703187912926
  },
  {
    "message_data": "spotify:site:playlistinabottle",
    "timestamp_utc": "2024-01-22T15:10:03.256Z",
    "context_application_version": "8.7.20.1261",
    "context_conn_country": "IN",
    "context_device_manufacturer": "realme",
    "context_device_model": "RMX3392",
    "context_device_type": null,
    "context_os_name": "android",
    "context_os_version": "13",
    "context_receiver_service_timestamp": 1705936234209,
    "context_time": 1705936203256,
    "message_campaign_id": "135753",
    "message_event_type": "PRIMARY_ACTION",
    "message_push_id": "7dd691cb-8654-4924-a04e-76273cd18f3e",
    "message_timestamp_ms": 1705936203254
  },
  {
    "message_data": null,
    "timestamp_utc": "2024-04-03T17:10:25.463Z",
    "context_application_version": "8.7.20.1261",
    "context_conn_country": "IN",
    "context_device_manufacturer": "LENOVO",
    "context_device_model": "Lenovo TB-8504X",
    "context_device_type": "tablet",
    "context_os_name": "android",
    "context_os_version": "8.1.0",
    "context_receiver_service_timestamp": 1712164259752,
    "context_time": 1712164225463,
    "message_campaign_id": "83649",
    "message_event_type": "DISMISS",
    "message_push_id": "34347107-e8a0-432c-b5fd-d011c0016ce1",
    "message_timestamp_ms": 1712164225301
  },
  {
    "message_data": null,
    "timestamp_utc": "2024-02-26T13:38:20.112Z",
    "context_application_version": "8.7.20.1261",
    "context_conn_country": "IN",
    "context_device_manufacturer": "LENOVO",
    "context_device_model": "Lenovo TB-8504X",
    "context_device_type": null,
    "context_os_name": "android",
    "context_os_version": "8.1.0",
    "context_receiver_service_timestamp": 1708954730403,
    "context_time": 1708954700112,
    "message_campaign_id": "139037",
    "message_event_type": "DISMISS",
    "message_push_id": "25cbf54b-385c-4237-8ccf-a76d1f82b804",
    "message_timestamp_ms": 1708954700102
  },
  {
    "message_data": null,
    "timestamp_utc": "2023-12-29T13:27:51.160Z",
    "context_application_version": "8.7.20.1261",
    "context_conn_country": "IN",
    "context_device_manufacturer": "LENOVO",
    "context_device_model": "Lenovo TB-8504X",
    "context_device_type": null,
    "context_os_name": "android",
    "context_os_version": "8.1.0",
    "context_receiver_service_timestamp": 1703856509019,
    "context_time": 1703856471160,
    "message_campaign_id": "135092",
    "message_event_type": "DISMISS",
    "message_push_id": "6a7501d6-2ff1-4a8f-9b8a-18a2ac02d758",
    "message_timestamp_ms": 1703856471132
  },
  {
    "message_data": null,
    "timestamp_utc": "2024-01-04T14:41:27.527Z",
    "context_application_version": "8.7.20.1261",
    "context_conn_country": "IN",
    "context_device_manufacturer": "LENOVO",
    "context_device_model": "Lenovo TB-8504X",
    "context_device_type": null,
    "context_os_name": "android",
    "context_os_version": "8.1.0",
    "context_receiver_service_timestamp": 1704379318559,
    "context_time": 1704379287527,
    "message_campaign_id": "135388",
    "message_event_type": "DISMISS",
    "message_push_id": "db6d9818-8c30-4c6f-8f1b-300f7b1be4d6",
    "message_timestamp_ms": 1704379287514
  },
  {
    "message_data": null,
    "timestamp_utc": "2024-05-11T06:54:22.013Z",
    "context_application_version": "8.7.20.1261",
    "context_conn_country": "IN",
    "context_device_manufacturer": "realme",
    "context_device_model": "RMX3392",
    "context_device_type": "mobile",
    "context_os_name": "android",
    "context_os_version": "14",
    "context_receiver_service_timestamp": 1715410513815,
    "context_time": 1715410462013,
    "message_campaign_id": "145574",
    "message_event_type": "DISMISS",
    "message_push_id": "9439367f-bc19-4050-8200-cb99d3b7fe52",
    "message_timestamp_ms": 1715410462009
  },
  {
    "message_data": null,
    "timestamp_utc": "2024-01-20T08:53:42.362Z",
    "context_application_version": "8.7.20.1261",
    "context_conn_country": "IN",
    "context_device_manufacturer": "LENOVO",
    "context_device_model": "Lenovo TB-8504X",
    "context_device_type": null,
    "context_os_name": "android",
    "context_os_version": "8.1.0",
    "context_receiver_service_timestamp": 1705953064967,
    "context_time": 1705740822362,
    "message_campaign_id": "135899",
    "message_event_type": "DISMISS",
    "message_push_id": "3bcc446a-bbce-4867-836b-7fd95aae007b",
    "message_timestamp_ms": 1705740822354
  },
  {
    "message_data": null,
    "timestamp_utc": "2024-04-19T15:43:31.360Z",
    "context_application_version": "8.7.20.1261",
    "context_conn_country": "IN",
    "context_device_manufacturer": "LENOVO",
    "context_device_model": "Lenovo TB-8504X",
    "context_device_type": "tablet",
    "context_os_name": "android",
    "context_os_version": "8.1.0",
    "context_receiver_service_timestamp": 1713541444024,
    "context_time": 1713541411360,
    "message_campaign_id": "143674",
    "message_event_type": "DISMISS",
    "message_push_id": "23ca0cf8-2a42-4145-9cab-82850908f45f",
    "message_timestamp_ms": 1713541411284
  },
  {
    "message_data": null,
    "timestamp_utc": "2023-12-18T03:38:40.780Z",
    "context_application_version": "8.7.20.1261",
    "context_conn_country": "IN",
    "context_device_manufacturer": "realme",
    "context_device_model": "RMX3392",
    "context_device_type": null,
    "context_os_name": "android",
    "context_os_version": "13",
    "context_receiver_service_timestamp": 1702870752190,
    "context_time": 1702870720780,
    "message_campaign_id": "133912",
    "message_event_type": "DISMISS",
    "message_push_id": "aa3c6784-21e9-436a-936b-85ba88920e52",
    "message_timestamp_ms": 1702870720779
  },
  {
    "message_data": null,
    "timestamp_utc": "2024-05-13T16:47:37.216Z",
    "context_application_version": "8.7.20.1261",
    "context_conn_country": "IN",
    "context_device_manufacturer": "LENOVO",
    "context_device_model": "Lenovo TB-8504X",
    "context_device_type": "tablet",
    "context_os_name": "android",
    "context_os_version": "8.1.0",
    "context_receiver_service_timestamp": 1715618881196,
    "context_time": 1715618857216,
    "message_campaign_id": "145574",
    "message_event_type": "DISMISS",
    "message_push_id": "9439367f-bc19-4050-8200-cb99d3b7fe52",
    "message_timestamp_ms": 1715618857201
  },
  {
    "message_data": null,
    "timestamp_utc": "2024-04-23T16:25:53.121Z",
    "context_application_version": "8.7.20.1261",
    "context_conn_country": "IN",
    "context_device_manufacturer": "realme",
    "context_device_model": "RMX3392",
    "context_device_type": "mobile",
    "context_os_name": "android",
    "context_os_version": "13",
    "context_receiver_service_timestamp": 1713889559923,
    "context_time": 1713889553121,
    "message_campaign_id": "143671",
    "message_event_type": "DISMISS",
    "message_push_id": "12925bc9-56c2-4195-8c28-2bfebfc216cb",
    "message_timestamp_ms": 1713889553101
  },
  {
    "message_data": "spotify:episode:2iuyzGlskSNymif4rd2Eiv",
    "timestamp_utc": "2024-03-03T14:26:05.606Z",
    "context_application_version": "8.7.20.1261",
    "context_conn_country": "IN",
    "context_device_manufacturer": "realme",
    "context_device_model": "RMX3392",
    "context_device_type": null,
    "context_os_name": "android",
    "context_os_version": "13",
    "context_receiver_service_timestamp": 1709475995973,
    "context_time": 1709475965606,
    "message_campaign_id": "127298",
    "message_event_type": "PRIMARY_ACTION",
    "message_push_id": "4fe67848-227f-4d8e-b904-ead82b36f625",
    "message_timestamp_ms": 1709475965601
  },
  {
    "message_data": null,
    "timestamp_utc": "2023-12-18T11:06:14.151Z",
    "context_application_version": "8.7.20.1261",
    "context_conn_country": "IN",
    "context_device_manufacturer": "LENOVO",
    "context_device_model": "Lenovo TB-8504X",
    "context_device_type": null,
    "context_os_name": "android",
    "context_os_version": "8.1.0",
    "context_receiver_service_timestamp": 1702897694524,
    "context_time": 1702897574151,
    "message_campaign_id": "133912",
    "message_event_type": "DISMISS",
    "message_push_id": "aa3c6784-21e9-436a-936b-85ba88920e52",
    "message_timestamp_ms": 1702897574143
  },
  {
    "message_data": null,
    "timestamp_utc": "2024-04-24T06:34:13.474Z",
    "context_application_version": "8.7.20.1261",
    "context_conn_country": "IN",
    "context_device_manufacturer": "realme",
    "context_device_model": "RMX3392",
    "context_device_type": "mobile",
    "context_os_name": "android",
    "context_os_version": "13",
    "context_receiver_service_timestamp": 1713940454851,
    "context_time": 1713940453474,
    "message_campaign_id": "143674",
    "message_event_type": "DISMISS",
    "message_push_id": "694258a6-c39f-4963-95c6-a7560fd5d538",
    "message_timestamp_ms": 1713940453469
  },
  {
    "message_data": null,
    "timestamp_utc": "2023-12-21T15:47:33.027Z",
    "context_application_version": "8.7.20.1261",
    "context_conn_country": "IN",
    "context_device_manufacturer": "realme",
    "context_device_model": "RMX3392",
    "context_device_type": null,
    "context_os_name": "android",
    "context_os_version": "13",
    "context_receiver_service_timestamp": 1703173670081,
    "context_time": 1703173653027,
    "message_campaign_id": "135085",
    "message_event_type": "DISMISS",
    "message_push_id": "fcf6afd9-9b5f-421b-99ad-7539fe75e5a9",
    "message_timestamp_ms": 1703173653023
  },
  {
    "message_data": null,
    "timestamp_utc": "2024-03-20T14:57:27.937Z",
    "context_application_version": "8.7.20.1261",
    "context_conn_country": "IN",
    "context_device_manufacturer": "realme",
    "context_device_model": "RMX3392",
    "context_device_type": "mobile",
    "context_os_name": "android",
    "context_os_version": "13",
    "context_receiver_service_timestamp": 1710946690367,
    "context_time": 1710946647937,
    "message_campaign_id": "127298",
    "message_event_type": "DISMISS",
    "message_push_id": "5629bbf0-0a75-40f8-bfc4-fa303aeb8b4f",
    "message_timestamp_ms": 1710946647879
  }
]