{
  "recipients": [
    {
      "name": "Spotify Group Companies",
      "members": [
        "Servicios De Música México S.A. De C.V.",
        "Sociedad Recaudadora Ssmm México, S.A. De C.V.",
        "Sonantic Limited",
        "Spotify AB",
        "Spotify Argentina S.A.",
        "Spotify Australia Pty Ltd",
        "Spotify Belgium NV",
        "Spotify Brasil Serviços De Música Ltda",
        "Spotify Canada Inc.",
        "Spotify Denmark ApS",
        "Spotify Dijital Yayıncılık Hizmetleri Anonim Şirketi",
        "Spotify Finland OY",
        "Spotify France SAS",
        "Spotify GmbH",
        "Spotify India LLP",
        "Spotify Ireland Limited",
        "Spotify Italy S.r.l.",
        "Spotify Japan K.K. / スポティファイジャパン株式会社",
        "Spotify Korea, Ltd",
        "Spotify Limited",
        "Spotify Mena FZ-LLC",
        "Spotify Netherlands BV",
        "Spotify Singapore Pte Ltd.",
        "Spotify South Africa Pty Ltd",
        "Spotify Spain S.L",
        "Spotify Taiwan Ltd",
        "Spotify USA Inc."
      ]
    },
    {
      "name": "Other Companies",
      "members": [
        "24-7 Intouch, Inc.",
        "Adaptavist, Inc.",
        "Adform A/S",
        "Adobe Systems Software Ireland Limited",
        "Adxcel Inc., DBA Artsai",
        "Adyen Inc.",
        "Adyen Mexico SA",
        "Adyen N.V.",
        "Adyen Pty",
        "Akamai Technologies AB",
        "Amazon Advertising LLC",
        "Amazon.com, Inc.",
        "AppsFlyer Ltd",
        "Arkose Labs, Inc.",
        "Atlassian Corporation PLC",
        "AudienceProject A/S",
        "Backspaces Inc. dba Chargehound",
        "Backtrace I/O, Inc.",
        "Boku Payments, Inc",
        "Branch Metrics, Inc.",
        "Braze, Inc.",
        "Cloudflare Inc",
        "Comscore, Inc.",
        "Concentrix Corporation",
        "Conductrics Inc.",
        "Content Square, Inc.",
        "Digitalist Finland Oy",
        "DoubleVerify Inc.",
        "Dynata LLC",
        "Epsilon Data Management, LLC",
        "Fieldwork, Inc.",
        "FlashTalking, Inc.",
        "Foursquare Labs, Inc.",
        "Gemius S.A.",
        "Google Asia Pacific Pte. Limited",
        "Google Cloud EMEA Ltd",
        "Google Commerce Limited",
        "Google Ireland Limited",
        "Google LLC",
        "Hopin Ltd.",
        "IHS Markit Ltd",
        "Innity Corp Bhd.",
        "Innovid, Inc.",
        "Integral Ad Science, Inc.",
        "Jellyfish US Limited",
        "Khoros, LLC",
        "LivePerson Netherlands B.V.",
        "LiveRamp, Inc.",
        "Lucid Holdings, LLC",
        "Magnite Inc.",
        "Metaverse Mod Squad UK Ltd.",
        "Moat, Inc.",
        "ModSquad Costa Rica S.A.",
        "ModSquad PH Corp.",
        "ModSquad, Inc.",
        "Operadora PayPal de México, S. de R.L. de C.V.",
        "OwnBackup, Inc.",
        "PayPal (Europe) S.aÌ r.l. et Cie, S.C.A.",
        "PayPal Australia Pty Limited",
        "PayPal Payments Pvt. Ltd",
        "PayPal, Inc.",
        "Ravelin Technology Ltd.",
        "RevJet, Inc.",
        "Salesforce.com, Inc.",
        "Splunk, Inc.",
        "Statsig",
        "Sutherland Global Services Bulgaria EOOD",
        "Sutherland Global Services Colombia Holding SAS",
        "Sutherland Global Services Philippines, Inc.",
        "Sutherland Global Services Private Limited (India)",
        "Sutherland Global Services, Inc.",
        "The Kantar Group Limited",
        "The Nielsen Company, LLC",
        "The Rocket Science Group LLC",
        "Twilio, Inc.",
        "Unit Q Inc",
        "Virtual Minds GmbH",
        "Weborama S.A.",
        "Wiz Inc",
        "Worldline Sweden AB",
        "Xandr Inc."
      ]
    }
  ]
}