[
  {
    "message_request": "https://image-cdn-ak.spotifycdn.com/image/ab67616d0000ab87fe98262193980670aca2aa02",
    "timestamp_utc": "2024-03-20T23:51:26.845Z",
    "context_application_version": "8.7.20.1261",
    "context_conn_country": "IN",
    "context_device_manufacturer": "realme",
    "context_device_model": "RMX3392",
    "context_device_type": "mobile",
    "context_os_name": "android",
    "context_os_version": "13",
    "context_receiver_service_timestamp": 1710978712460,
    "context_time": 1710978686845,
    "message_error": "http_error_timeout",
    "message_result": 200,
    "message_source": "image-cosmos"
  },
  {
    "message_request": "https://image-cdn-ak.spotifycdn.com/image/ab67616d0000ab873f0728f55894526094f777f9",
    "timestamp_utc": "2024-05-02T18:36:59.749Z",
    "context_application_version": "8.7.20.1261",
    "context_conn_country": "IN",
    "context_device_manufacturer": "LENOVO",
    "context_device_model": "Lenovo TB-8504X",
    "context_device_type": "tablet",
    "context_os_name": "android",
    "context_os_version": "8.1.0",
    "context_receiver_service_timestamp": 1714675038332,
    "context_time": 1714675019749,
    "message_error": "http_error_fail",
    "message_result": 200,
    "message_source": "image-cosmos"
  },
  {
    "message_request": "https://image-cdn-ak.spotifycdn.com/image/ab67616d000075a08aabb8ac808389e9c3579c61",
    "timestamp_utc": "2024-04-16T09:25:28.239Z",
    "context_application_version": "8.7.20.1261",
    "context_conn_country": "IN",
    "context_device_manufacturer": "realme",
    "context_device_model": "RMX3392",
    "context_device_type": "mobile",
    "context_os_name": "android",
    "context_os_version": "13",
    "context_receiver_service_timestamp": 1713259595486,
    "context_time": 1713259528239,
    "message_error": "http_error_fail",
    "message_result": 200,
    "message_source": "image-cosmos"
  },
  {
    "message_request": "https://image-cdn-ak.spotifycdn.com/image/ab67616d000075a073242fe0060e61cf603b2380",
    "timestamp_utc": "2024-03-21T00:08:14.243Z",
    "context_application_version": "8.7.20.1261",
    "context_conn_country": "IN",
    "context_device_manufacturer": "realme",
    "context_device_model": "RMX3392",
    "context_device_type": "mobile",
    "context_os_name": "android",
    "context_os_version": "13",
    "context_receiver_service_timestamp": 1710979885603,
    "context_time": 1710979694243,
    "message_error": "http_error_fail",
    "message_result": 200,
    "message_source": "image-cosmos"
  },
  {
    "message_request": "https://image-cdn-ak.spotifycdn.com/image/ab67616d000075a03f0728f55894526094f777f9",
    "timestamp_utc": "2024-03-20T23:51:26.953Z",
    "context_application_version": "8.7.20.1261",
    "context_conn_country": "IN",
    "context_device_manufacturer": "realme",
    "context_device_model": "RMX3392",
    "context_device_type": "mobile",
    "context_os_name": "android",
    "context_os_version": "13",
    "context_receiver_service_timestamp": 1710978712460,
    "context_time": 1710978686953,
    "message_error": "http_error_timeout",
    "message_result": 200,
    "message_source": "image-cosmos"
  },
  {
    "message_request": "https://image-cdn-ak.spotifycdn.com/image/ab67616d0000ab873e4ba46c9324ef423f347c35",
    "timestamp_utc": "2024-05-02T18:36:59.778Z",
    "context_application_version": "8.7.20.1261",
    "context_conn_country": "IN",
    "context_device_manufacturer": "LENOVO",
    "context_device_model": "Lenovo TB-8504X",
    "context_device_type": "tablet",
    "context_os_name": "android",
    "context_os_version": "8.1.0",
    "context_receiver_service_timestamp": 1714675038332,
    "context_time": 1714675019778,
    "message_error": "http_error_fail",
    "message_result": 200,
    "message_source": "image-cosmos"
  },
  {
    "message_request": "https://image-cdn-ak.spotifycdn.com/image/ab67616d0000ab87b226089361a2936c3f7d0f7f",
    "timestamp_utc": "2024-03-20T21:41:35.795Z",
    "context_application_version": "8.7.20.1261",
    "context_conn_country": "IN",
    "context_device_manufacturer": "realme",
    "context_device_model": "RMX3392",
    "context_device_type": "mobile",
    "context_os_name": "android",
    "context_os_version": "13",
    "context_receiver_service_timestamp": 1710971648864,
    "context_time": 1710970895795,
    "message_error": "http_error_fail",
    "message_result": 200,
    "message_source": "image-cosmos"
  },
  {
    "message_request": "https://image-cdn-ak.spotifycdn.com/image/ab67616d000075a030325fdb1140cc67b0d579f6",
    "timestamp_utc": "2024-03-20T21:38:13.371Z",
    "context_application_version": "8.7.20.1261",
    "context_conn_country": "IN",
    "context_device_manufacturer": "realme",
    "context_device_model": "RMX3392",
    "context_device_type": "mobile",
    "context_os_name": "android",
    "context_os_version": "13",
    "context_receiver_service_timestamp": 1710971648365,
    "context_time": 1710970693371,
    "message_error": "http_error_fail",
    "message_result": 200,
    "message_source": "image-cosmos"
  },
  {
    "message_request": "https://image-cdn-ak.spotifycdn.com/image/ab67616d0000ab87b226089361a2936c3f7d0f7f",
    "timestamp_utc": "2024-03-20T21:38:13.271Z",
    "context_application_version": "8.7.20.1261",
    "context_conn_country": "IN",
    "context_device_manufacturer": "realme",
    "context_device_model": "RMX3392",
    "context_device_type": "mobile",
    "context_os_name": "android",
    "context_os_version": "13",
    "context_receiver_service_timestamp": 1710971648365,
    "context_time": 1710970693271,
    "message_error": "http_error_fail",
    "message_result": 200,
    "message_source": "image-cosmos"
  },
  {
    "message_request": "https://image-cdn-ak.spotifycdn.com/image/ab67616d0000ab87149af1f09bc58f2b4803e512",
    "timestamp_utc": "2024-03-21T00:08:14.222Z",
    "context_application_version": "8.7.20.1261",
    "context_conn_country": "IN",
    "context_device_manufacturer": "realme",
    "context_device_model": "RMX3392",
    "context_device_type": "mobile",
    "context_os_name": "android",
    "context_os_version": "13",
    "context_receiver_service_timestamp": 1710979885603,
    "context_time": 1710979694222,
    "message_error": "http_error_fail",
    "message_result": 200,
    "message_source": "image-cosmos"
  }
]