[
  {
    "message_candidate_uris": [
      "spotify:track:3zSSCPpLZ5Oc8nelhhGjKz",
      "spotify:episode:5uyBDQWRrGeIf4z39qnPfz",
      "spotify:track:4YeLIbP3ThOHSkeltJkJjn",
      "spotify:track:7K6RLbkpqZI4OaoSnLcBiU",
      "spotify:track:4ZVfIGaZP93t0stmBj4FqA",
      "spotify:track:4VsP4Dm8gsibRxB5I2hEkw",
      "spotify:track:0LOaW3AyXaC3E03Y2eADAu",
      "spotify:show:4Oo0biTfEv09PffkSbrv75",
      "spotify:track:7e2dvR0ySx1bBJRDxVJiG1",
      "spotify:playlist:01katpMqCCWVdgKoPm7sT7",
      "spotify:album:64TpPq3QgOQUaX3GSNMEYt",
      "spotify:playlist:207uQAYEQ3CDXlUhSUEFle",
      "spotify:track:6cWPmcGedrAyCxPefvkX1k",
      "spotify:playlist:6NdZZoG3SIc9INudGpdkRq",
      "spotify:episode:2BC4GbkzOD3q0zkx5M22gR",
      "spotify:track:6iK9Fo0AFOHZqgwkmdkS5q",
      "spotify:album:2zJbfLLqGTRqxdWdzLVCb9"
    ],
    "message_query": "tu he kaha ",
    "timestamp_utc": "2024-05-29T13:23:25.258Z",
    "context_time": 1716989005258,
    "message_country": "IN",
    "message_locale": "en_IN",
    "message_platform": "ANDROID_ARM",
    "message_timestamp": 1716988997619,
    "message_top_recs_uris": [
    ],
    "message_user_agent": "Spotify/8.7.20.1261 Android/27 (Lenovo TB-8504X)"
  },
  {
    "message_candidate_uris": [
      "spotify:track:3zSSCPpLZ5Oc8nelhhGjKz",
      "spotify:track:0op7p4Q6gFh44KKeTaKocv",
      "spotify:episode:5uyBDQWRrGeIf4z39qnPfz",
      "spotify:track:3aaiAWCet6sbfOfLSn3g7i",
      "spotify:track:2fsBaSK1551VvUD9Uvbb9Q",
      "spotify:track:0pw3p4gf5homOkvOGOJulF",
      "spotify:track:3hkC9EHFZNQPXrtl8WPHnX",
      "spotify:episode:6l1fZ1ZhjLN8g5vGfoLCYl",
      "spotify:track:7uNnlVit5qDvfOje0pqICF",
      "spotify:track:0XCtA9pYB0aOciPzrJpkAK",
      "spotify:playlist:6ecEaDqJvTibTXvesRR2ja",
      "spotify:album:3OJvI9jWSZQJDVDlcmmxle",
      "spotify:track:2Fv2injs4qAm8mJBGaxVKU",
      "spotify:album:73vfz6Szer7i3GFIesix6l",
      "spotify:episode:2BC4GbkzOD3q0zkx5M22gR",
      "spotify:track:2mrO05VnrPkQg4PTixL91Y",
      "spotify:playlist:01katpMqCCWVdgKoPm7sT7"
    ],
    "message_query": "tu ",
    "timestamp_utc": "2024-05-29T13:23:15.510Z",
    "context_time": 1716988995510,
    "message_country": "IN",
    "message_locale": "en_IN",
    "message_platform": "ANDROID_ARM",
    "message_timestamp": 1716988992121,
    "message_top_recs_uris": [
    ],
    "message_user_agent": "Spotify/8.7.20.1261 Android/27 (Lenovo TB-8504X)"
  },
  {
    "message_candidate_uris": [
      "spotify:track:3zSSCPpLZ5Oc8nelhhGjKz",
      "spotify:track:1gWtHDe403RuyZqhvSRcv8",
      "spotify:track:4YeLIbP3ThOHSkeltJkJjn",
      "spotify:track:5qu00elDJgCJMlbCLlTsvD",
      "spotify:episode:2BC4GbkzOD3q0zkx5M22gR",
      "spotify:album:73vfz6Szer7i3GFIesix6l",
      "spotify:track:7K6RLbkpqZI4OaoSnLcBiU",
      "spotify:episode:6l1fZ1ZhjLN8g5vGfoLCYl",
      "spotify:playlist:2z16gbLpXlk6BkanuE0XZo",
      "spotify:track:76Ft5Sj31Z6cl4cN3VJYY3",
      "spotify:track:56ShzRBsODyylHvxsMycO1",
      "spotify:artist:4gdMJYnopf2nEUcanAwstx",
      "spotify:playlist:01katpMqCCWVdgKoPm7sT7",
      "spotify:artist:69xcFpmqTOmFNOL08Bxyci",
      "spotify:episode:1xaCmxivlol2G5lufzKWRP"
    ],
    "message_query": "tu he kahs",
    "timestamp_utc": "2024-05-25T13:44:47.227Z",
    "context_time": 1716644687227,
    "message_country": "IN",
    "message_locale": "en_GB",
    "message_platform": "ANDROID_ARM",
    "message_timestamp": 1716644685774,
    "message_top_recs_uris": [
    ],
    "message_user_agent": "Spotify/8.7.20.1261 Android/34 (RMX3392)"
  },
  {
    "message_candidate_uris": [
      "spotify:track:1CVqr5LImdmJ1Upt4z08Pm",
      "spotify:track:2fsBaSK1551VvUD9Uvbb9Q",
      "spotify:track:6nwRC0UkS1MdOOMjcJsrbX",
      "spotify:track:1ufeADg0jivKpOFiAv3PYg",
      "spotify:track:5m2MS952ftWD4N7Idcyh7c",
      "spotify:track:3vjkllvtOIKpVvXSWsu1ta",
      "spotify:episode:6l1fZ1ZhjLN8g5vGfoLCYl",
      "spotify:episode:2BC4GbkzOD3q0zkx5M22gR",
      "spotify:track:10Q42CUsgTyl3ocldvI3C2",
      "spotify:track:5b9x5sRIzAgXQw0dhGORO1",
      "spotify:track:7p87RATknowYjH1siFCC3P",
      "spotify:track:4OCpBhcJxiSd1azaBOy21U",
      "spotify:track:2f5sTEhwX8qwCPgGPBavdx",
      "spotify:artist:2GoeZ0qOTt6kjsWW4eA6LS",
      "spotify:episode:5uyBDQWRrGeIf4z39qnPfz",
      "spotify:artist:4fEkbug6kZzzJ8eYX6Kbbp",
      "spotify:album:0Rkv5iqjF2uenfL0OVB8hg"
    ],
    "message_query": "tu he ",
    "timestamp_utc": "2024-05-29T13:23:20.618Z",
    "context_time": 1716989000618,
    "message_country": "IN",
    "message_locale": "en_IN",
    "message_platform": "ANDROID_ARM",
    "message_timestamp": 1716988995184,
    "message_top_recs_uris": [
    ],
    "message_user_agent": "Spotify/8.7.20.1261 Android/27 (Lenovo TB-8504X)"
  },
  {
    "message_candidate_uris": [
      "spotify:track:735bRwgZ4sTH5Vs3iFVnDr",
      "spotify:track:7uNnlVit5qDvfOje0pqICF",
      "spotify:track:2ceeTJAzKy295Fm0VsaXtE",
      "spotify:track:3hkC9EHFZNQPXrtl8WPHnX",
      "spotify:track:2mrO05VnrPkQg4PTixL91Y",
      "spotify:track:7eQl3Yqv35ioqUfveKHitE",
      "spotify:track:1wnozUBSe7OMpmZiTPJC5j",
      "spotify:track:56zZ48jdyY2oDXHVnwg5Di",
      "spotify:episode:3fQqtfbdr8uNclj08sRZ51",
      "spotify:track:330joCgJHJGHFLOgJCvNEM",
      "spotify:episode:6l1fZ1ZhjLN8g5vGfoLCYl",
      "spotify:album:5pAPEuGi48iywzO2NT5Ddt",
      "spotify:track:0up9rhm9qt2LW7cnoDFCMk",
      "spotify:playlist:4UbEObOXYmQYjDRNJX10Hf",
      "spotify:album:4PmYasI57t8uJJAOt0zKud"
    ],
    "message_query": "tum ",
    "timestamp_utc": "2024-06-01T23:45:46.721Z",
    "context_time": 1717285546721,
    "message_country": "IN",
    "message_locale": "en_GB",
    "message_platform": "ANDROID_ARM",
    "message_timestamp": 1717285545700,
    "message_top_recs_uris": [
    ],
    "message_user_agent": "Spotify/8.7.20.1261 Android/34 (RMX3392)"
  },
  {
    "message_candidate_uris": [
      "spotify:track:3zSSCPpLZ5Oc8nelhhGjKz",
      "spotify:show:4Oo0biTfEv09PffkSbrv75",
      "spotify:track:4YeLIbP3ThOHSkeltJkJjn",
      "spotify:track:7e2dvR0ySx1bBJRDxVJiG1",
      "spotify:track:4ZVfIGaZP93t0stmBj4FqA",
      "spotify:album:73vfz6Szer7i3GFIesix6l",
      "spotify:playlist:207uQAYEQ3CDXlUhSUEFle",
      "spotify:episode:5uyBDQWRrGeIf4z39qnPfz",
      "spotify:album:2xkyBtiU8rMkow6ymV9cUe",
      "spotify:artist:2cjQTf2J5yCaNY8qHpW855",
      "spotify:playlist:01katpMqCCWVdgKoPm7sT7",
      "spotify:track:4gDlagealcSx1ocWfcxRzI",
      "spotify:album:6BHlJhCk1vjCG6hqTG2SFV",
      "spotify:playlist:6NdZZoG3SIc9INudGpdkRq",
      "spotify:episode:2BC4GbkzOD3q0zkx5M22gR",
      "spotify:track:6cWPmcGedrAyCxPefvkX1k",
      "spotify:playlist:54TeQmvyiXr0ls7LYfvW4H"
    ],
    "message_query": "tu he ka",
    "timestamp_utc": "2024-05-29T13:23:22.241Z",
    "context_time": 1716989002241,
    "message_country": "IN",
    "message_locale": "en_IN",
    "message_platform": "ANDROID_ARM",
    "message_timestamp": 1716988996063,
    "message_top_recs_uris": [
    ],
    "message_user_agent": "Spotify/8.7.20.1261 Android/27 (Lenovo TB-8504X)"
  },
  {
    "message_candidate_uris": [
      "spotify:track:3zSSCPpLZ5Oc8nelhhGjKz",
      "spotify:show:4Oo0biTfEv09PffkSbrv75",
      "spotify:track:4YeLIbP3ThOHSkeltJkJjn",
      "spotify:track:7e2dvR0ySx1bBJRDxVJiG1",
      "spotify:track:4ZVfIGaZP93t0stmBj4FqA",
      "spotify:album:73vfz6Szer7i3GFIesix6l",
      "spotify:playlist:207uQAYEQ3CDXlUhSUEFle",
      "spotify:episode:5uyBDQWRrGeIf4z39qnPfz",
      "spotify:album:2xkyBtiU8rMkow6ymV9cUe",
      "spotify:track:4gDlagealcSx1ocWfcxRzI",
      "spotify:artist:2cjQTf2J5yCaNY8qHpW855",
      "spotify:album:6BHlJhCk1vjCG6hqTG2SFV",
      "spotify:track:6cWPmcGedrAyCxPefvkX1k",
      "spotify:playlist:01katpMqCCWVdgKoPm7sT7",
      "spotify:episode:2BC4GbkzOD3q0zkx5M22gR",
      "spotify:playlist:6NdZZoG3SIc9INudGpdkRq",
      "spotify:playlist:54TeQmvyiXr0ls7LYfvW4H"
    ],
    "message_query": "tu he ka",
    "timestamp_utc": "2024-05-29T13:23:22.434Z",
    "context_time": 1716989002434,
    "message_country": "IN",
    "message_locale": "en_IN",
    "message_platform": "ANDROID_ARM",
    "message_timestamp": 1716988996193,
    "message_top_recs_uris": [
    ],
    "message_user_agent": "Spotify/8.7.20.1261 Android/27 (Lenovo TB-8504X)"
  },
  {
    "message_candidate_uris": [
      "spotify:show:3ptiw7nOKh5vsMoar79YGc",
      "spotify:artist:69xcFpmqTOmFNOL08Bxyci",
      "spotify:episode:5cAFEEF2Ksks66wK839WZy",
      "spotify:playlist:3IpDoXyKOPgxJvUJYsagyM",
      "spotify:artist:7b6Ui7JVaBDEfZB9k6nHL0",
      "spotify:track:3aaiAWCet6sbfOfLSn3g7i",
      "spotify:track:2ceeTJAzKy295Fm0VsaXtE",
      "spotify:playlist:6ROwB86E42QvojSQQ0LWG7",
      "spotify:playlist:37i9dQZF1DXbVhgADFy3im",
      "spotify:track:7uNnlVit5qDvfOje0pqICF",
      "spotify:playlist:59t84WcoIgX85rhbWx8KbA",
      "spotify:playlist:37i9dQZF1DZ06evO0U6zpm",
      "spotify:track:3beYHVCFKzbdNjJqjKeYpM",
      "spotify:album:2CUXo26JAWIbQx0EVMnjpA",
      "spotify:show:4Oo0biTfEv09PffkSbrv75",
      "spotify:playlist:7KVlS9nfyKCQBGDnKjd40c",
      "spotify:track:5uQ7de4EWjb3rkcFxyEOpu"
    ],
    "message_query": "t",
    "timestamp_utc": "2024-05-29T13:23:12.796Z",
    "context_time": 1716988992796,
    "message_country": "IN",
    "message_locale": "en_IN",
    "message_platform": "ANDROID_ARM",
    "message_timestamp": 1716988991354,
    "message_top_recs_uris": [
    ],
    "message_user_agent": "Spotify/8.7.20.1261 Android/27 (Lenovo TB-8504X)"
  },
  {
    "message_candidate_uris": [
      "spotify:track:7uNnlVit5qDvfOje0pqICF",
      "spotify:track:2mrO05VnrPkQg4PTixL91Y",
      "spotify:episode:4l287SEhTdeRDF7CcHmtwG",
      "spotify:track:56zZ48jdyY2oDXHVnwg5Di",
      "spotify:track:6Z394Nd4gW6Ts9hmu3NUjx",
      "spotify:track:3hkC9EHFZNQPXrtl8WPHnX",
      "spotify:track:7H3mfOvtPNA8YDF3EdKy0L",
      "spotify:show:4Oo0biTfEv09PffkSbrv75",
      "spotify:track:6vNolBIVWvfY3Z20gAG5nI",
      "spotify:album:0Rkv5iqjF2uenfL0OVB8hg",
      "spotify:track:0up9rhm9qt2LW7cnoDFCMk",
      "spotify:album:3RZxrS2dDZlbsYtMRM89v8",
      "spotify:track:7eQl3Yqv35ioqUfveKHitE",
      "spotify:track:2MmAYegcUty1DmG0Gw7AMh",
      "spotify:episode:50KWsAdsSpnpzC679j5PEd"
    ],
    "message_query": "tum h",
    "timestamp_utc": "2024-06-01T23:45:47.004Z",
    "context_time": 1717285547004,
    "message_country": "IN",
    "message_locale": "en_GB",
    "message_platform": "ANDROID_ARM",
    "message_timestamp": 1717285546018,
    "message_top_recs_uris": [
    ],
    "message_user_agent": "Spotify/8.7.20.1261 Android/34 (RMX3392)"
  },
  {
    "message_candidate_uris": [
      "spotify:track:2fsBaSK1551VvUD9Uvbb9Q",
      "spotify:track:1CVqr5LImdmJ1Upt4z08Pm",
      "spotify:track:3vjkllvtOIKpVvXSWsu1ta",
      "spotify:episode:5uyBDQWRrGeIf4z39qnPfz",
      "spotify:track:5m2MS952ftWD4N7Idcyh7c",
      "spotify:album:3pFzzo6Z1oD7qaxk4DBJpY",
      "spotify:track:6nwRC0UkS1MdOOMjcJsrbX",
      "spotify:episode:6l1fZ1ZhjLN8g5vGfoLCYl",
      "spotify:track:5b9x5sRIzAgXQw0dhGORO1",
      "spotify:track:10Q42CUsgTyl3ocldvI3C2",
      "spotify:artist:2GoeZ0qOTt6kjsWW4eA6LS",
      "spotify:track:2f5sTEhwX8qwCPgGPBavdx",
      "spotify:track:1ufeADg0jivKpOFiAv3PYg",
      "spotify:artist:4fEkbug6kZzzJ8eYX6Kbbp",
      "spotify:episode:6LQEnohfWfs9Vl29uWgKJb",
      "spotify:track:4OCpBhcJxiSd1azaBOy21U",
      "spotify:album:2zJbfLLqGTRqxdWdzLVCb9"
    ],
    "message_query": "tu he",
    "timestamp_utc": "2024-05-29T13:23:18.669Z",
    "context_time": 1716988998669,
    "message_country": "IN",
    "message_locale": "en_IN",
    "message_platform": "ANDROID_ARM",
    "message_timestamp": 1716988994655,
    "message_top_recs_uris": [
    ],
    "message_user_agent": "Spotify/8.7.20.1261 Android/27 (Lenovo TB-8504X)"
  },
  {
    "message_candidate_uris": [
      "spotify:track:7uNnlVit5qDvfOje0pqICF",
      "spotify:track:735bRwgZ4sTH5Vs3iFVnDr",
      "spotify:track:2ceeTJAzKy295Fm0VsaXtE",
      "spotify:episode:3fQqtfbdr8uNclj08sRZ51",
      "spotify:track:7eQl3Yqv35ioqUfveKHitE",
      "spotify:track:3hkC9EHFZNQPXrtl8WPHnX",
      "spotify:track:2mrO05VnrPkQg4PTixL91Y",
      "spotify:track:56zZ48jdyY2oDXHVnwg5Di",
      "spotify:track:1wnozUBSe7OMpmZiTPJC5j",
      "spotify:episode:2pKSDNL7yIvdJoIJdGHEzZ",
      "spotify:track:330joCgJHJGHFLOgJCvNEM",
      "spotify:playlist:4UbEObOXYmQYjDRNJX10Hf",
      "spotify:track:0up9rhm9qt2LW7cnoDFCMk",
      "spotify:playlist:1IvEH3HDObcFnkFW6zeWvM",
      "spotify:episode:6l1fZ1ZhjLN8g5vGfoLCYl"
    ],
    "message_query": "tum",
    "timestamp_utc": "2024-06-01T23:45:46.483Z",
    "context_time": 1717285546483,
    "message_country": "IN",
    "message_locale": "en_GB",
    "message_platform": "ANDROID_ARM",
    "message_timestamp": 1717285545501,
    "message_top_recs_uris": [
    ],
    "message_user_agent": "Spotify/8.7.20.1261 Android/34 (RMX3392)"
  },
  {
    "message_candidate_uris": [
      "spotify:track:3zSSCPpLZ5Oc8nelhhGjKz",
      "spotify:show:4Oo0biTfEv09PffkSbrv75",
      "spotify:track:4YeLIbP3ThOHSkeltJkJjn",
      "spotify:track:7e2dvR0ySx1bBJRDxVJiG1",
      "spotify:track:4ZVfIGaZP93t0stmBj4FqA",
      "spotify:album:73vfz6Szer7i3GFIesix6l",
      "spotify:playlist:207uQAYEQ3CDXlUhSUEFle",
      "spotify:episode:5uyBDQWRrGeIf4z39qnPfz",
      "spotify:album:6BHlJhCk1vjCG6hqTG2SFV",
      "spotify:playlist:01katpMqCCWVdgKoPm7sT7",
      "spotify:track:6UgcN95w7vQxkR8sEFmwHG",
      "spotify:artist:2cjQTf2J5yCaNY8qHpW855",
      "spotify:album:64TpPq3QgOQUaX3GSNMEYt",
      "spotify:track:4gDlagealcSx1ocWfcxRzI",
      "spotify:episode:2BC4GbkzOD3q0zkx5M22gR"
    ],
    "message_query": "tu he ka",
    "timestamp_utc": "2024-05-25T13:44:46.564Z",
    "context_time": 1716644686564,
    "message_country": "IN",
    "message_locale": "en_GB",
    "message_platform": "ANDROID_ARM",
    "message_timestamp": 1716644685198,
    "message_top_recs_uris": [
    ],
    "message_user_agent": "Spotify/8.7.20.1261 Android/34 (RMX3392)"
  },
  {
    "message_candidate_uris": [
      "spotify:track:3zSSCPpLZ5Oc8nelhhGjKz",
      "spotify:track:5CYneqvyI2cbjwepvXh0iJ",
      "spotify:episode:5uyBDQWRrGeIf4z39qnPfz",
      "spotify:track:5qu00elDJgCJMlbCLlTsvD",
      "spotify:track:7K6RLbkpqZI4OaoSnLcBiU",
      "spotify:track:0LOaW3AyXaC3E03Y2eADAu",
      "spotify:track:4YeLIbP3ThOHSkeltJkJjn",
      "spotify:show:4Oo0biTfEv09PffkSbrv75",
      "spotify:track:4VsP4Dm8gsibRxB5I2hEkw",
      "spotify:artist:7kFAolYcEkGEWk1HaDBy4C",
      "spotify:track:7e2dvR0ySx1bBJRDxVJiG1",
      "spotify:playlist:37i9dQZF1DX9Kz7jBbxgYQ",
      "spotify:album:5n4KPrFtZcpw8dogHM0jxJ",
      "spotify:album:48bWV4aSOwyLBhgmoxQCF8",
      "spotify:episode:2BC4GbkzOD3q0zkx5M22gR",
      "spotify:track:6cWPmcGedrAyCxPefvkX1k",
      "spotify:artist:7b6Ui7JVaBDEfZB9k6nHL0"
    ],
    "message_query": "tu he kah",
    "timestamp_utc": "2024-05-29T13:23:23.605Z",
    "context_time": 1716989003605,
    "message_country": "IN",
    "message_locale": "en_IN",
    "message_platform": "ANDROID_ARM",
    "message_timestamp": 1716988996767,
    "message_top_recs_uris": [
    ],
    "message_user_agent": "Spotify/8.7.20.1261 Android/27 (Lenovo TB-8504X)"
  },
  {
    "message_candidate_uris": [
      "spotify:track:3zSSCPpLZ5Oc8nelhhGjKz",
      "spotify:show:4Oo0biTfEv09PffkSbrv75",
      "spotify:track:4YeLIbP3ThOHSkeltJkJjn",
      "spotify:track:7e2dvR0ySx1bBJRDxVJiG1",
      "spotify:track:4ZVfIGaZP93t0stmBj4FqA",
      "spotify:album:73vfz6Szer7i3GFIesix6l",
      "spotify:playlist:207uQAYEQ3CDXlUhSUEFle",
      "spotify:episode:5uyBDQWRrGeIf4z39qnPfz",
      "spotify:album:2xkyBtiU8rMkow6ymV9cUe",
      "spotify:track:4gDlagealcSx1ocWfcxRzI",
      "spotify:artist:2cjQTf2J5yCaNY8qHpW855",
      "spotify:album:6BHlJhCk1vjCG6hqTG2SFV",
      "spotify:track:6cWPmcGedrAyCxPefvkX1k",
      "spotify:playlist:01katpMqCCWVdgKoPm7sT7",
      "spotify:episode:2BC4GbkzOD3q0zkx5M22gR",
      "spotify:playlist:6NdZZoG3SIc9INudGpdkRq",
      "spotify:playlist:54TeQmvyiXr0ls7LYfvW4H"
    ],
    "message_query": "tu he ka",
    "timestamp_utc": "2024-05-29T13:23:22.584Z",
    "context_time": 1716989002584,
    "message_country": "IN",
    "message_locale": "en_IN",
    "message_platform": "ANDROID_ARM",
    "message_timestamp": 1716988996357,
    "message_top_recs_uris": [
    ],
    "message_user_agent": "Spotify/8.7.20.1261 Android/27 (Lenovo TB-8504X)"
  },
  {
    "message_candidate_uris": [
      "spotify:track:3zSSCPpLZ5Oc8nelhhGjKz",
      "spotify:episode:5uyBDQWRrGeIf4z39qnPfz",
      "spotify:track:65ZN4RQx84fYzeF5hlWcfN",
      "spotify:track:4brSaQIT3bnnE41D042fgL",
      "spotify:track:7e2dvR0ySx1bBJRDxVJiG1",
      "spotify:track:4YeLIbP3ThOHSkeltJkJjn",
      "spotify:album:6BHlJhCk1vjCG6hqTG2SFV",
      "spotify:episode:2BC4GbkzOD3q0zkx5M22gR",
      "spotify:artist:2cjQTf2J5yCaNY8qHpW855",
      "spotify:album:4ixAjixkWs8mCNdlTH1Cdf",
      "spotify:playlist:207uQAYEQ3CDXlUhSUEFle",
      "spotify:track:3PseU5gaLdDY8svYjZijON",
      "spotify:album:73vfz6Szer7i3GFIesix6l",
      "spotify:album:64TpPq3QgOQUaX3GSNMEYt",
      "spotify:episode:6l1fZ1ZhjLN8g5vGfoLCYl"
    ],
    "message_query": "tu he k",
    "timestamp_utc": "2024-05-25T13:44:46.278Z",
    "context_time": 1716644686278,
    "message_country": "IN",
    "message_locale": "en_GB",
    "message_platform": "ANDROID_ARM",
    "message_timestamp": 1716644684816,
    "message_top_recs_uris": [
    ],
    "message_user_agent": "Spotify/8.7.20.1261 Android/34 (RMX3392)"
  },
  {
    "message_candidate_uris": [
      "spotify:track:3zSSCPpLZ5Oc8nelhhGjKz",
      "spotify:show:3ptiw7nOKh5vsMoar79YGc",
      "spotify:artist:69xcFpmqTOmFNOL08Bxyci",
      "spotify:track:7eQl3Yqv35ioqUfveKHitE",
      "spotify:track:2Fv2injs4qAm8mJBGaxVKU",
      "spotify:track:3aaiAWCet6sbfOfLSn3g7i",
      "spotify:playlist:3IpDoXyKOPgxJvUJYsagyM",
      "spotify:episode:5cAFEEF2Ksks66wK839WZy",
      "spotify:playlist:7KVlS9nfyKCQBGDnKjd40c",
      "spotify:playlist:37i9dQZF1DXbVhgADFy3im",
      "spotify:artist:7b6Ui7JVaBDEfZB9k6nHL0",
      "spotify:track:2ceeTJAzKy295Fm0VsaXtE",
      "spotify:track:7uNnlVit5qDvfOje0pqICF",
      "spotify:track:3beYHVCFKzbdNjJqjKeYpM",
      "spotify:episode:3y585gudQpAoFB3cXSiOuR"
    ],
    "message_query": "t",
    "timestamp_utc": "2024-05-25T13:44:44.166Z",
    "context_time": 1716644684166,
    "message_country": "IN",
    "message_locale": "en_GB",
    "message_platform": "ANDROID_ARM",
    "message_timestamp": 1716644682733,
    "message_top_recs_uris": [
    ],
    "message_user_agent": "Spotify/8.7.20.1261 Android/34 (RMX3392)"
  },
  {
    "message_candidate_uris": [
      "spotify:track:0pw3p4gf5homOkvOGOJulF",
      "spotify:show:3ptiw7nOKh5vsMoar79YGc",
      "spotify:playlist:7CEjoyU0RSo2tEey5z3eWT",
      "spotify:playlist:3IpDoXyKOPgxJvUJYsagyM",
      "spotify:artist:69xcFpmqTOmFNOL08Bxyci",
      "spotify:track:3aaiAWCet6sbfOfLSn3g7i",
      "spotify:artist:7b6Ui7JVaBDEfZB9k6nHL0",
      "spotify:episode:5cAFEEF2Ksks66wK839WZy",
      "spotify:track:2ceeTJAzKy295Fm0VsaXtE",
      "spotify:playlist:37i9dQZF1DXbVhgADFy3im",
      "spotify:track:7uNnlVit5qDvfOje0pqICF",
      "spotify:playlist:7KVlS9nfyKCQBGDnKjd40c",
      "spotify:playlist:6ROwB86E42QvojSQQ0LWG7",
      "spotify:playlist:37i9dQZF1DZ06evO0U6zpm",
      "spotify:show:6ZcvVBPQ2ToLXEWVbaw59P"
    ],
    "message_query": "t",
    "timestamp_utc": "2024-06-01T23:38:27.324Z",
    "context_time": 1717285107324,
    "message_country": "IN",
    "message_locale": "en_GB",
    "message_platform": "ANDROID_ARM",
    "message_timestamp": 1717285106254,
    "message_top_recs_uris": [
    ],
    "message_user_agent": "Spotify/8.7.20.1261 Android/34 (RMX3392)"
  },
  {
    "message_candidate_uris": [
      "spotify:track:3zSSCPpLZ5Oc8nelhhGjKz",
      "spotify:episode:5uyBDQWRrGeIf4z39qnPfz",
      "spotify:track:4YeLIbP3ThOHSkeltJkJjn",
      "spotify:track:7K6RLbkpqZI4OaoSnLcBiU",
      "spotify:track:4ZVfIGaZP93t0stmBj4FqA",
      "spotify:track:4VsP4Dm8gsibRxB5I2hEkw",
      "spotify:track:0LOaW3AyXaC3E03Y2eADAu",
      "spotify:show:4Oo0biTfEv09PffkSbrv75",
      "spotify:track:7e2dvR0ySx1bBJRDxVJiG1",
      "spotify:playlist:01katpMqCCWVdgKoPm7sT7",
      "spotify:album:64TpPq3QgOQUaX3GSNMEYt",
      "spotify:playlist:207uQAYEQ3CDXlUhSUEFle",
      "spotify:track:6cWPmcGedrAyCxPefvkX1k",
      "spotify:playlist:6NdZZoG3SIc9INudGpdkRq",
      "spotify:episode:2BC4GbkzOD3q0zkx5M22gR",
      "spotify:track:6iK9Fo0AFOHZqgwkmdkS5q",
      "spotify:album:2zJbfLLqGTRqxdWdzLVCb9"
    ],
    "message_query": "tu he kaha ",
    "timestamp_utc": "2024-05-29T13:23:25.046Z",
    "context_time": 1716989005046,
    "message_country": "IN",
    "message_locale": "en_IN",
    "message_platform": "ANDROID_ARM",
    "message_timestamp": 1716988997535,
    "message_top_recs_uris": [
    ],
    "message_user_agent": "Spotify/8.7.20.1261 Android/27 (Lenovo TB-8504X)"
  },
  {
    "message_candidate_uris": [
      "spotify:track:3zSSCPpLZ5Oc8nelhhGjKz",
      "spotify:episode:5uyBDQWRrGeIf4z39qnPfz",
      "spotify:track:4YeLIbP3ThOHSkeltJkJjn",
      "spotify:track:7K6RLbkpqZI4OaoSnLcBiU",
      "spotify:track:4ZVfIGaZP93t0stmBj4FqA",
      "spotify:track:4VsP4Dm8gsibRxB5I2hEkw",
      "spotify:track:0LOaW3AyXaC3E03Y2eADAu",
      "spotify:show:4Oo0biTfEv09PffkSbrv75",
      "spotify:track:7e2dvR0ySx1bBJRDxVJiG1",
      "spotify:playlist:01katpMqCCWVdgKoPm7sT7",
      "spotify:album:64TpPq3QgOQUaX3GSNMEYt",
      "spotify:playlist:207uQAYEQ3CDXlUhSUEFle",
      "spotify:track:6cWPmcGedrAyCxPefvkX1k",
      "spotify:playlist:6NdZZoG3SIc9INudGpdkRq",
      "spotify:episode:2BC4GbkzOD3q0zkx5M22gR",
      "spotify:track:6iK9Fo0AFOHZqgwkmdkS5q",
      "spotify:album:2zJbfLLqGTRqxdWdzLVCb9"
    ],
    "message_query": "tu he kaha ",
    "timestamp_utc": "2024-05-29T13:23:24.639Z",
    "context_time": 1716989004639,
    "message_country": "IN",
    "message_locale": "en_IN",
    "message_platform": "ANDROID_ARM",
    "message_timestamp": 1716988997450,
    "message_top_recs_uris": [
    ],
    "message_user_agent": "Spotify/8.7.20.1261 Android/27 (Lenovo TB-8504X)"
  },
  {
    "message_candidate_uris": [
      "spotify:track:3zSSCPpLZ5Oc8nelhhGjKz",
      "spotify:track:0pw3p4gf5homOkvOGOJulF",
      "spotify:track:7uNnlVit5qDvfOje0pqICF",
      "spotify:track:0op7p4Q6gFh44KKeTaKocv",
      "spotify:track:3hkC9EHFZNQPXrtl8WPHnX",
      "spotify:episode:6l1fZ1ZhjLN8g5vGfoLCYl",
      "spotify:track:2Fv2injs4qAm8mJBGaxVKU",
      "spotify:episode:5uyBDQWRrGeIf4z39qnPfz",
      "spotify:track:6EJXEwF5rzwH0eGG33424Q",
      "spotify:track:3aaiAWCet6sbfOfLSn3g7i",
      "spotify:track:2fsBaSK1551VvUD9Uvbb9Q",
      "spotify:track:2mrO05VnrPkQg4PTixL91Y",
      "spotify:playlist:01katpMqCCWVdgKoPm7sT7",
      "spotify:track:1wnozUBSe7OMpmZiTPJC5j",
      "spotify:episode:3fQqtfbdr8uNclj08sRZ51"
    ],
    "message_query": "tu",
    "timestamp_utc": "2024-06-01T23:38:27.552Z",
    "context_time": 1717285107552,
    "message_country": "IN",
    "message_locale": "en_GB",
    "message_platform": "ANDROID_ARM",
    "message_timestamp": 1717285106536,
    "message_top_recs_uris": [
    ],
    "message_user_agent": "Spotify/8.7.20.1261 Android/34 (RMX3392)"
  },
  {
    "message_candidate_uris": [
      "spotify:track:2fsBaSK1551VvUD9Uvbb9Q",
      "spotify:track:1CVqr5LImdmJ1Upt4z08Pm",
      "spotify:track:3vjkllvtOIKpVvXSWsu1ta",
      "spotify:track:5b9x5sRIzAgXQw0dhGORO1",
      "spotify:track:6nwRC0UkS1MdOOMjcJsrbX",
      "spotify:episode:5uyBDQWRrGeIf4z39qnPfz",
      "spotify:album:3pFzzo6Z1oD7qaxk4DBJpY",
      "spotify:episode:6l1fZ1ZhjLN8g5vGfoLCYl",
      "spotify:track:10Q42CUsgTyl3ocldvI3C2",
      "spotify:track:5m2MS952ftWD4N7Idcyh7c",
      "spotify:track:2f5sTEhwX8qwCPgGPBavdx",
      "spotify:artist:2GoeZ0qOTt6kjsWW4eA6LS",
      "spotify:track:1ufeADg0jivKpOFiAv3PYg",
      "spotify:track:4OCpBhcJxiSd1azaBOy21U",
      "spotify:episode:6LQEnohfWfs9Vl29uWgKJb",
      "spotify:artist:4fEkbug6kZzzJ8eYX6Kbbp",
      "spotify:album:2zJbfLLqGTRqxdWdzLVCb9"
    ],
    "message_query": "tu he",
    "timestamp_utc": "2024-05-29T13:23:18.006Z",
    "context_time": 1716988998006,
    "message_country": "IN",
    "message_locale": "en_IN",
    "message_platform": "ANDROID_ARM",
    "message_timestamp": 1716988994395,
    "message_top_recs_uris": [
    ],
    "message_user_agent": "Spotify/8.7.20.1261 Android/27 (Lenovo TB-8504X)"
  },
  {
    "message_candidate_uris": [
      "spotify:track:3zSSCPpLZ5Oc8nelhhGjKz",
      "spotify:episode:5uyBDQWRrGeIf4z39qnPfz",
      "spotify:track:5CYneqvyI2cbjwepvXh0iJ",
      "spotify:track:5qu00elDJgCJMlbCLlTsvD",
      "spotify:track:4VsP4Dm8gsibRxB5I2hEkw",
      "spotify:track:7K6RLbkpqZI4OaoSnLcBiU",
      "spotify:track:4YeLIbP3ThOHSkeltJkJjn",
      "spotify:show:4Oo0biTfEv09PffkSbrv75",
      "spotify:playlist:37i9dQZF1DX9Kz7jBbxgYQ",
      "spotify:track:7e2dvR0ySx1bBJRDxVJiG1",
      "spotify:track:6YewfSA18qq5xl1KlJQkpY",
      "spotify:artist:69xcFpmqTOmFNOL08Bxyci",
      "spotify:album:5n4KPrFtZcpw8dogHM0jxJ",
      "spotify:artist:7kFAolYcEkGEWk1HaDBy4C",
      "spotify:episode:2BC4GbkzOD3q0zkx5M22gR"
    ],
    "message_query": "tu he kah",
    "timestamp_utc": "2024-05-25T13:44:46.899Z",
    "context_time": 1716644686899,
    "message_country": "IN",
    "message_locale": "en_GB",
    "message_platform": "ANDROID_ARM",
    "message_timestamp": 1716644685548,
    "message_top_recs_uris": [
    ],
    "message_user_agent": "Spotify/8.7.20.1261 Android/34 (RMX3392)"
  },
  {
    "message_candidate_uris": [
      "spotify:track:3zSSCPpLZ5Oc8nelhhGjKz",
      "spotify:show:4Oo0biTfEv09PffkSbrv75",
      "spotify:track:2fsBaSK1551VvUD9Uvbb9Q",
      "spotify:track:3vjkllvtOIKpVvXSWsu1ta",
      "spotify:track:7uNnlVit5qDvfOje0pqICF",
      "spotify:track:1CVqr5LImdmJ1Upt4z08Pm",
      "spotify:track:10Q42CUsgTyl3ocldvI3C2",
      "spotify:episode:6l1fZ1ZhjLN8g5vGfoLCYl",
      "spotify:track:5m2MS952ftWD4N7Idcyh7c",
      "spotify:track:5b9x5sRIzAgXQw0dhGORO1",
      "spotify:track:2EPOgSRhA90xWGVtNZwEv8",
      "spotify:album:3RZxrS2dDZlbsYtMRM89v8",
      "spotify:track:2f5sTEhwX8qwCPgGPBavdx",
      "spotify:track:6nwRC0UkS1MdOOMjcJsrbX",
      "spotify:episode:5uyBDQWRrGeIf4z39qnPfz",
      "spotify:album:48bWV4aSOwyLBhgmoxQCF8",
      "spotify:artist:4fEkbug6kZzzJ8eYX6Kbbp"
    ],
    "message_query": "tu h",
    "timestamp_utc": "2024-05-29T13:23:17.656Z",
    "context_time": 1716988997656,
    "message_country": "IN",
    "message_locale": "en_IN",
    "message_platform": "ANDROID_ARM",
    "message_timestamp": 1716988993032,
    "message_top_recs_uris": [
    ],
    "message_user_agent": "Spotify/8.7.20.1261 Android/27 (Lenovo TB-8504X)"
  },
  {
    "message_candidate_uris": [
      "spotify:track:3zSSCPpLZ5Oc8nelhhGjKz",
      "spotify:track:4YeLIbP3ThOHSkeltJkJjn",
      "spotify:track:1gWtHDe403RuyZqhvSRcv8",
      "spotify:track:5qu00elDJgCJMlbCLlTsvD",
      "spotify:episode:2BC4GbkzOD3q0zkx5M22gR",
      "spotify:album:73vfz6Szer7i3GFIesix6l",
      "spotify:track:7K6RLbkpqZI4OaoSnLcBiU",
      "spotify:episode:6l1fZ1ZhjLN8g5vGfoLCYl",
      "spotify:playlist:2z16gbLpXlk6BkanuE0XZo",
      "spotify:track:56ShzRBsODyylHvxsMycO1",
      "spotify:track:76Ft5Sj31Z6cl4cN3VJYY3",
      "spotify:playlist:01katpMqCCWVdgKoPm7sT7",
      "spotify:artist:4gdMJYnopf2nEUcanAwstx",
      "spotify:playlist:27Ni7wieDfjkLf7BE4T3wU",
      "spotify:episode:1xaCmxivlol2G5lufzKWRP"
    ],
    "message_query": "tu he kahs ",
    "timestamp_utc": "2024-05-25T13:44:47.504Z",
    "context_time": 1716644687504,
    "message_country": "IN",
    "message_locale": "en_GB",
    "message_platform": "ANDROID_ARM",
    "message_timestamp": 1716644686023,
    "message_top_recs_uris": [
    ],
    "message_user_agent": "Spotify/8.7.20.1261 Android/34 (RMX3392)"
  },
  {
    "message_candidate_uris": [
      "spotify:track:3zSSCPpLZ5Oc8nelhhGjKz",
      "spotify:show:4Oo0biTfEv09PffkSbrv75",
      "spotify:track:5CYneqvyI2cbjwepvXh0iJ",
      "spotify:track:5qu00elDJgCJMlbCLlTsvD",
      "spotify:track:7K6RLbkpqZI4OaoSnLcBiU",
      "spotify:track:0LOaW3AyXaC3E03Y2eADAu",
      "spotify:track:4ZVfIGaZP93t0stmBj4FqA",
      "spotify:episode:5uyBDQWRrGeIf4z39qnPfz",
      "spotify:track:4YeLIbP3ThOHSkeltJkJjn",
      "spotify:track:4VsP4Dm8gsibRxB5I2hEkw",
      "spotify:track:7e2dvR0ySx1bBJRDxVJiG1",
      "spotify:track:6cWPmcGedrAyCxPefvkX1k",
      "spotify:artist:69xcFpmqTOmFNOL08Bxyci",
      "spotify:track:4gDlagealcSx1ocWfcxRzI",
      "spotify:episode:2BC4GbkzOD3q0zkx5M22gR",
      "spotify:playlist:01katpMqCCWVdgKoPm7sT7",
      "spotify:album:2FfBVLk6kZqOrWkOGbSnX9"
    ],
    "message_query": "tu he kaha",
    "timestamp_utc": "2024-05-29T13:23:24.118Z",
    "context_time": 1716989004118,
    "message_country": "IN",
    "message_locale": "en_IN",
    "message_platform": "ANDROID_ARM",
    "message_timestamp": 1716988997243,
    "message_top_recs_uris": [
    ],
    "message_user_agent": "Spotify/8.7.20.1261 Android/27 (Lenovo TB-8504X)"
  },
  {
    "message_candidate_uris": [
      "spotify:track:3zSSCPpLZ5Oc8nelhhGjKz",
      "spotify:show:4Oo0biTfEv09PffkSbrv75",
      "spotify:track:5CYneqvyI2cbjwepvXh0iJ",
      "spotify:track:5qu00elDJgCJMlbCLlTsvD",
      "spotify:track:7K6RLbkpqZI4OaoSnLcBiU",
      "spotify:track:0LOaW3AyXaC3E03Y2eADAu",
      "spotify:track:4ZVfIGaZP93t0stmBj4FqA",
      "spotify:episode:5uyBDQWRrGeIf4z39qnPfz",
      "spotify:track:4YeLIbP3ThOHSkeltJkJjn",
      "spotify:track:4VsP4Dm8gsibRxB5I2hEkw",
      "spotify:track:7e2dvR0ySx1bBJRDxVJiG1",
      "spotify:track:6cWPmcGedrAyCxPefvkX1k",
      "spotify:artist:69xcFpmqTOmFNOL08Bxyci",
      "spotify:track:4gDlagealcSx1ocWfcxRzI",
      "spotify:episode:2BC4GbkzOD3q0zkx5M22gR",
      "spotify:playlist:01katpMqCCWVdgKoPm7sT7",
      "spotify:album:2FfBVLk6kZqOrWkOGbSnX9"
    ],
    "message_query": "tu he kaha",
    "timestamp_utc": "2024-05-29T13:23:24.216Z",
    "context_time": 1716989004216,
    "message_country": "IN",
    "message_locale": "en_IN",
    "message_platform": "ANDROID_ARM",
    "message_timestamp": 1716988997342,
    "message_top_recs_uris": [
    ],
    "message_user_agent": "Spotify/8.7.20.1261 Android/27 (Lenovo TB-8504X)"
  },
  {
    "message_candidate_uris": [
      "spotify:show:3ptiw7nOKh5vsMoar79YGc",
      "spotify:artist:69xcFpmqTOmFNOL08Bxyci",
      "spotify:episode:5cAFEEF2Ksks66wK839WZy",
      "spotify:playlist:3IpDoXyKOPgxJvUJYsagyM",
      "spotify:artist:7b6Ui7JVaBDEfZB9k6nHL0",
      "spotify:track:3aaiAWCet6sbfOfLSn3g7i",
      "spotify:track:2ceeTJAzKy295Fm0VsaXtE",
      "spotify:playlist:6ROwB86E42QvojSQQ0LWG7",
      "spotify:playlist:37i9dQZF1DXbVhgADFy3im",
      "spotify:track:7uNnlVit5qDvfOje0pqICF",
      "spotify:playlist:59t84WcoIgX85rhbWx8KbA",
      "spotify:playlist:37i9dQZF1DZ06evO0U6zpm",
      "spotify:track:3beYHVCFKzbdNjJqjKeYpM",
      "spotify:album:2CUXo26JAWIbQx0EVMnjpA",
      "spotify:show:4Oo0biTfEv09PffkSbrv75",
      "spotify:playlist:7KVlS9nfyKCQBGDnKjd40c",
      "spotify:track:5uQ7de4EWjb3rkcFxyEOpu"
    ],
    "message_query": "t",
    "timestamp_utc": "2024-05-29T13:23:12.743Z",
    "context_time": 1716988992743,
    "message_country": "IN",
    "message_locale": "en_IN",
    "message_platform": "ANDROID_ARM",
    "message_timestamp": 1716988991250,
    "message_top_recs_uris": [
    ],
    "message_user_agent": "Spotify/8.7.20.1261 Android/27 (Lenovo TB-8504X)"
  },
  {
    "message_candidate_uris": [
      "spotify:track:3zSSCPpLZ5Oc8nelhhGjKz",
      "spotify:track:0op7p4Q6gFh44KKeTaKocv",
      "spotify:episode:5uyBDQWRrGeIf4z39qnPfz",
      "spotify:track:3aaiAWCet6sbfOfLSn3g7i",
      "spotify:track:2fsBaSK1551VvUD9Uvbb9Q",
      "spotify:track:0pw3p4gf5homOkvOGOJulF",
      "spotify:track:3hkC9EHFZNQPXrtl8WPHnX",
      "spotify:episode:6l1fZ1ZhjLN8g5vGfoLCYl",
      "spotify:track:7uNnlVit5qDvfOje0pqICF",
      "spotify:track:0XCtA9pYB0aOciPzrJpkAK",
      "spotify:playlist:6ecEaDqJvTibTXvesRR2ja",
      "spotify:album:3OJvI9jWSZQJDVDlcmmxle",
      "spotify:track:2Fv2injs4qAm8mJBGaxVKU",
      "spotify:album:73vfz6Szer7i3GFIesix6l",
      "spotify:episode:2BC4GbkzOD3q0zkx5M22gR",
      "spotify:track:2mrO05VnrPkQg4PTixL91Y",
      "spotify:playlist:01katpMqCCWVdgKoPm7sT7"
    ],
    "message_query": "tu ",
    "timestamp_utc": "2024-05-29T13:23:15.565Z",
    "context_time": 1716988995565,
    "message_country": "IN",
    "message_locale": "en_IN",
    "message_platform": "ANDROID_ARM",
    "message_timestamp": 1716988992041,
    "message_top_recs_uris": [
    ],
    "message_user_agent": "Spotify/8.7.20.1261 Android/27 (Lenovo TB-8504X)"
  },
  {
    "message_candidate_uris": [
      "spotify:track:3zSSCPpLZ5Oc8nelhhGjKz",
      "spotify:track:0op7p4Q6gFh44KKeTaKocv",
      "spotify:episode:5uyBDQWRrGeIf4z39qnPfz",
      "spotify:track:3aaiAWCet6sbfOfLSn3g7i",
      "spotify:track:2fsBaSK1551VvUD9Uvbb9Q",
      "spotify:track:0pw3p4gf5homOkvOGOJulF",
      "spotify:track:3hkC9EHFZNQPXrtl8WPHnX",
      "spotify:episode:6l1fZ1ZhjLN8g5vGfoLCYl",
      "spotify:track:7uNnlVit5qDvfOje0pqICF",
      "spotify:track:0XCtA9pYB0aOciPzrJpkAK",
      "spotify:playlist:6ecEaDqJvTibTXvesRR2ja",
      "spotify:album:3OJvI9jWSZQJDVDlcmmxle",
      "spotify:track:2Fv2injs4qAm8mJBGaxVKU",
      "spotify:album:73vfz6Szer7i3GFIesix6l",
      "spotify:episode:2BC4GbkzOD3q0zkx5M22gR",
      "spotify:track:2mrO05VnrPkQg4PTixL91Y",
      "spotify:playlist:01katpMqCCWVdgKoPm7sT7"
    ],
    "message_query": "tu ",
    "timestamp_utc": "2024-05-29T13:23:15.530Z",
    "context_time": 1716988995530,
    "message_country": "IN",
    "message_locale": "en_IN",
    "message_platform": "ANDROID_ARM",
    "message_timestamp": 1716988992210,
    "message_top_recs_uris": [
    ],
    "message_user_agent": "Spotify/8.7.20.1261 Android/27 (Lenovo TB-8504X)"
  },
  {
    "message_candidate_uris": [
      "spotify:track:1CVqr5LImdmJ1Upt4z08Pm",
      "spotify:track:2fsBaSK1551VvUD9Uvbb9Q",
      "spotify:track:5b9x5sRIzAgXQw0dhGORO1",
      "spotify:track:5m2MS952ftWD4N7Idcyh7c",
      "spotify:track:1ufeADg0jivKpOFiAv3PYg",
      "spotify:track:6nwRC0UkS1MdOOMjcJsrbX",
      "spotify:episode:6l1fZ1ZhjLN8g5vGfoLCYl",
      "spotify:episode:2BC4GbkzOD3q0zkx5M22gR",
      "spotify:track:3vjkllvtOIKpVvXSWsu1ta",
      "spotify:track:2f5sTEhwX8qwCPgGPBavdx",
      "spotify:track:10Q42CUsgTyl3ocldvI3C2",
      "spotify:album:2zJbfLLqGTRqxdWdzLVCb9",
      "spotify:track:4OCpBhcJxiSd1azaBOy21U",
      "spotify:artist:2GoeZ0qOTt6kjsWW4eA6LS",
      "spotify:episode:0kfMxLzwidduED8EzMYfRF",
      "spotify:album:0Rkv5iqjF2uenfL0OVB8hg",
      "spotify:artist:4fEkbug6kZzzJ8eYX6Kbbp"
    ],
    "message_query": "tu he ",
    "timestamp_utc": "2024-05-29T13:23:20.209Z",
    "context_time": 1716989000209,
    "message_country": "IN",
    "message_locale": "en_IN",
    "message_platform": "ANDROID_ARM",
    "message_timestamp": 1716988995028,
    "message_top_recs_uris": [
    ],
    "message_user_agent": "Spotify/8.7.20.1261 Android/27 (Lenovo TB-8504X)"
  },
  {
    "message_candidate_uris": [
      "spotify:track:3zSSCPpLZ5Oc8nelhhGjKz",
      "spotify:episode:5uyBDQWRrGeIf4z39qnPfz",
      "spotify:track:7e2dvR0ySx1bBJRDxVJiG1",
      "spotify:track:4brSaQIT3bnnE41D042fgL",
      "spotify:track:4YeLIbP3ThOHSkeltJkJjn",
      "spotify:artist:2cjQTf2J5yCaNY8qHpW855",
      "spotify:album:6BHlJhCk1vjCG6hqTG2SFV",
      "spotify:episode:2BC4GbkzOD3q0zkx5M22gR",
      "spotify:track:3PseU5gaLdDY8svYjZijON",
      "spotify:album:4ixAjixkWs8mCNdlTH1Cdf",
      "spotify:playlist:207uQAYEQ3CDXlUhSUEFle",
      "spotify:album:64TpPq3QgOQUaX3GSNMEYt",
      "spotify:album:73vfz6Szer7i3GFIesix6l",
      "spotify:track:1CVqr5LImdmJ1Upt4z08Pm",
      "spotify:episode:6l1fZ1ZhjLN8g5vGfoLCYl",
      "spotify:track:4ZVfIGaZP93t0stmBj4FqA",
      "spotify:track:7M5iFFOJlvUWpg3A56GVAL"
    ],
    "message_query": "tu he k",
    "timestamp_utc": "2024-05-29T13:23:20.875Z",
    "context_time": 1716989000875,
    "message_country": "IN",
    "message_locale": "en_IN",
    "message_platform": "ANDROID_ARM",
    "message_timestamp": 1716988995517,
    "message_top_recs_uris": [
    ],
    "message_user_agent": "Spotify/8.7.20.1261 Android/27 (Lenovo TB-8504X)"
  },
  {
    "message_candidate_uris": [
      "spotify:track:3zSSCPpLZ5Oc8nelhhGjKz",
      "spotify:track:0pw3p4gf5homOkvOGOJulF",
      "spotify:track:0op7p4Q6gFh44KKeTaKocv",
      "spotify:track:7uNnlVit5qDvfOje0pqICF",
      "spotify:track:3hkC9EHFZNQPXrtl8WPHnX",
      "spotify:track:2Fv2injs4qAm8mJBGaxVKU",
      "spotify:episode:5uyBDQWRrGeIf4z39qnPfz",
      "spotify:episode:6l1fZ1ZhjLN8g5vGfoLCYl",
      "spotify:track:6EJXEwF5rzwH0eGG33424Q",
      "spotify:track:3aaiAWCet6sbfOfLSn3g7i",
      "spotify:track:2fsBaSK1551VvUD9Uvbb9Q",
      "spotify:track:2mrO05VnrPkQg4PTixL91Y",
      "spotify:album:3Gv6LmSvfxkUFmw8KCmUEr",
      "spotify:track:6vNolBIVWvfY3Z20gAG5nI",
      "spotify:episode:2BC4GbkzOD3q0zkx5M22gR",
      "spotify:album:73vfz6Szer7i3GFIesix6l",
      "spotify:track:5QtEFRYavs5S3GHtFEq7A4"
    ],
    "message_query": "tu",
    "timestamp_utc": "2024-05-29T13:23:15.481Z",
    "context_time": 1716988995481,
    "message_country": "IN",
    "message_locale": "en_IN",
    "message_platform": "ANDROID_ARM",
    "message_timestamp": 1716988991688,
    "message_top_recs_uris": [
    ],
    "message_user_agent": "Spotify/8.7.20.1261 Android/27 (Lenovo TB-8504X)"
  },
  {
    "message_candidate_uris": [
      "spotify:track:735bRwgZ4sTH5Vs3iFVnDr",
      "spotify:track:330joCgJHJGHFLOgJCvNEM",
      "spotify:artist:2cjQTf2J5yCaNY8qHpW855",
      "spotify:album:73vfz6Szer7i3GFIesix6l",
      "spotify:playlist:6ecEaDqJvTibTXvesRR2ja",
      "spotify:playlist:54mrBVqq9FY3BaflDpk5jC",
      "spotify:episode:6LQEnohfWfs9Vl29uWgKJb",
      "spotify:episode:1kSM0ME0jP5atCV6oIPB5e",
      "spotify:album:6BHlJhCk1vjCG6hqTG2SFV",
      "spotify:track:0oz7Ia8lnWttkXi2TBc1Rd",
      "spotify:album:3Gv6LmSvfxkUFmw8KCmUEr",
      "spotify:track:5QtEFRYavs5S3GHtFEq7A4",
      "spotify:track:3fYlMVGktC2ndxQxf476fm",
      "spotify:track:6vNolBIVWvfY3Z20gAG5nI",
      "spotify:episode:2BC4GbkzOD3q0zkx5M22gR"
    ],
    "message_query": "tu",
    "timestamp_utc": "2024-06-01T23:45:36.255Z",
    "context_time": 1717285536255,
    "message_country": "IN",
    "message_locale": "en_GB",
    "message_platform": "ANDROID_ARM",
    "message_timestamp": 1717285535214,
    "message_top_recs_uris": [
    ],
    "message_user_agent": "Spotify/8.7.20.1261 Android/34 (RMX3392)"
  },
  {
    "message_candidate_uris": [
      "spotify:track:3zSSCPpLZ5Oc8nelhhGjKz",
      "spotify:show:4Oo0biTfEv09PffkSbrv75",
      "spotify:track:5CYneqvyI2cbjwepvXh0iJ",
      "spotify:track:5qu00elDJgCJMlbCLlTsvD",
      "spotify:track:7K6RLbkpqZI4OaoSnLcBiU",
      "spotify:track:0LOaW3AyXaC3E03Y2eADAu",
      "spotify:track:4ZVfIGaZP93t0stmBj4FqA",
      "spotify:episode:5uyBDQWRrGeIf4z39qnPfz",
      "spotify:track:4YeLIbP3ThOHSkeltJkJjn",
      "spotify:track:4VsP4Dm8gsibRxB5I2hEkw",
      "spotify:track:7e2dvR0ySx1bBJRDxVJiG1",
      "spotify:track:6cWPmcGedrAyCxPefvkX1k",
      "spotify:artist:69xcFpmqTOmFNOL08Bxyci",
      "spotify:track:4gDlagealcSx1ocWfcxRzI",
      "spotify:episode:2BC4GbkzOD3q0zkx5M22gR",
      "spotify:playlist:01katpMqCCWVdgKoPm7sT7",
      "spotify:album:2FfBVLk6kZqOrWkOGbSnX9"
    ],
    "message_query": "tu he kaha",
    "timestamp_utc": "2024-05-29T13:23:23.924Z",
    "context_time": 1716989003924,
    "message_country": "IN",
    "message_locale": "en_IN",
    "message_platform": "ANDROID_ARM",
    "message_timestamp": 1716988997071,
    "message_top_recs_uris": [
    ],
    "message_user_agent": "Spotify/8.7.20.1261 Android/27 (Lenovo TB-8504X)"
  },
  {
    "message_candidate_uris": [
      "spotify:track:2fsBaSK1551VvUD9Uvbb9Q",
      "spotify:track:1CVqr5LImdmJ1Upt4z08Pm",
      "spotify:track:3vjkllvtOIKpVvXSWsu1ta",
      "spotify:episode:5uyBDQWRrGeIf4z39qnPfz",
      "spotify:track:5m2MS952ftWD4N7Idcyh7c",
      "spotify:album:3pFzzo6Z1oD7qaxk4DBJpY",
      "spotify:track:6nwRC0UkS1MdOOMjcJsrbX",
      "spotify:episode:6l1fZ1ZhjLN8g5vGfoLCYl",
      "spotify:track:5b9x5sRIzAgXQw0dhGORO1",
      "spotify:track:10Q42CUsgTyl3ocldvI3C2",
      "spotify:artist:2GoeZ0qOTt6kjsWW4eA6LS",
      "spotify:track:2f5sTEhwX8qwCPgGPBavdx",
      "spotify:track:1ufeADg0jivKpOFiAv3PYg",
      "spotify:artist:4fEkbug6kZzzJ8eYX6Kbbp",
      "spotify:episode:6LQEnohfWfs9Vl29uWgKJb",
      "spotify:track:4OCpBhcJxiSd1azaBOy21U",
      "spotify:album:2zJbfLLqGTRqxdWdzLVCb9"
    ],
    "message_query": "tu he",
    "timestamp_utc": "2024-05-29T13:23:18.468Z",
    "context_time": 1716988998468,
    "message_country": "IN",
    "message_locale": "en_IN",
    "message_platform": "ANDROID_ARM",
    "message_timestamp": 1716988994515,
    "message_top_recs_uris": [
    ],
    "message_user_agent": "Spotify/8.7.20.1261 Android/27 (Lenovo TB-8504X)"
  },
  {
    "message_candidate_uris": [
      "spotify:track:0pw3p4gf5homOkvOGOJulF",
      "spotify:show:3ptiw7nOKh5vsMoar79YGc",
      "spotify:playlist:7CEjoyU0RSo2tEey5z3eWT",
      "spotify:playlist:3IpDoXyKOPgxJvUJYsagyM",
      "spotify:artist:69xcFpmqTOmFNOL08Bxyci",
      "spotify:track:3aaiAWCet6sbfOfLSn3g7i",
      "spotify:artist:7b6Ui7JVaBDEfZB9k6nHL0",
      "spotify:episode:5cAFEEF2Ksks66wK839WZy",
      "spotify:track:2ceeTJAzKy295Fm0VsaXtE",
      "spotify:playlist:37i9dQZF1DXbVhgADFy3im",
      "spotify:track:7uNnlVit5qDvfOje0pqICF",
      "spotify:playlist:7KVlS9nfyKCQBGDnKjd40c",
      "spotify:playlist:6ROwB86E42QvojSQQ0LWG7",
      "spotify:playlist:37i9dQZF1DZ06evO0U6zpm",
      "spotify:show:6ZcvVBPQ2ToLXEWVbaw59P"
    ],
    "message_query": "t",
    "timestamp_utc": "2024-06-01T23:45:46.082Z",
    "context_time": 1717285546082,
    "message_country": "IN",
    "message_locale": "en_GB",
    "message_platform": "ANDROID_ARM",
    "message_timestamp": 1717285545002,
    "message_top_recs_uris": [
    ],
    "message_user_agent": "Spotify/8.7.20.1261 Android/34 (RMX3392)"
  },
  {
    "message_candidate_uris": [
      "spotify:track:56zZ48jdyY2oDXHVnwg5Di",
      "spotify:track:2mrO05VnrPkQg4PTixL91Y",
      "spotify:track:7H3mfOvtPNA8YDF3EdKy0L",
      "spotify:track:7uNnlVit5qDvfOje0pqICF",
      "spotify:track:7eQl3Yqv35ioqUfveKHitE",
      "spotify:track:6vNolBIVWvfY3Z20gAG5nI",
      "spotify:track:6E9UwSfT80age2xknoMS7Y",
      "spotify:episode:50KWsAdsSpnpzC679j5PEd",
      "spotify:show:4Oo0biTfEv09PffkSbrv75",
      "spotify:track:2BnfrAGeO1m2klPM5YUZCW",
      "spotify:album:0Rkv5iqjF2uenfL0OVB8hg",
      "spotify:track:3oNVqllTnz7bHrY3f0nICg",
      "spotify:playlist:6hAz7Edl7L9UXq6ufsbpwa",
      "spotify:album:3RZxrS2dDZlbsYtMRM89v8",
      "spotify:episode:1xaCmxivlol2G5lufzKWRP"
    ],
    "message_query": "tum hi",
    "timestamp_utc": "2024-06-01T23:45:47.262Z",
    "context_time": 1717285547262,
    "message_country": "IN",
    "message_locale": "en_GB",
    "message_platform": "ANDROID_ARM",
    "message_timestamp": 1717285546218,
    "message_top_recs_uris": [
    ],
    "message_user_agent": "Spotify/8.7.20.1261 Android/34 (RMX3392)"
  },
  {
    "message_candidate_uris": [
      "spotify:track:3zSSCPpLZ5Oc8nelhhGjKz",
      "spotify:track:2fsBaSK1551VvUD9Uvbb9Q",
      "spotify:show:4Oo0biTfEv09PffkSbrv75",
      "spotify:track:3vjkllvtOIKpVvXSWsu1ta",
      "spotify:track:7uNnlVit5qDvfOje0pqICF",
      "spotify:track:10Q42CUsgTyl3ocldvI3C2",
      "spotify:track:6nwRC0UkS1MdOOMjcJsrbX",
      "spotify:episode:1xaCmxivlol2G5lufzKWRP",
      "spotify:album:3RZxrS2dDZlbsYtMRM89v8",
      "spotify:track:1CVqr5LImdmJ1Upt4z08Pm",
      "spotify:album:48bWV4aSOwyLBhgmoxQCF8",
      "spotify:track:5m2MS952ftWD4N7Idcyh7c",
      "spotify:album:5n4KPrFtZcpw8dogHM0jxJ",
      "spotify:track:2EPOgSRhA90xWGVtNZwEv8",
      "spotify:episode:6l1fZ1ZhjLN8g5vGfoLCYl",
      "spotify:artist:4fEkbug6kZzzJ8eYX6Kbbp",
      "spotify:artist:2cjQTf2J5yCaNY8qHpW855"
    ],
    "message_query": "tu h",
    "timestamp_utc": "2024-05-29T13:23:16.094Z",
    "context_time": 1716988996094,
    "message_country": "IN",
    "message_locale": "en_IN",
    "message_platform": "ANDROID_ARM",
    "message_timestamp": 1716988992914,
    "message_top_recs_uris": [
    ],
    "message_user_agent": "Spotify/8.7.20.1261 Android/27 (Lenovo TB-8504X)"
  },
  {
    "message_candidate_uris": [
      "spotify:track:1CVqr5LImdmJ1Upt4z08Pm",
      "spotify:track:2fsBaSK1551VvUD9Uvbb9Q",
      "spotify:track:5b9x5sRIzAgXQw0dhGORO1",
      "spotify:track:5m2MS952ftWD4N7Idcyh7c",
      "spotify:track:1ufeADg0jivKpOFiAv3PYg",
      "spotify:track:6nwRC0UkS1MdOOMjcJsrbX",
      "spotify:episode:6l1fZ1ZhjLN8g5vGfoLCYl",
      "spotify:episode:2BC4GbkzOD3q0zkx5M22gR",
      "spotify:track:3vjkllvtOIKpVvXSWsu1ta",
      "spotify:track:2f5sTEhwX8qwCPgGPBavdx",
      "spotify:track:10Q42CUsgTyl3ocldvI3C2",
      "spotify:album:2zJbfLLqGTRqxdWdzLVCb9",
      "spotify:track:4OCpBhcJxiSd1azaBOy21U",
      "spotify:artist:2GoeZ0qOTt6kjsWW4eA6LS",
      "spotify:episode:0kfMxLzwidduED8EzMYfRF",
      "spotify:album:0Rkv5iqjF2uenfL0OVB8hg",
      "spotify:artist:4fEkbug6kZzzJ8eYX6Kbbp"
    ],
    "message_query": "tu he ",
    "timestamp_utc": "2024-05-29T13:23:20.215Z",
    "context_time": 1716989000215,
    "message_country": "IN",
    "message_locale": "en_IN",
    "message_platform": "ANDROID_ARM",
    "message_timestamp": 1716988994853,
    "message_top_recs_uris": [
    ],
    "message_user_agent": "Spotify/8.7.20.1261 Android/27 (Lenovo TB-8504X)"
  },
  {
    "message_candidate_uris": [
      "spotify:track:3zSSCPpLZ5Oc8nelhhGjKz",
      "spotify:track:0pw3p4gf5homOkvOGOJulF",
      "spotify:track:7uNnlVit5qDvfOje0pqICF",
      "spotify:track:0op7p4Q6gFh44KKeTaKocv",
      "spotify:track:3hkC9EHFZNQPXrtl8WPHnX",
      "spotify:track:2Fv2injs4qAm8mJBGaxVKU",
      "spotify:episode:3fQqtfbdr8uNclj08sRZ51",
      "spotify:episode:6l1fZ1ZhjLN8g5vGfoLCYl",
      "spotify:track:3aaiAWCet6sbfOfLSn3g7i",
      "spotify:track:2ceeTJAzKy295Fm0VsaXtE",
      "spotify:track:2fsBaSK1551VvUD9Uvbb9Q",
      "spotify:track:6EJXEwF5rzwH0eGG33424Q",
      "spotify:track:7eQl3Yqv35ioqUfveKHitE",
      "spotify:track:330joCgJHJGHFLOgJCvNEM",
      "spotify:episode:5uyBDQWRrGeIf4z39qnPfz"
    ],
    "message_query": "tu",
    "timestamp_utc": "2024-05-25T13:44:44.431Z",
    "context_time": 1716644684431,
    "message_country": "IN",
    "message_locale": "en_GB",
    "message_platform": "ANDROID_ARM",
    "message_timestamp": 1716644683042,
    "message_top_recs_uris": [
    ],
    "message_user_agent": "Spotify/8.7.20.1261 Android/34 (RMX3392)"
  },
  {
    "message_candidate_uris": [
      "spotify:track:3zSSCPpLZ5Oc8nelhhGjKz",
      "spotify:show:4Oo0biTfEv09PffkSbrv75",
      "spotify:track:2fsBaSK1551VvUD9Uvbb9Q",
      "spotify:track:3vjkllvtOIKpVvXSWsu1ta",
      "spotify:track:7uNnlVit5qDvfOje0pqICF",
      "spotify:track:1CVqr5LImdmJ1Upt4z08Pm",
      "spotify:track:10Q42CUsgTyl3ocldvI3C2",
      "spotify:episode:6l1fZ1ZhjLN8g5vGfoLCYl",
      "spotify:track:5m2MS952ftWD4N7Idcyh7c",
      "spotify:track:5b9x5sRIzAgXQw0dhGORO1",
      "spotify:track:2EPOgSRhA90xWGVtNZwEv8",
      "spotify:album:3RZxrS2dDZlbsYtMRM89v8",
      "spotify:track:2f5sTEhwX8qwCPgGPBavdx",
      "spotify:track:6nwRC0UkS1MdOOMjcJsrbX",
      "spotify:episode:5uyBDQWRrGeIf4z39qnPfz",
      "spotify:album:48bWV4aSOwyLBhgmoxQCF8",
      "spotify:artist:4fEkbug6kZzzJ8eYX6Kbbp"
    ],
    "message_query": "tu h",
    "timestamp_utc": "2024-05-29T13:23:17.676Z",
    "context_time": 1716988997676,
    "message_country": "IN",
    "message_locale": "en_IN",
    "message_platform": "ANDROID_ARM",
    "message_timestamp": 1716988993111,
    "message_top_recs_uris": [
    ],
    "message_user_agent": "Spotify/8.7.20.1261 Android/27 (Lenovo TB-8504X)"
  },
  {
    "message_candidate_uris": [
      "spotify:track:3zSSCPpLZ5Oc8nelhhGjKz",
      "spotify:track:5CYneqvyI2cbjwepvXh0iJ",
      "spotify:episode:5uyBDQWRrGeIf4z39qnPfz",
      "spotify:track:5qu00elDJgCJMlbCLlTsvD",
      "spotify:track:7K6RLbkpqZI4OaoSnLcBiU",
      "spotify:track:0LOaW3AyXaC3E03Y2eADAu",
      "spotify:track:4YeLIbP3ThOHSkeltJkJjn",
      "spotify:show:4Oo0biTfEv09PffkSbrv75",
      "spotify:track:4VsP4Dm8gsibRxB5I2hEkw",
      "spotify:artist:7kFAolYcEkGEWk1HaDBy4C",
      "spotify:track:7e2dvR0ySx1bBJRDxVJiG1",
      "spotify:playlist:37i9dQZF1DX9Kz7jBbxgYQ",
      "spotify:album:5n4KPrFtZcpw8dogHM0jxJ",
      "spotify:album:48bWV4aSOwyLBhgmoxQCF8",
      "spotify:episode:2BC4GbkzOD3q0zkx5M22gR",
      "spotify:track:6cWPmcGedrAyCxPefvkX1k",
      "spotify:artist:7b6Ui7JVaBDEfZB9k6nHL0"
    ],
    "message_query": "tu he kah",
    "timestamp_utc": "2024-05-29T13:23:23.649Z",
    "context_time": 1716989003649,
    "message_country": "IN",
    "message_locale": "en_IN",
    "message_platform": "ANDROID_ARM",
    "message_timestamp": 1716988996885,
    "message_top_recs_uris": [
    ],
    "message_user_agent": "Spotify/8.7.20.1261 Android/27 (Lenovo TB-8504X)"
  },
  {
    "message_candidate_uris": [
      "spotify:track:2fsBaSK1551VvUD9Uvbb9Q",
      "spotify:track:1CVqr5LImdmJ1Upt4z08Pm",
      "spotify:track:3OLFqbd9ZeVjaUKTiaLsD6",
      "spotify:track:6nwRC0UkS1MdOOMjcJsrbX",
      "spotify:track:1ufeADg0jivKpOFiAv3PYg",
      "spotify:track:3vjkllvtOIKpVvXSWsu1ta",
      "spotify:episode:6l1fZ1ZhjLN8g5vGfoLCYl",
      "spotify:episode:2BC4GbkzOD3q0zkx5M22gR",
      "spotify:track:5m2MS952ftWD4N7Idcyh7c",
      "spotify:track:4OCpBhcJxiSd1azaBOy21U",
      "spotify:album:2zJbfLLqGTRqxdWdzLVCb9",
      "spotify:artist:2GoeZ0qOTt6kjsWW4eA6LS",
      "spotify:track:5b9x5sRIzAgXQw0dhGORO1",
      "spotify:album:0Rkv5iqjF2uenfL0OVB8hg",
      "spotify:episode:0kfMxLzwidduED8EzMYfRF"
    ],
    "message_query": "tu he ",
    "timestamp_utc": "2024-05-25T13:44:45.374Z",
    "context_time": 1716644685374,
    "message_country": "IN",
    "message_locale": "en_GB",
    "message_platform": "ANDROID_ARM",
    "message_timestamp": 1716644683988,
    "message_top_recs_uris": [
    ],
    "message_user_agent": "Spotify/8.7.20.1261 Android/34 (RMX3392)"
  },
  {
    "message_candidate_uris": [
      "spotify:track:3zSSCPpLZ5Oc8nelhhGjKz",
      "spotify:track:0pw3p4gf5homOkvOGOJulF",
      "spotify:track:0op7p4Q6gFh44KKeTaKocv",
      "spotify:track:7uNnlVit5qDvfOje0pqICF",
      "spotify:track:3hkC9EHFZNQPXrtl8WPHnX",
      "spotify:track:2Fv2injs4qAm8mJBGaxVKU",
      "spotify:episode:5uyBDQWRrGeIf4z39qnPfz",
      "spotify:episode:6l1fZ1ZhjLN8g5vGfoLCYl",
      "spotify:track:6EJXEwF5rzwH0eGG33424Q",
      "spotify:track:3aaiAWCet6sbfOfLSn3g7i",
      "spotify:track:2fsBaSK1551VvUD9Uvbb9Q",
      "spotify:track:2mrO05VnrPkQg4PTixL91Y",
      "spotify:album:3Gv6LmSvfxkUFmw8KCmUEr",
      "spotify:track:6vNolBIVWvfY3Z20gAG5nI",
      "spotify:episode:2BC4GbkzOD3q0zkx5M22gR",
      "spotify:album:73vfz6Szer7i3GFIesix6l",
      "spotify:track:5QtEFRYavs5S3GHtFEq7A4"
    ],
    "message_query": "tu",
    "timestamp_utc": "2024-05-29T13:23:12.902Z",
    "context_time": 1716988992902,
    "message_country": "IN",
    "message_locale": "en_IN",
    "message_platform": "ANDROID_ARM",
    "message_timestamp": 1716988991566,
    "message_top_recs_uris": [
    ],
    "message_user_agent": "Spotify/8.7.20.1261 Android/27 (Lenovo TB-8504X)"
  },
  {
    "message_candidate_uris": [
      "spotify:track:3zSSCPpLZ5Oc8nelhhGjKz",
      "spotify:episode:5uyBDQWRrGeIf4z39qnPfz",
      "spotify:track:4YeLIbP3ThOHSkeltJkJjn",
      "spotify:track:7e2dvR0ySx1bBJRDxVJiG1",
      "spotify:track:4brSaQIT3bnnE41D042fgL",
      "spotify:artist:2cjQTf2J5yCaNY8qHpW855",
      "spotify:album:6BHlJhCk1vjCG6hqTG2SFV",
      "spotify:episode:2BC4GbkzOD3q0zkx5M22gR",
      "spotify:album:4ixAjixkWs8mCNdlTH1Cdf",
      "spotify:track:4ZVfIGaZP93t0stmBj4FqA",
      "spotify:playlist:207uQAYEQ3CDXlUhSUEFle",
      "spotify:album:73vfz6Szer7i3GFIesix6l",
      "spotify:playlist:37i9dQZF1DX0XUfTFmNBRM",
      "spotify:album:64TpPq3QgOQUaX3GSNMEYt",
      "spotify:episode:6l1fZ1ZhjLN8g5vGfoLCYl",
      "spotify:playlist:01katpMqCCWVdgKoPm7sT7",
      "spotify:track:6iK9Fo0AFOHZqgwkmdkS5q"
    ],
    "message_query": "tu he k",
    "timestamp_utc": "2024-05-29T13:23:22.309Z",
    "context_time": 1716989002309,
    "message_country": "IN",
    "message_locale": "en_IN",
    "message_platform": "ANDROID_ARM",
    "message_timestamp": 1716988995889,
    "message_top_recs_uris": [
    ],
    "message_user_agent": "Spotify/8.7.20.1261 Android/27 (Lenovo TB-8504X)"
  },
  {
    "message_candidate_uris": [
      "spotify:track:2mrO05VnrPkQg4PTixL91Y",
      "spotify:track:56zZ48jdyY2oDXHVnwg5Di",
      "spotify:track:7H3mfOvtPNA8YDF3EdKy0L",
      "spotify:episode:50KWsAdsSpnpzC679j5PEd",
      "spotify:track:2BnfrAGeO1m2klPM5YUZCW",
      "spotify:track:6vNolBIVWvfY3Z20gAG5nI",
      "spotify:track:7uNnlVit5qDvfOje0pqICF",
      "spotify:track:6E9UwSfT80age2xknoMS7Y",
      "spotify:episode:1xaCmxivlol2G5lufzKWRP",
      "spotify:album:0Rkv5iqjF2uenfL0OVB8hg",
      "spotify:track:7eQl3Yqv35ioqUfveKHitE",
      "spotify:track:0h73AwuEY2x44cBMOP58fO",
      "spotify:track:06zJUeKU5KFy50Cho6pDcr",
      "spotify:album:3I8PdIhk6pNm8Kv0HiF14V",
      "spotify:show:4Oo0biTfEv09PffkSbrv75"
    ],
    "message_query": "tum hi ",
    "timestamp_utc": "2024-06-01T23:45:47.479Z",
    "context_time": 1717285547479,
    "message_country": "IN",
    "message_locale": "en_GB",
    "message_platform": "ANDROID_ARM",
    "message_timestamp": 1717285546472,
    "message_top_recs_uris": [
    ],
    "message_user_agent": "Spotify/8.7.20.1261 Android/34 (RMX3392)"
  },
  {
    "message_candidate_uris": [
      "spotify:track:3zSSCPpLZ5Oc8nelhhGjKz",
      "spotify:track:5CYneqvyI2cbjwepvXh0iJ",
      "spotify:episode:5uyBDQWRrGeIf4z39qnPfz",
      "spotify:track:5qu00elDJgCJMlbCLlTsvD",
      "spotify:track:7K6RLbkpqZI4OaoSnLcBiU",
      "spotify:track:0LOaW3AyXaC3E03Y2eADAu",
      "spotify:track:4YeLIbP3ThOHSkeltJkJjn",
      "spotify:show:4Oo0biTfEv09PffkSbrv75",
      "spotify:track:4VsP4Dm8gsibRxB5I2hEkw",
      "spotify:artist:7kFAolYcEkGEWk1HaDBy4C",
      "spotify:track:7e2dvR0ySx1bBJRDxVJiG1",
      "spotify:playlist:37i9dQZF1DX9Kz7jBbxgYQ",
      "spotify:album:5n4KPrFtZcpw8dogHM0jxJ",
      "spotify:album:48bWV4aSOwyLBhgmoxQCF8",
      "spotify:episode:2BC4GbkzOD3q0zkx5M22gR",
      "spotify:track:6cWPmcGedrAyCxPefvkX1k",
      "spotify:artist:7b6Ui7JVaBDEfZB9k6nHL0"
    ],
    "message_query": "tu he kah",
    "timestamp_utc": "2024-05-29T13:23:22.724Z",
    "context_time": 1716989002724,
    "message_country": "IN",
    "message_locale": "en_IN",
    "message_platform": "ANDROID_ARM",
    "message_timestamp": 1716988996666,
    "message_top_recs_uris": [
    ],
    "message_user_agent": "Spotify/8.7.20.1261 Android/27 (Lenovo TB-8504X)"
  },
  {
    "message_candidate_uris": [
      "spotify:track:3zSSCPpLZ5Oc8nelhhGjKz",
      "spotify:track:0pw3p4gf5homOkvOGOJulF",
      "spotify:track:7uNnlVit5qDvfOje0pqICF",
      "spotify:track:0op7p4Q6gFh44KKeTaKocv",
      "spotify:track:3hkC9EHFZNQPXrtl8WPHnX",
      "spotify:episode:6l1fZ1ZhjLN8g5vGfoLCYl",
      "spotify:track:2Fv2injs4qAm8mJBGaxVKU",
      "spotify:episode:5uyBDQWRrGeIf4z39qnPfz",
      "spotify:track:6EJXEwF5rzwH0eGG33424Q",
      "spotify:track:3aaiAWCet6sbfOfLSn3g7i",
      "spotify:track:2fsBaSK1551VvUD9Uvbb9Q",
      "spotify:track:2mrO05VnrPkQg4PTixL91Y",
      "spotify:playlist:01katpMqCCWVdgKoPm7sT7",
      "spotify:track:1wnozUBSe7OMpmZiTPJC5j",
      "spotify:episode:3fQqtfbdr8uNclj08sRZ51"
    ],
    "message_query": "tu",
    "timestamp_utc": "2024-06-01T23:45:46.318Z",
    "context_time": 1717285546318,
    "message_country": "IN",
    "message_locale": "en_GB",
    "message_platform": "ANDROID_ARM",
    "message_timestamp": 1717285545218,
    "message_top_recs_uris": [
    ],
    "message_user_agent": "Spotify/8.7.20.1261 Android/34 (RMX3392)"
  },
  {
    "message_candidate_uris": [
      "spotify:track:3zSSCPpLZ5Oc8nelhhGjKz",
      "spotify:track:0pw3p4gf5homOkvOGOJulF",
      "spotify:track:0op7p4Q6gFh44KKeTaKocv",
      "spotify:track:7uNnlVit5qDvfOje0pqICF",
      "spotify:track:3hkC9EHFZNQPXrtl8WPHnX",
      "spotify:track:2Fv2injs4qAm8mJBGaxVKU",
      "spotify:episode:5uyBDQWRrGeIf4z39qnPfz",
      "spotify:episode:6l1fZ1ZhjLN8g5vGfoLCYl",
      "spotify:track:6EJXEwF5rzwH0eGG33424Q",
      "spotify:track:3aaiAWCet6sbfOfLSn3g7i",
      "spotify:track:2fsBaSK1551VvUD9Uvbb9Q",
      "spotify:track:2mrO05VnrPkQg4PTixL91Y",
      "spotify:album:3Gv6LmSvfxkUFmw8KCmUEr",
      "spotify:track:6vNolBIVWvfY3Z20gAG5nI",
      "spotify:episode:2BC4GbkzOD3q0zkx5M22gR",
      "spotify:album:73vfz6Szer7i3GFIesix6l",
      "spotify:track:5QtEFRYavs5S3GHtFEq7A4"
    ],
    "message_query": "tu",
    "timestamp_utc": "2024-05-29T13:23:12.785Z",
    "context_time": 1716988992785,
    "message_country": "IN",
    "message_locale": "en_IN",
    "message_platform": "ANDROID_ARM",
    "message_timestamp": 1716988991496,
    "message_top_recs_uris": [
    ],
    "message_user_agent": "Spotify/8.7.20.1261 Android/27 (Lenovo TB-8504X)"
  },
  {
    "message_candidate_uris": [
      "spotify:track:3zSSCPpLZ5Oc8nelhhGjKz",
      "spotify:track:0op7p4Q6gFh44KKeTaKocv",
      "spotify:episode:6l1fZ1ZhjLN8g5vGfoLCYl",
      "spotify:track:2fsBaSK1551VvUD9Uvbb9Q",
      "spotify:track:3aaiAWCet6sbfOfLSn3g7i",
      "spotify:track:0pw3p4gf5homOkvOGOJulF",
      "spotify:track:7uNnlVit5qDvfOje0pqICF",
      "spotify:episode:5uyBDQWRrGeIf4z39qnPfz",
      "spotify:playlist:6ecEaDqJvTibTXvesRR2ja",
      "spotify:track:3hkC9EHFZNQPXrtl8WPHnX",
      "spotify:track:1pbj0csFgmhGh7AuSMsOCZ",
      "spotify:track:0XCtA9pYB0aOciPzrJpkAK",
      "spotify:album:3OJvI9jWSZQJDVDlcmmxle",
      "spotify:track:330joCgJHJGHFLOgJCvNEM",
      "spotify:episode:3T31busREQyf2OBuU3RvVD"
    ],
    "message_query": "tu ",
    "timestamp_utc": "2024-05-25T13:44:44.763Z",
    "context_time": 1716644684763,
    "message_country": "IN",
    "message_locale": "en_GB",
    "message_platform": "ANDROID_ARM",
    "message_timestamp": 1716644683388,
    "message_top_recs_uris": [
    ],
    "message_user_agent": "Spotify/8.7.20.1261 Android/34 (RMX3392)"
  },
  {
    "message_candidate_uris": [
      "spotify:track:3zSSCPpLZ5Oc8nelhhGjKz",
      "spotify:track:2fsBaSK1551VvUD9Uvbb9Q",
      "spotify:episode:1xaCmxivlol2G5lufzKWRP",
      "spotify:track:3vjkllvtOIKpVvXSWsu1ta",
      "spotify:track:7e2dvR0ySx1bBJRDxVJiG1",
      "spotify:track:10Q42CUsgTyl3ocldvI3C2",
      "spotify:track:6nwRC0UkS1MdOOMjcJsrbX",
      "spotify:show:4Oo0biTfEv09PffkSbrv75",
      "spotify:track:7K6RLbkpqZI4OaoSnLcBiU",
      "spotify:track:4OCpBhcJxiSd1azaBOy21U",
      "spotify:album:48bWV4aSOwyLBhgmoxQCF8",
      "spotify:track:3OLFqbd9ZeVjaUKTiaLsD6",
      "spotify:track:5m2MS952ftWD4N7Idcyh7c",
      "spotify:track:1CVqr5LImdmJ1Upt4z08Pm",
      "spotify:episode:6l1fZ1ZhjLN8g5vGfoLCYl"
    ],
    "message_query": "tu h",
    "timestamp_utc": "2024-05-25T13:44:44.906Z",
    "context_time": 1716644684906,
    "message_country": "IN",
    "message_locale": "en_GB",
    "message_platform": "ANDROID_ARM",
    "message_timestamp": 1716644683545,
    "message_top_recs_uris": [
    ],
    "message_user_agent": "Spotify/8.7.20.1261 Android/34 (RMX3392)"
  },
  {
    "message_candidate_uris": [
      "spotify:track:2fsBaSK1551VvUD9Uvbb9Q",
      "spotify:episode:5uyBDQWRrGeIf4z39qnPfz",
      "spotify:track:6nwRC0UkS1MdOOMjcJsrbX",
      "spotify:track:3OLFqbd9ZeVjaUKTiaLsD6",
      "spotify:track:3vjkllvtOIKpVvXSWsu1ta",
      "spotify:track:1CVqr5LImdmJ1Upt4z08Pm",
      "spotify:album:3pFzzo6Z1oD7qaxk4DBJpY",
      "spotify:episode:6l1fZ1ZhjLN8g5vGfoLCYl",
      "spotify:track:4OCpBhcJxiSd1azaBOy21U",
      "spotify:track:5b9x5sRIzAgXQw0dhGORO1",
      "spotify:artist:2GoeZ0qOTt6kjsWW4eA6LS",
      "spotify:track:1ufeADg0jivKpOFiAv3PYg",
      "spotify:track:2f5sTEhwX8qwCPgGPBavdx",
      "spotify:artist:4fEkbug6kZzzJ8eYX6Kbbp",
      "spotify:episode:6LQEnohfWfs9Vl29uWgKJb"
    ],
    "message_query": "tu he",
    "timestamp_utc": "2024-05-25T13:44:45.167Z",
    "context_time": 1716644685167,
    "message_country": "IN",
    "message_locale": "en_GB",
    "message_platform": "ANDROID_ARM",
    "message_timestamp": 1716644683772,
    "message_top_recs_uris": [
    ],
    "message_user_agent": "Spotify/8.7.20.1261 Android/34 (RMX3392)"
  },
  {
    "message_candidate_uris": [
      "spotify:track:3zSSCPpLZ5Oc8nelhhGjKz",
      "spotify:episode:5uyBDQWRrGeIf4z39qnPfz",
      "spotify:track:7e2dvR0ySx1bBJRDxVJiG1",
      "spotify:track:4brSaQIT3bnnE41D042fgL",
      "spotify:track:4YeLIbP3ThOHSkeltJkJjn",
      "spotify:artist:2cjQTf2J5yCaNY8qHpW855",
      "spotify:album:6BHlJhCk1vjCG6hqTG2SFV",
      "spotify:episode:2BC4GbkzOD3q0zkx5M22gR",
      "spotify:track:3PseU5gaLdDY8svYjZijON",
      "spotify:album:4ixAjixkWs8mCNdlTH1Cdf",
      "spotify:playlist:207uQAYEQ3CDXlUhSUEFle",
      "spotify:album:64TpPq3QgOQUaX3GSNMEYt",
      "spotify:album:73vfz6Szer7i3GFIesix6l",
      "spotify:track:1CVqr5LImdmJ1Upt4z08Pm",
      "spotify:episode:6l1fZ1ZhjLN8g5vGfoLCYl",
      "spotify:track:4ZVfIGaZP93t0stmBj4FqA",
      "spotify:track:7M5iFFOJlvUWpg3A56GVAL"
    ],
    "message_query": "tu he k",
    "timestamp_utc": "2024-05-29T13:23:20.889Z",
    "context_time": 1716989000889,
    "message_country": "IN",
    "message_locale": "en_IN",
    "message_platform": "ANDROID_ARM",
    "message_timestamp": 1716988995717,
    "message_top_recs_uris": [
    ],
    "message_user_agent": "Spotify/8.7.20.1261 Android/27 (Lenovo TB-8504X)"
  },
  {
    "message_candidate_uris": [
      "spotify:show:3ptiw7nOKh5vsMoar79YGc",
      "spotify:artist:69xcFpmqTOmFNOL08Bxyci",
      "spotify:episode:5cAFEEF2Ksks66wK839WZy",
      "spotify:playlist:3IpDoXyKOPgxJvUJYsagyM",
      "spotify:artist:7b6Ui7JVaBDEfZB9k6nHL0",
      "spotify:track:3aaiAWCet6sbfOfLSn3g7i",
      "spotify:track:2ceeTJAzKy295Fm0VsaXtE",
      "spotify:playlist:6ROwB86E42QvojSQQ0LWG7",
      "spotify:playlist:37i9dQZF1DXbVhgADFy3im",
      "spotify:track:7uNnlVit5qDvfOje0pqICF",
      "spotify:playlist:59t84WcoIgX85rhbWx8KbA",
      "spotify:playlist:37i9dQZF1DZ06evO0U6zpm",
      "spotify:track:3beYHVCFKzbdNjJqjKeYpM",
      "spotify:album:2CUXo26JAWIbQx0EVMnjpA",
      "spotify:show:4Oo0biTfEv09PffkSbrv75",
      "spotify:playlist:7KVlS9nfyKCQBGDnKjd40c",
      "spotify:track:5uQ7de4EWjb3rkcFxyEOpu"
    ],
    "message_query": "t",
    "timestamp_utc": "2024-05-29T13:23:12.800Z",
    "context_time": 1716988992800,
    "message_country": "IN",
    "message_locale": "en_IN",
    "message_platform": "ANDROID_ARM",
    "message_timestamp": 1716988991108,
    "message_top_recs_uris": [
    ],
    "message_user_agent": "Spotify/8.7.20.1261 Android/27 (Lenovo TB-8504X)"
  }
]