[
  {
    "timestamp_utc": "2024-01-31T00:42:11.727Z",
    "context_application_version": "8.7.20.1261",
    "context_conn_country": "IN",
    "context_device_manufacturer": "realme",
    "context_device_model": "RMX3392",
    "context_device_type": null,
    "context_os_name": "android",
    "context_os_version": "13",
    "context_receiver_service_timestamp": 1706661750161,
    "context_time": 1706661731727,
    "context_user_agent": null,
    "message_audio_preview": null,
    "message_capability": "image",
    "message_creator_uri": null,
    "message_destination_id": "whatsapp",
    "message_entity_uri": "spotify:track:4xLGNkXQAlYaZbdefwMms7",
    "message_integration": "now-playing",
    "message_share_id": "plKgX6FxQ3-ojneVCyeovg",
    "message_share_url": "https://open.spotify.com/track/4xLGNkXQAlYaZbdefwMms7?si=plKgX6FxQ3-ojneVCyeovg",
    "message_shareformat_id": null,
    "message_source_page": "nowplaying",
    "message_source_page_uri": "spotify:now-playing-view-v2",
    "message_system_destination": null
  },
  {
    "timestamp_utc": "2024-01-31T00:43:09.899Z",
    "context_application_version": "8.7.20.1261",
    "context_conn_country": "IN",
    "context_device_manufacturer": "realme",
    "context_device_model": "RMX3392",
    "context_device_type": null,
    "context_os_name": "android",
    "context_os_version": "13",
    "context_receiver_service_timestamp": 1706661810143,
    "context_time": 1706661789899,
    "context_user_agent": null,
    "message_audio_preview": null,
    "message_capability": "image",
    "message_creator_uri": null,
    "message_destination_id": "whatsapp",
    "message_entity_uri": "spotify:track:3wAXK2nhnsS6vdnGQ0Dph0",
    "message_integration": "now-playing",
    "message_share_id": "y5qMJwceSWSz_N348ZLnlg",
    "message_share_url": "https://open.spotify.com/track/3wAXK2nhnsS6vdnGQ0Dph0?si=y5qMJwceSWSz_N348ZLnlg",
    "message_shareformat_id": null,
    "message_source_page": "nowplaying",
    "message_source_page_uri": "spotify:now-playing-view-v2",
    "message_system_destination": null
  },
  {
    "timestamp_utc": "2024-01-31T00:43:10.106Z",
    "context_application_version": "8.7.20.1261",
    "context_conn_country": "IN",
    "context_device_manufacturer": "realme",
    "context_device_model": "RMX3392",
    "context_device_type": null,
    "context_os_name": "android",
    "context_os_version": "13",
    "context_receiver_service_timestamp": 1706661810143,
    "context_time": 1706661790106,
    "context_user_agent": null,
    "message_audio_preview": null,
    "message_capability": "image",
    "message_creator_uri": null,
    "message_destination_id": "whatsapp",
    "message_entity_uri": "spotify:track:3wAXK2nhnsS6vdnGQ0Dph0",
    "message_integration": "now-playing",
    "message_share_id": "N-zELVtNRtCymYQJKxo15A",
    "message_share_url": "https://open.spotify.com/track/3wAXK2nhnsS6vdnGQ0Dph0?si=N-zELVtNRtCymYQJKxo15A",
    "message_shareformat_id": null,
    "message_source_page": "nowplaying",
    "message_source_page_uri": "spotify:now-playing-view-v2",
    "message_system_destination": null
  },
  {
    "timestamp_utc": "2024-05-29T16:32:45.087Z",
    "context_application_version": "8.7.20.1261",
    "context_conn_country": "IN",
    "context_device_manufacturer": "realme",
    "context_device_model": "RMX3392",
    "context_device_type": "mobile",
    "context_os_name": "android",
    "context_os_version": "14",
    "context_receiver_service_timestamp": 1717000384283,
    "context_time": 1717000365087,
    "context_user_agent": null,
    "message_audio_preview": null,
    "message_capability": "link",
    "message_creator_uri": null,
    "message_destination_id": "copy-link",
    "message_entity_uri": "spotify:track:3zSSCPpLZ5Oc8nelhhGjKz",
    "message_integration": "context-menu",
    "message_share_id": "Bf9Latn2SQKmn5UN2BGUGA",
    "message_share_url": "https://open.spotify.com/track/3zSSCPpLZ5Oc8nelhhGjKz?si=Bf9Latn2SQKmn5UN2BGUGA&utm_source=copy-link",
    "message_shareformat_id": null,
    "message_source_page": "nowplaying",
    "message_source_page_uri": "spotify:now-playing-view-v2",
    "message_system_destination": null
  },
  {
    "timestamp_utc": "2024-04-28T19:31:12.910Z",
    "context_application_version": "8.7.20.1261",
    "context_conn_country": "IN",
    "context_device_manufacturer": "realme",
    "context_device_model": "RMX3392",
    "context_device_type": "mobile",
    "context_os_name": "android",
    "context_os_version": "14",
    "context_receiver_service_timestamp": 1714332682236,
    "context_time": 1714332672910,
    "context_user_agent": null,
    "message_audio_preview": null,
    "message_capability": "link",
    "message_creator_uri": null,
    "message_destination_id": "copy-link",
    "message_entity_uri": "spotify:playlist:3oK2pZZvkoK4EqYee9nxz8",
    "message_integration": "context-menu",
    "message_share_id": "aOHO9MezR1G-0KCv6qDUkA",
    "message_share_url": "https://open.spotify.com/playlist/3oK2pZZvkoK4EqYee9nxz8?si=aOHO9MezR1G-0KCv6qDUkA&utm_source=copy-link",
    "message_shareformat_id": null,
    "message_source_page": "playlist/ondemand",
    "message_source_page_uri": "spotify:playlist:3oK2pZZvkoK4EqYee9nxz8",
    "message_system_destination": null
  },
  {
    "timestamp_utc": "2024-05-30T11:10:15.777Z",
    "context_application_version": "8.7.20.1261",
    "context_conn_country": "IN",
    "context_device_manufacturer": "realme",
    "context_device_model": "RMX3392",
    "context_device_type": "mobile",
    "context_os_name": "android",
    "context_os_version": "14",
    "context_receiver_service_timestamp": 1717067475761,
    "context_time": 1717067415777,
    "context_user_agent": null,
    "message_audio_preview": null,
    "message_capability": "link",
    "message_creator_uri": null,
    "message_destination_id": "copy-link",
    "message_entity_uri": "spotify:track:3zSSCPpLZ5Oc8nelhhGjKz",
    "message_integration": "context-menu",
    "message_share_id": "I5RuTIaLTdayML2Y9ZTvtw",
    "message_share_url": "https://open.spotify.com/track/3zSSCPpLZ5Oc8nelhhGjKz?si=I5RuTIaLTdayML2Y9ZTvtw&utm_source=copy-link",
    "message_shareformat_id": null,
    "message_source_page": "nowplaying",
    "message_source_page_uri": "spotify:now-playing-view-v2",
    "message_system_destination": null
  },
  {
    "timestamp_utc": "2024-05-29T18:53:46.072Z",
    "context_application_version": "8.7.20.1261",
    "context_conn_country": "IN",
    "context_device_manufacturer": "realme",
    "context_device_model": "RMX3392",
    "context_device_type": "mobile",
    "context_os_name": "android",
    "context_os_version": "14",
    "context_receiver_service_timestamp": 1717008846094,
    "context_time": 1717008826072,
    "context_user_agent": null,
    "message_audio_preview": null,
    "message_capability": "link",
    "message_creator_uri": null,
    "message_destination_id": "copy-link",
    "message_entity_uri": "spotify:track:3zSSCPpLZ5Oc8nelhhGjKz",
    "message_integration": "context-menu",
    "message_share_id": "G-hUTuggRtqpyIZL-7t94Q",
    "message_share_url": "https://open.spotify.com/track/3zSSCPpLZ5Oc8nelhhGjKz?si=G-hUTuggRtqpyIZL-7t94Q&utm_source=copy-link",
    "message_shareformat_id": null,
    "message_source_page": "nowplaying",
    "message_source_page_uri": "spotify:now-playing-view-v2",
    "message_system_destination": null
  },
  {
    "timestamp_utc": "2024-01-31T00:39:21.156Z",
    "context_application_version": "8.7.20.1261",
    "context_conn_country": "IN",
    "context_device_manufacturer": "realme",
    "context_device_model": "RMX3392",
    "context_device_type": null,
    "context_os_name": "android",
    "context_os_version": "13",
    "context_receiver_service_timestamp": 1706661572474,
    "context_time": 1706661561156,
    "context_user_agent": null,
    "message_audio_preview": null,
    "message_capability": "image",
    "message_creator_uri": null,
    "message_destination_id": "whatsapp",
    "message_entity_uri": "spotify:track:7fY8qVujvm5lZBrt5Y1sIJ",
    "message_integration": "now-playing",
    "message_share_id": "PRDkFl9GS5ubMGqZxBLVGA",
    "message_share_url": "https://open.spotify.com/track/7fY8qVujvm5lZBrt5Y1sIJ?si=PRDkFl9GS5ubMGqZxBLVGA",
    "message_shareformat_id": null,
    "message_source_page": "nowplaying",
    "message_source_page_uri": "spotify:now-playing-view-v2",
    "message_system_destination": null
  },
  {
    "timestamp_utc": "2024-01-31T00:42:12.035Z",
    "context_application_version": "8.7.20.1261",
    "context_conn_country": "IN",
    "context_device_manufacturer": "realme",
    "context_device_model": "RMX3392",
    "context_device_type": null,
    "context_os_name": "android",
    "context_os_version": "13",
    "context_receiver_service_timestamp": 1706661750161,
    "context_time": 1706661732035,
    "context_user_agent": null,
    "message_audio_preview": null,
    "message_capability": "image",
    "message_creator_uri": null,
    "message_destination_id": "whatsapp",
    "message_entity_uri": "spotify:track:4xLGNkXQAlYaZbdefwMms7",
    "message_integration": "now-playing",
    "message_share_id": "CJGMr1WoQ-adGrFKnGn41w",
    "message_share_url": "https://open.spotify.com/track/4xLGNkXQAlYaZbdefwMms7?si=CJGMr1WoQ-adGrFKnGn41w",
    "message_shareformat_id": null,
    "message_source_page": "nowplaying",
    "message_source_page_uri": "spotify:now-playing-view-v2",
    "message_system_destination": null
  }
]