[
  {
    "timestamp_utc": "2024-03-19T18:12:14.286Z",
    "context_application_version": "8.7.20.1261",
    "context_conn_country": "IN",
    "context_device_manufacturer": "realme",
    "context_device_model": "RMX3392",
    "context_device_type": "mobile",
    "context_os_name": "android",
    "context_os_version": "13",
    "context_receiver_service_timestamp": 1710871958035,
    "context_time": 1710871934286,
    "message_audio_driver": "AndroidAudioDriver",
    "message_buffer_size": 80972,
    "message_file_byte_offset": 2948172,
    "message_file_byte_total": 2948172,
    "message_file_id": "D6txflkmTGBXCU5n3MydQLcL+5Y=",
    "message_max_buffer_size": 1048576,
    "message_playback_id": "EesKeR0hhAJ1cSppmO/1ZA==",
    "message_target_buffer": 1048576,
    "message_track": "spotify:track:3g572Upfd1UZat0EBLGtns"
  },
  {
    "timestamp_utc": "2024-05-29T13:41:38.341Z",
    "context_application_version": "8.7.20.1261",
    "context_conn_country": "IN",
    "context_device_manufacturer": "LENOVO",
    "context_device_model": "Lenovo TB-8504X",
    "context_device_type": "tablet",
    "context_os_name": "android",
    "context_os_version": "8.1.0",
    "context_receiver_service_timestamp": 1716990113003,
    "context_time": 1716990098341,
    "message_audio_driver": "AndroidAudioDriver",
    "message_buffer_size": 966656,
    "message_file_byte_offset": 1310720,
    "message_file_byte_total": 2968564,
    "message_file_id": "W7K5ISVPOhGUnERPOibMb1Jevtg=",
    "message_max_buffer_size": 983040,
    "message_playback_id": "7TYywfY0FwNDThhfbXB8JA==",
    "message_target_buffer": 1048576,
    "message_track": "spotify:track:3zSSCPpLZ5Oc8nelhhGjKz"
  },
  {
    "timestamp_utc": "2024-05-29T13:26:00.532Z",
    "context_application_version": "8.7.20.1261",
    "context_conn_country": "IN",
    "context_device_manufacturer": "LENOVO",
    "context_device_model": "Lenovo TB-8504X",
    "context_device_type": "tablet",
    "context_os_name": "android",
    "context_os_version": "8.1.0",
    "context_receiver_service_timestamp": 1716989183048,
    "context_time": 1716989160532,
    "message_audio_driver": "AndroidAudioDriver",
    "message_buffer_size": 1032192,
    "message_file_byte_offset": 2752512,
    "message_file_byte_total": 2968564,
    "message_file_id": "W7K5ISVPOhGUnERPOibMb1Jevtg=",
    "message_max_buffer_size": 1048576,
    "message_playback_id": "XkiAw0vsldCTiWRXj5l+mg==",
    "message_target_buffer": 1048576,
    "message_track": "spotify:track:3zSSCPpLZ5Oc8nelhhGjKz"
  },
  {
    "timestamp_utc": "2024-04-14T17:25:19.357Z",
    "context_application_version": "8.7.20.1261",
    "context_conn_country": "IN",
    "context_device_manufacturer": "realme",
    "context_device_model": "RMX3392",
    "context_device_type": "mobile",
    "context_os_name": "android",
    "context_os_version": "13",
    "context_receiver_service_timestamp": 1713115534171,
    "context_time": 1713115519357,
    "message_audio_driver": "AndroidAudioDriver",
    "message_buffer_size": 0,
    "message_file_byte_offset": 131072,
    "message_file_byte_total": -1,
    "message_file_id": "Gs9IHw971dP0jFRky90xPYJHuqM=",
    "message_max_buffer_size": 98951,
    "message_playback_id": "PTT5rLyMfVhZ+7+Qq2Q2KQ==",
    "message_target_buffer": 1048576,
    "message_track": "spotify:track:330joCgJHJGHFLOgJCvNEM"
  },
  {
    "timestamp_utc": "2024-05-29T13:26:01.360Z",
    "context_application_version": "8.7.20.1261",
    "context_conn_country": "IN",
    "context_device_manufacturer": "LENOVO",
    "context_device_model": "Lenovo TB-8504X",
    "context_device_type": "tablet",
    "context_os_name": "android",
    "context_os_version": "8.1.0",
    "context_receiver_service_timestamp": 1716989183048,
    "context_time": 1716989161360,
    "message_audio_driver": "AndroidAudioDriver",
    "message_buffer_size": 1015808,
    "message_file_byte_offset": 2752512,
    "message_file_byte_total": 2968564,
    "message_file_id": "W7K5ISVPOhGUnERPOibMb1Jevtg=",
    "message_max_buffer_size": 1032192,
    "message_playback_id": "XkiAw0vsldCTiWRXj5l+mg==",
    "message_target_buffer": 1048576,
    "message_track": "spotify:track:3zSSCPpLZ5Oc8nelhhGjKz"
  },
  {
    "timestamp_utc": "2024-05-29T13:41:36.906Z",
    "context_application_version": "8.7.20.1261",
    "context_conn_country": "IN",
    "context_device_manufacturer": "LENOVO",
    "context_device_model": "Lenovo TB-8504X",
    "context_device_type": "tablet",
    "context_os_name": "android",
    "context_os_version": "8.1.0",
    "context_receiver_service_timestamp": 1716990113003,
    "context_time": 1716990096906,
    "message_audio_driver": "AndroidAudioDriver",
    "message_buffer_size": 983040,
    "message_file_byte_offset": 1310720,
    "message_file_byte_total": 2968564,
    "message_file_id": "W7K5ISVPOhGUnERPOibMb1Jevtg=",
    "message_max_buffer_size": 1048576,
    "message_playback_id": "7TYywfY0FwNDThhfbXB8JA==",
    "message_target_buffer": 1048576,
    "message_track": "spotify:track:3zSSCPpLZ5Oc8nelhhGjKz"
  },
  {
    "timestamp_utc": "2024-05-23T22:31:46.368Z",
    "context_application_version": "8.7.20.1261",
    "context_conn_country": "IN",
    "context_device_manufacturer": "LENOVO",
    "context_device_model": "Lenovo TB-8504X",
    "context_device_type": "tablet",
    "context_os_name": "android",
    "context_os_version": "8.1.0",
    "context_receiver_service_timestamp": 1716503515509,
    "context_time": 1716503506368,
    "message_audio_driver": "AndroidAudioDriver",
    "message_buffer_size": 983040,
    "message_file_byte_offset": 1048576,
    "message_file_byte_total": 2600432,
    "message_file_id": "oa5mv+EylOhXBlF1l3asJA0NRfA=",
    "message_max_buffer_size": 1015808,
    "message_playback_id": "0Yeahq9CpkYXAbNvzvvI4w==",
    "message_target_buffer": 1048576,
    "message_track": "spotify:track:3wAXK2nhnsS6vdnGQ0Dph0"
  }
]