[
  {
    "timestamp_utc": "2024-06-03T18:53:14.460Z",
    "context_time": 1717440794460,
    "message_country": "XX",
    "message_mix_id": "37i9dQZF1EuPICMRoK8p0A",
    "message_top_artist_id": "4YRxDV8wJFPHPTeXepOstw"
  },
  {
    "timestamp_utc": "2024-03-17T18:12:18.235Z",
    "context_time": 1710699138235,
    "message_country": "XX",
    "message_mix_id": "37i9dQZF1EuPICMRoK8p0A",
    "message_top_artist_id": "4YRxDV8wJFPHPTeXepOstw"
  },
  {
    "timestamp_utc": "2024-05-20T17:54:48.601Z",
    "context_time": 1716227688601,
    "message_country": "XX",
    "message_mix_id": "37i9dQZF1EuPICMRoK8p0A",
    "message_top_artist_id": "4YRxDV8wJFPHPTeXepOstw"
  },
  {
    "timestamp_utc": "2024-04-23T19:22:18.001Z",
    "context_time": 1713900138001,
    "message_country": "XX",
    "message_mix_id": "37i9dQZF1EuPICMRoK8p0A",
    "message_top_artist_id": "4YRxDV8wJFPHPTeXepOstw"
  },
  {
    "timestamp_utc": "2024-03-09T18:29:07.593Z",
    "context_time": 1710008947593,
    "message_country": "XX",
    "message_mix_id": "37i9dQZF1EuPICMRoK8p0A",
    "message_top_artist_id": "4YRxDV8wJFPHPTeXepOstw"
  },
  {
    "timestamp_utc": "2024-05-02T19:59:39.508Z",
    "context_time": 1714679979508,
    "message_country": "XX",
    "message_mix_id": "37i9dQZF1EuPICMRoK8p0A",
    "message_top_artist_id": "4YRxDV8wJFPHPTeXepOstw"
  },
  {
    "timestamp_utc": "2024-03-31T19:20:28.424Z",
    "context_time": 1711912828424,
    "message_country": "XX",
    "message_mix_id": "37i9dQZF1EuPICMRoK8p0A",
    "message_top_artist_id": "4YRxDV8wJFPHPTeXepOstw"
  },
  {
    "timestamp_utc": "2024-05-27T18:31:26.641Z",
    "context_time": 1716834686641,
    "message_country": "XX",
    "message_mix_id": "37i9dQZF1EuPICMRoK8p0A",
    "message_top_artist_id": "4YRxDV8wJFPHPTeXepOstw"
  },
  {
    "timestamp_utc": "2024-04-08T18:27:51.503Z",
    "context_time": 1712600871503,
    "message_country": "XX",
    "message_mix_id": "37i9dQZF1EuPICMRoK8p0A",
    "message_top_artist_id": "4YRxDV8wJFPHPTeXepOstw"
  },
  {
    "timestamp_utc": "2024-04-15T19:23:42.646Z",
    "context_time": 1713209022646,
    "message_country": "XX",
    "message_mix_id": "37i9dQZF1EuPICMRoK8p0A",
    "message_top_artist_id": "4YRxDV8wJFPHPTeXepOstw"
  },
  {
    "timestamp_utc": "2024-03-24T18:47:14.031Z",
    "context_time": 1711306034031,
    "message_country": "XX",
    "message_mix_id": "37i9dQZF1EuPICMRoK8p0A",
    "message_top_artist_id": "4YRxDV8wJFPHPTeXepOstw"
  },
  {
    "timestamp_utc": "2024-05-13T17:01:28.593Z",
    "context_time": 1715619688593,
    "message_country": "XX",
    "message_mix_id": "37i9dQZF1EuPICMRoK8p0A",
    "message_top_artist_id": "4YRxDV8wJFPHPTeXepOstw"
  }
]