[
  {
    "timestamp_utc": "2024-01-09T13:02:13.982Z",
    "context_time": 1704805333982,
    "message_discovery_contents": [
      "spotify:track:43YkTTlOD203o9E5ZxhUjF",
      "spotify:track:3FbZoPzEaUBOD84l1FwFEH",
      "spotify:track:0d5tgymZ98ERrAm8v01ltg",
      "spotify:track:0MG15ZlBR4Xh3Yz9mg8KCy",
      "spotify:track:4Zzw8CESa97fNrmrvEdIuL",
      "spotify:track:3trnNo4KeaUlFuUiV7iRCj"
    ],
    "message_mix_type": "MOOD",
    "message_pl_id": "37i9dQZF1EVKuMoAJjoTIw",
    "message_recdex_params": [
    ]
  }
]