[
  {
    "timestamp_utc": "2024-03-16T16:25:40.702Z",
    "context_application_version": "8.7.20.1261",
    "context_conn_country": "IN",
    "context_device_manufacturer": "realme",
    "context_device_model": "RMX3392",
    "context_device_type": "mobile",
    "context_os_name": "android",
    "context_os_version": "13",
    "context_receiver_service_timestamp": 1710606362500,
    "context_time": 1710606340702,
    "message_audio_driver": "AndroidAudioDriver",
    "message_count": 2,
    "message_offline": false,
    "message_playback_id": "WfOL2LZ0Z0KwBOlwbQyo4w==",
    "message_position": 185,
    "message_reason_start": "trackdone",
    "message_source_start": "playlist",
    "message_track": "spotify:track:2rjCLFdX8n9xLoMZgdMMxt"
  },
  {
    "timestamp_utc": "2024-03-16T16:30:15.035Z",
    "context_application_version": "8.7.20.1261",
    "context_conn_country": "IN",
    "context_device_manufacturer": "realme",
    "context_device_model": "RMX3392",
    "context_device_type": "mobile",
    "context_os_name": "android",
    "context_os_version": "13",
    "context_receiver_service_timestamp": 1710606632224,
    "context_time": 1710606615035,
    "message_audio_driver": "AndroidAudioDriver",
    "message_count": 7,
    "message_offline": false,
    "message_playback_id": "WfOL2LZ0Z0KwBOlwbQyo4w==",
    "message_position": 320,
    "message_reason_start": "trackdone",
    "message_source_start": "playlist",
    "message_track": "spotify:track:2rjCLFdX8n9xLoMZgdMMxt"
  },
  {
    "timestamp_utc": "2024-03-16T16:27:02.155Z",
    "context_application_version": "8.7.20.1261",
    "context_conn_country": "IN",
    "context_device_manufacturer": "realme",
    "context_device_model": "RMX3392",
    "context_device_type": "mobile",
    "context_os_name": "android",
    "context_os_version": "13",
    "context_receiver_service_timestamp": 1710606452353,
    "context_time": 1710606422155,
    "message_audio_driver": "AndroidAudioDriver",
    "message_count": 4,
    "message_offline": false,
    "message_playback_id": "WfOL2LZ0Z0KwBOlwbQyo4w==",
    "message_position": 337,
    "message_reason_start": "trackdone",
    "message_source_start": "playlist",
    "message_track": "spotify:track:2rjCLFdX8n9xLoMZgdMMxt"
  },
  {
    "timestamp_utc": "2024-03-16T16:27:14.271Z",
    "context_application_version": "8.7.20.1261",
    "context_conn_country": "IN",
    "context_device_manufacturer": "realme",
    "context_device_model": "RMX3392",
    "context_device_type": "mobile",
    "context_os_name": "android",
    "context_os_version": "13",
    "context_receiver_service_timestamp": 1710606452353,
    "context_time": 1710606434271,
    "message_audio_driver": "AndroidAudioDriver",
    "message_count": 5,
    "message_offline": false,
    "message_playback_id": "WfOL2LZ0Z0KwBOlwbQyo4w==",
    "message_position": 354,
    "message_reason_start": "trackdone",
    "message_source_start": "playlist",
    "message_track": "spotify:track:2rjCLFdX8n9xLoMZgdMMxt"
  },
  {
    "timestamp_utc": "2024-03-16T16:34:54.830Z",
    "context_application_version": "8.7.20.1261",
    "context_conn_country": "IN",
    "context_device_manufacturer": "realme",
    "context_device_model": "RMX3392",
    "context_device_type": "mobile",
    "context_os_name": "android",
    "context_os_version": "13",
    "context_receiver_service_timestamp": 1710606902218,
    "context_time": 1710606894830,
    "message_audio_driver": "AndroidAudioDriver",
    "message_count": 10,
    "message_offline": false,
    "message_playback_id": "WfOL2LZ0Z0KwBOlwbQyo4w==",
    "message_position": 313,
    "message_reason_start": "trackdone",
    "message_source_start": "playlist",
    "message_track": "spotify:track:2rjCLFdX8n9xLoMZgdMMxt"
  },
  {
    "timestamp_utc": "2024-03-16T16:25:06.167Z",
    "context_application_version": "8.7.20.1261",
    "context_conn_country": "IN",
    "context_device_manufacturer": "realme",
    "context_device_model": "RMX3392",
    "context_device_type": "mobile",
    "context_os_name": "android",
    "context_os_version": "13",
    "context_receiver_service_timestamp": 1710606332340,
    "context_time": 1710606306167,
    "message_audio_driver": "AndroidAudioDriver",
    "message_count": 1,
    "message_offline": false,
    "message_playback_id": "WfOL2LZ0Z0KwBOlwbQyo4w==",
    "message_position": 349,
    "message_reason_start": "trackdone",
    "message_source_start": "playlist",
    "message_track": "spotify:track:2rjCLFdX8n9xLoMZgdMMxt"
  },
  {
    "timestamp_utc": "2024-03-16T16:27:52.832Z",
    "context_application_version": "8.7.20.1261",
    "context_conn_country": "IN",
    "context_device_manufacturer": "realme",
    "context_device_model": "RMX3392",
    "context_device_type": "mobile",
    "context_os_name": "android",
    "context_os_version": "13",
    "context_receiver_service_timestamp": 1710606482194,
    "context_time": 1710606472832,
    "message_audio_driver": "AndroidAudioDriver",
    "message_count": 6,
    "message_offline": false,
    "message_playback_id": "WfOL2LZ0Z0KwBOlwbQyo4w==",
    "message_position": 316,
    "message_reason_start": "trackdone",
    "message_source_start": "playlist",
    "message_track": "spotify:track:2rjCLFdX8n9xLoMZgdMMxt"
  },
  {
    "timestamp_utc": "2024-03-16T16:30:41.537Z",
    "context_application_version": "8.7.20.1261",
    "context_conn_country": "IN",
    "context_device_manufacturer": "realme",
    "context_device_model": "RMX3392",
    "context_device_type": "mobile",
    "context_os_name": "android",
    "context_os_version": "13",
    "context_receiver_service_timestamp": 1710606662256,
    "context_time": 1710606641537,
    "message_audio_driver": "AndroidAudioDriver",
    "message_count": 8,
    "message_offline": false,
    "message_playback_id": "WfOL2LZ0Z0KwBOlwbQyo4w==",
    "message_position": 320,
    "message_reason_start": "trackdone",
    "message_source_start": "playlist",
    "message_track": "spotify:track:2rjCLFdX8n9xLoMZgdMMxt"
  },
  {
    "timestamp_utc": "2024-03-16T16:33:18.382Z",
    "context_application_version": "8.7.20.1261",
    "context_conn_country": "IN",
    "context_device_manufacturer": "realme",
    "context_device_model": "RMX3392",
    "context_device_type": "mobile",
    "context_os_name": "android",
    "context_os_version": "13",
    "context_receiver_service_timestamp": 1710606812235,
    "context_time": 1710606798382,
    "message_audio_driver": "AndroidAudioDriver",
    "message_count": 9,
    "message_offline": false,
    "message_playback_id": "WfOL2LZ0Z0KwBOlwbQyo4w==",
    "message_position": 365,
    "message_reason_start": "trackdone",
    "message_source_start": "playlist",
    "message_track": "spotify:track:2rjCLFdX8n9xLoMZgdMMxt"
  },
  {
    "timestamp_utc": "2024-04-14T17:25:24.315Z",
    "context_application_version": "8.7.20.1261",
    "context_conn_country": "IN",
    "context_device_manufacturer": "realme",
    "context_device_model": "RMX3392",
    "context_device_type": "mobile",
    "context_os_name": "android",
    "context_os_version": "13",
    "context_receiver_service_timestamp": 1713115534171,
    "context_time": 1713115524315,
    "message_audio_driver": "AndroidAudioDriver",
    "message_count": 1,
    "message_offline": false,
    "message_playback_id": "PTT5rLyMfVhZ+7+Qq2Q2KQ==",
    "message_position": 10327,
    "message_reason_start": "clickrow",
    "message_source_start": "playlist",
    "message_track": "spotify:track:330joCgJHJGHFLOgJCvNEM"
  },
  {
    "timestamp_utc": "2024-03-09T18:25:48.368Z",
    "context_application_version": "8.7.20.1261",
    "context_conn_country": "IN",
    "context_device_manufacturer": "realme",
    "context_device_model": "RMX3392",
    "context_device_type": null,
    "context_os_name": "android",
    "context_os_version": "13",
    "context_receiver_service_timestamp": 1710008750423,
    "context_time": 1710008748368,
    "message_audio_driver": "AndroidAudioDriver",
    "message_count": 1,
    "message_offline": false,
    "message_playback_id": "x3NPtC87EdDxHQUMB+ikdw==",
    "message_position": 91083,
    "message_reason_start": "clickrow",
    "message_source_start": "search",
    "message_track": "spotify:track:2S4Yq09ucrf9agHNQg7FCy"
  },
  {
    "timestamp_utc": "2024-03-16T16:36:20.464Z",
    "context_application_version": "8.7.20.1261",
    "context_conn_country": "IN",
    "context_device_manufacturer": "realme",
    "context_device_model": "RMX3392",
    "context_device_type": "mobile",
    "context_os_name": "android",
    "context_os_version": "13",
    "context_receiver_service_timestamp": 1710606992203,
    "context_time": 1710606980464,
    "message_audio_driver": "AndroidAudioDriver",
    "message_count": 11,
    "message_offline": false,
    "message_playback_id": "WfOL2LZ0Z0KwBOlwbQyo4w==",
    "message_position": 347,
    "message_reason_start": "trackdone",
    "message_source_start": "playlist",
    "message_track": "spotify:track:2rjCLFdX8n9xLoMZgdMMxt"
  },
  {
    "timestamp_utc": "2024-03-16T16:26:31.534Z",
    "context_application_version": "8.7.20.1261",
    "context_conn_country": "IN",
    "context_device_manufacturer": "realme",
    "context_device_model": "RMX3392",
    "context_device_type": "mobile",
    "context_os_name": "android",
    "context_os_version": "13",
    "context_receiver_service_timestamp": 1710606422213,
    "context_time": 1710606391534,
    "message_audio_driver": "AndroidAudioDriver",
    "message_count": 3,
    "message_offline": false,
    "message_playback_id": "WfOL2LZ0Z0KwBOlwbQyo4w==",
    "message_position": 318,
    "message_reason_start": "trackdone",
    "message_source_start": "playlist",
    "message_track": "spotify:track:2rjCLFdX8n9xLoMZgdMMxt"
  }
]