[
  {
    "timestamp_utc": "2024-05-31T23:17:28.768Z",
    "context_time": 1717197448768,
    "message_brand": "spotify",
    "message_connection_country": "IN",
    "message_device_type": "COMPUTER",
    "message_endpoint": "REGISTRATION",
    "message_error_reason": null,
    "message_is_employee": false,
    "message_license": "tft",
    "message_model": "web_player",
    "message_request_id": "1f90591f86accd9290707c5e3a5c77bd/6976334862278154127;o=0",
    "message_response_status": 200,
    "message_sdk_type": "JSSDK",
    "message_sdk_version": 69861376,
    "message_seq_num": null,
    "message_spotify_domain": "gae2.spotify.net",
    "message_timestamp": 1717197448652,
    "message_user_country": "IN"
  },
  {
    "timestamp_utc": "2024-06-04T23:15:49.915Z",
    "context_time": 1717542949915,
    "message_brand": "spotify",
    "message_connection_country": "IN",
    "message_device_type": "COMPUTER",
    "message_endpoint": "REGISTRATION",
    "message_error_reason": null,
    "message_is_employee": false,
    "message_license": "tft",
    "message_model": "web_player",
    "message_request_id": "3448e1750cc1c478f0052ba907d8953a/7920144223967904581;o=0",
    "message_response_status": 200,
    "message_sdk_type": "JSSDK",
    "message_sdk_version": 69861376,
    "message_seq_num": null,
    "message_spotify_domain": "gae2.spotify.net",
    "message_timestamp": 1717542949794,
    "message_user_country": "IN"
  },
  {
    "timestamp_utc": "2024-03-30T21:11:08.692Z",
    "context_time": 1711833068692,
    "message_brand": "spotify",
    "message_connection_country": "IN",
    "message_device_type": "COMPUTER",
    "message_endpoint": "REGISTRATION",
    "message_error_reason": null,
    "message_is_employee": false,
    "message_license": "tft",
    "message_model": "web_player",
    "message_request_id": "1da65a61bba92d20f2da15fdf9e3a16a/6534501475563552433;o=0",
    "message_response_status": 200,
    "message_sdk_type": "JSSDK",
    "message_sdk_version": 69730304,
    "message_seq_num": null,
    "message_spotify_domain": "gae2.spotify.net",
    "message_timestamp": 1711833068605,
    "message_user_country": "IN"
  },
  {
    "timestamp_utc": "2024-04-20T09:18:09.247Z",
    "context_time": 1713604689247,
    "message_brand": "spotify",
    "message_connection_country": "IN",
    "message_device_type": "COMPUTER",
    "message_endpoint": "REGISTRATION",
    "message_error_reason": null,
    "message_is_employee": false,
    "message_license": "tft",
    "message_model": "web_player",
    "message_request_id": "c069696094c40a4d4dcd0d786767b958/3837593803832913617;o=0",
    "message_response_status": 200,
    "message_sdk_type": "JSSDK",
    "message_sdk_version": 69795840,
    "message_seq_num": null,
    "message_spotify_domain": "gae2.spotify.net",
    "message_timestamp": 1713604689150,
    "message_user_country": "IN"
  },
  {
    "timestamp_utc": "2024-03-30T18:38:16.824Z",
    "context_time": 1711823896824,
    "message_brand": "spotify",
    "message_connection_country": "IN",
    "message_device_type": "COMPUTER",
    "message_endpoint": "REGISTRATION",
    "message_error_reason": null,
    "message_is_employee": false,
    "message_license": "tft",
    "message_model": "web_player",
    "message_request_id": "2c1f261d176904570b3d3793b4f36a31/14930274375949433263;o=0",
    "message_response_status": 200,
    "message_sdk_type": "JSSDK",
    "message_sdk_version": 69730304,
    "message_seq_num": null,
    "message_spotify_domain": "gae2.spotify.net",
    "message_timestamp": 1711823896723,
    "message_user_country": "IN"
  },
  {
    "timestamp_utc": "2024-04-20T11:07:25.909Z",
    "context_time": 1713611245909,
    "message_brand": "spotify",
    "message_connection_country": "IN",
    "message_device_type": "COMPUTER",
    "message_endpoint": "REGISTRATION",
    "message_error_reason": null,
    "message_is_employee": false,
    "message_license": "tft",
    "message_model": "web_player",
    "message_request_id": "4facacab912973d40a98f3d1d6c24651/10308515838747165360;o=0",
    "message_response_status": 200,
    "message_sdk_type": "JSSDK",
    "message_sdk_version": 69795840,
    "message_seq_num": null,
    "message_spotify_domain": "gae2.spotify.net",
    "message_timestamp": 1713611245811,
    "message_user_country": "IN"
  },
  {
    "timestamp_utc": "2024-04-06T13:56:39.535Z",
    "context_time": 1712411799535,
    "message_brand": "spotify",
    "message_connection_country": "IN",
    "message_device_type": "COMPUTER",
    "message_endpoint": "REGISTRATION",
    "message_error_reason": null,
    "message_is_employee": false,
    "message_license": "tft",
    "message_model": "web_player",
    "message_request_id": "48dfb462d844a1c83b4f23698519c5a4/5932487980074962439;o=0",
    "message_response_status": 200,
    "message_sdk_type": "JSSDK",
    "message_sdk_version": 69795840,
    "message_seq_num": null,
    "message_spotify_domain": "gae2.spotify.net",
    "message_timestamp": 1712411799431,
    "message_user_country": "IN"
  },
  {
    "timestamp_utc": "2024-03-30T20:52:25.469Z",
    "context_time": 1711831945469,
    "message_brand": "spotify",
    "message_connection_country": "IN",
    "message_device_type": "COMPUTER",
    "message_endpoint": "REGISTRATION",
    "message_error_reason": null,
    "message_is_employee": false,
    "message_license": "tft",
    "message_model": "web_player",
    "message_request_id": "28857c95e8e1810ebe55420cb7f01b7d/4395268517049427532;o=0",
    "message_response_status": 200,
    "message_sdk_type": "JSSDK",
    "message_sdk_version": 69730304,
    "message_seq_num": null,
    "message_spotify_domain": "gae2.spotify.net",
    "message_timestamp": 1711831945360,
    "message_user_country": "IN"
  },
  {
    "timestamp_utc": "2024-05-28T20:54:25.858Z",
    "context_time": 1716929665858,
    "message_brand": "spotify",
    "message_connection_country": "IN",
    "message_device_type": "COMPUTER",
    "message_endpoint": "REGISTRATION",
    "message_error_reason": null,
    "message_is_employee": false,
    "message_license": "tft",
    "message_model": "web_player",
    "message_request_id": "1848be50753a1b988943305caad7cc08/7694657695970076510;o=0",
    "message_response_status": 200,
    "message_sdk_type": "JSSDK",
    "message_sdk_version": 69861376,
    "message_seq_num": null,
    "message_spotify_domain": "gae2.spotify.net",
    "message_timestamp": 1716929665779,
    "message_user_country": "IN"
  },
  {
    "timestamp_utc": "2024-04-18T07:37:12.080Z",
    "context_time": 1713425832080,
    "message_brand": "spotify",
    "message_connection_country": "IN",
    "message_device_type": "COMPUTER",
    "message_endpoint": "REGISTRATION",
    "message_error_reason": null,
    "message_is_employee": false,
    "message_license": "tft",
    "message_model": "web_player",
    "message_request_id": "8d676bfdced37df40f830f09391b7f58/14104270709209748456;o=0",
    "message_response_status": 200,
    "message_sdk_type": "JSSDK",
    "message_sdk_version": 69795840,
    "message_seq_num": null,
    "message_spotify_domain": "gae2.spotify.net",
    "message_timestamp": 1713425831959,
    "message_user_country": "IN"
  },
  {
    "timestamp_utc": "2024-06-05T08:56:16.437Z",
    "context_time": 1717577776437,
    "message_brand": "spotify",
    "message_connection_country": "IN",
    "message_device_type": "COMPUTER",
    "message_endpoint": "REGISTRATION",
    "message_error_reason": null,
    "message_is_employee": false,
    "message_license": "tft",
    "message_model": "web_player",
    "message_request_id": "7095316dfb35175340a6c4dbe2f62917/5655658593470602666;o=0",
    "message_response_status": 200,
    "message_sdk_type": "JSSDK",
    "message_sdk_version": 69861376,
    "message_seq_num": null,
    "message_spotify_domain": "gae2.spotify.net",
    "message_timestamp": 1717577776309,
    "message_user_country": "IN"
  },
  {
    "timestamp_utc": "2024-05-31T19:46:54.801Z",
    "context_time": 1717184814801,
    "message_brand": "spotify",
    "message_connection_country": "IN",
    "message_device_type": "COMPUTER",
    "message_endpoint": "REGISTRATION",
    "message_error_reason": null,
    "message_is_employee": false,
    "message_license": "tft",
    "message_model": "web_player",
    "message_request_id": "c75cf3f85d82ddaa7cc565c5ddb9e370/13425868146455249988;o=0",
    "message_response_status": 200,
    "message_sdk_type": "JSSDK",
    "message_sdk_version": 69861376,
    "message_seq_num": null,
    "message_spotify_domain": "gae2.spotify.net",
    "message_timestamp": 1717184814713,
    "message_user_country": "IN"
  },
  {
    "timestamp_utc": "2024-04-06T13:47:36.288Z",
    "context_time": 1712411256288,
    "message_brand": "spotify",
    "message_connection_country": "IN",
    "message_device_type": "COMPUTER",
    "message_endpoint": "REGISTRATION",
    "message_error_reason": null,
    "message_is_employee": false,
    "message_license": "tft",
    "message_model": "web_player",
    "message_request_id": "962ef235cff855b937545d305d0173ed/17038338395999429574;o=0",
    "message_response_status": 200,
    "message_sdk_type": "JSSDK",
    "message_sdk_version": 69795840,
    "message_seq_num": null,
    "message_spotify_domain": "gae2.spotify.net",
    "message_timestamp": 1712411256172,
    "message_user_country": "IN"
  },
  {
    "timestamp_utc": "2024-04-04T17:54:39.298Z",
    "context_time": 1712253279298,
    "message_brand": "spotify",
    "message_connection_country": "IN",
    "message_device_type": "COMPUTER",
    "message_endpoint": "REGISTRATION",
    "message_error_reason": null,
    "message_is_employee": false,
    "message_license": "tft",
    "message_model": "web_player",
    "message_request_id": "ee23c721a1ebe359b82e92e3502c883b/4360727277989282341;o=0",
    "message_response_status": 200,
    "message_sdk_type": "JSSDK",
    "message_sdk_version": 69795840,
    "message_seq_num": null,
    "message_spotify_domain": "gae2.spotify.net",
    "message_timestamp": 1712253279213,
    "message_user_country": "IN"
  },
  {
    "timestamp_utc": "2024-04-20T12:42:42.303Z",
    "context_time": 1713616962303,
    "message_brand": "spotify",
    "message_connection_country": "IN",
    "message_device_type": "COMPUTER",
    "message_endpoint": "REGISTRATION",
    "message_error_reason": null,
    "message_is_employee": false,
    "message_license": "tft",
    "message_model": "web_player",
    "message_request_id": "66107d924f5babe993480ca595328b8b/14445880942778311297;o=0",
    "message_response_status": 200,
    "message_sdk_type": "JSSDK",
    "message_sdk_version": 69795840,
    "message_seq_num": null,
    "message_spotify_domain": "gae2.spotify.net",
    "message_timestamp": 1713616962190,
    "message_user_country": "IN"
  },
  {
    "timestamp_utc": "2024-05-31T22:05:11.798Z",
    "context_time": 1717193111798,
    "message_brand": "spotify",
    "message_connection_country": "IN",
    "message_device_type": "COMPUTER",
    "message_endpoint": "REGISTRATION",
    "message_error_reason": null,
    "message_is_employee": false,
    "message_license": "tft",
    "message_model": "web_player",
    "message_request_id": "9a8257f4ae02b77bf848458e7a36046d/5002695847748646358;o=0",
    "message_response_status": 200,
    "message_sdk_type": "JSSDK",
    "message_sdk_version": 69861376,
    "message_seq_num": null,
    "message_spotify_domain": "gae2.spotify.net",
    "message_timestamp": 1717193111710,
    "message_user_country": "IN"
  },
  {
    "timestamp_utc": "2024-03-30T21:11:04.159Z",
    "context_time": 1711833064159,
    "message_brand": "spotify",
    "message_connection_country": "IN",
    "message_device_type": "COMPUTER",
    "message_endpoint": "REGISTRATION",
    "message_error_reason": null,
    "message_is_employee": false,
    "message_license": "tft",
    "message_model": "web_player",
    "message_request_id": "91d3831208602cd81740afb759181c29/5301609416251754851;o=0",
    "message_response_status": 200,
    "message_sdk_type": "JSSDK",
    "message_sdk_version": 69730304,
    "message_seq_num": null,
    "message_spotify_domain": "gae2.spotify.net",
    "message_timestamp": 1711833064003,
    "message_user_country": "IN"
  },
  {
    "timestamp_utc": "2024-05-28T19:18:22.939Z",
    "context_time": 1716923902939,
    "message_brand": "spotify",
    "message_connection_country": "IN",
    "message_device_type": "COMPUTER",
    "message_endpoint": "REGISTRATION",
    "message_error_reason": null,
    "message_is_employee": false,
    "message_license": "tft",
    "message_model": "web_player",
    "message_request_id": "1ee83fea5b2649e0cfcda9717e8eeca1/5400022405532261724;o=0",
    "message_response_status": 200,
    "message_sdk_type": "JSSDK",
    "message_sdk_version": 69861376,
    "message_seq_num": null,
    "message_spotify_domain": "gae2.spotify.net",
    "message_timestamp": 1716923902830,
    "message_user_country": "IN"
  },
  {
    "timestamp_utc": "2024-05-31T21:43:27.281Z",
    "context_time": 1717191807281,
    "message_brand": "spotify",
    "message_connection_country": "IN",
    "message_device_type": "COMPUTER",
    "message_endpoint": "REGISTRATION",
    "message_error_reason": null,
    "message_is_employee": false,
    "message_license": "tft",
    "message_model": "web_player",
    "message_request_id": "1108cfdb5c26c5764e4338320b34b96a/8947287116234598491;o=0",
    "message_response_status": 200,
    "message_sdk_type": "JSSDK",
    "message_sdk_version": 69861376,
    "message_seq_num": null,
    "message_spotify_domain": "gae2.spotify.net",
    "message_timestamp": 1717191807187,
    "message_user_country": "IN"
  },
  {
    "timestamp_utc": "2024-06-02T11:10:55.235Z",
    "context_time": 1717326655235,
    "message_brand": "spotify",
    "message_connection_country": "IN",
    "message_device_type": "COMPUTER",
    "message_endpoint": "REGISTRATION",
    "message_error_reason": null,
    "message_is_employee": false,
    "message_license": "tft",
    "message_model": "web_player",
    "message_request_id": "447d5b0f101b05750179e76218021371/11830044549100274948;o=0",
    "message_response_status": 200,
    "message_sdk_type": "JSSDK",
    "message_sdk_version": 69861376,
    "message_seq_num": null,
    "message_spotify_domain": "gae2.spotify.net",
    "message_timestamp": 1717326655142,
    "message_user_country": "IN"
  },
  {
    "timestamp_utc": "2024-06-02T11:20:48.141Z",
    "context_time": 1717327248141,
    "message_brand": "spotify",
    "message_connection_country": "IN",
    "message_device_type": "COMPUTER",
    "message_endpoint": "REGISTRATION",
    "message_error_reason": null,
    "message_is_employee": false,
    "message_license": "tft",
    "message_model": "web_player",
    "message_request_id": "302f9a8d306ecfe08e9e1aae88416ea6/1802837336957723249;o=0",
    "message_response_status": 200,
    "message_sdk_type": "JSSDK",
    "message_sdk_version": 69861376,
    "message_seq_num": null,
    "message_spotify_domain": "gae2.spotify.net",
    "message_timestamp": 1717327248008,
    "message_user_country": "IN"
  },
  {
    "timestamp_utc": "2024-06-02T00:26:52.782Z",
    "context_time": 1717288012782,
    "message_brand": "spotify",
    "message_connection_country": "IN",
    "message_device_type": "COMPUTER",
    "message_endpoint": "REGISTRATION",
    "message_error_reason": null,
    "message_is_employee": false,
    "message_license": "tft",
    "message_model": "web_player",
    "message_request_id": "9622e232b7005dab2ed8e6bdcd386bae/7428410147748915052;o=0",
    "message_response_status": 200,
    "message_sdk_type": "JSSDK",
    "message_sdk_version": 69861376,
    "message_seq_num": null,
    "message_spotify_domain": "gae2.spotify.net",
    "message_timestamp": 1717288012676,
    "message_user_country": "IN"
  },
  {
    "timestamp_utc": "2024-05-28T20:49:13.030Z",
    "context_time": 1716929353030,
    "message_brand": "spotify",
    "message_connection_country": "IN",
    "message_device_type": "COMPUTER",
    "message_endpoint": "REGISTRATION",
    "message_error_reason": null,
    "message_is_employee": false,
    "message_license": "tft",
    "message_model": "web_player",
    "message_request_id": "f4b2cf6506c4fd802835b05afcc5ad47/13510963571452898147;o=1",
    "message_response_status": 200,
    "message_sdk_type": "JSSDK",
    "message_sdk_version": 69861376,
    "message_seq_num": null,
    "message_spotify_domain": "gae2.spotify.net",
    "message_timestamp": 1716929352945,
    "message_user_country": "IN"
  },
  {
    "timestamp_utc": "2024-05-28T19:01:33.542Z",
    "context_time": 1716922893542,
    "message_brand": "spotify",
    "message_connection_country": "IN",
    "message_device_type": "COMPUTER",
    "message_endpoint": "REGISTRATION",
    "message_error_reason": null,
    "message_is_employee": false,
    "message_license": "tft",
    "message_model": "web_player",
    "message_request_id": "f0febe976e81878c6c6244b0f51c2a38/15729585185019978462;o=0",
    "message_response_status": 200,
    "message_sdk_type": "JSSDK",
    "message_sdk_version": 69861376,
    "message_seq_num": null,
    "message_spotify_domain": "gae2.spotify.net",
    "message_timestamp": 1716922893443,
    "message_user_country": "IN"
  },
  {
    "timestamp_utc": "2024-03-21T19:17:23.556Z",
    "context_time": 1711048643556,
    "message_brand": "spotify",
    "message_connection_country": "IN",
    "message_device_type": "COMPUTER",
    "message_endpoint": "REGISTRATION",
    "message_error_reason": null,
    "message_is_employee": false,
    "message_license": "tft",
    "message_model": "web_player",
    "message_request_id": "6e0f35cca7554c0f03f10427dfe4afd3/14268902008199707453;o=0",
    "message_response_status": 200,
    "message_sdk_type": "JSSDK",
    "message_sdk_version": 69730304,
    "message_seq_num": null,
    "message_spotify_domain": "gae2.spotify.net",
    "message_timestamp": 1711048643459,
    "message_user_country": "IN"
  },
  {
    "timestamp_utc": "2024-05-31T18:57:51.400Z",
    "context_time": 1717181871400,
    "message_brand": "spotify",
    "message_connection_country": "IN",
    "message_device_type": "COMPUTER",
    "message_endpoint": "REGISTRATION",
    "message_error_reason": null,
    "message_is_employee": false,
    "message_license": "tft",
    "message_model": "web_player",
    "message_request_id": "7963a0935bd098ac3205c5a2ceef0bf3/4996167852516050032;o=0",
    "message_response_status": 200,
    "message_sdk_type": "JSSDK",
    "message_sdk_version": 69861376,
    "message_seq_num": null,
    "message_spotify_domain": "gae2.spotify.net",
    "message_timestamp": 1717181871317,
    "message_user_country": "IN"
  },
  {
    "timestamp_utc": "2024-06-02T08:51:28.668Z",
    "context_time": 1717318288668,
    "message_brand": "spotify",
    "message_connection_country": "IN",
    "message_device_type": "COMPUTER",
    "message_endpoint": "REGISTRATION",
    "message_error_reason": null,
    "message_is_employee": false,
    "message_license": "tft",
    "message_model": "web_player",
    "message_request_id": "916233a13ecfc7b30e300f3504624f35/4965544515316152411;o=0",
    "message_response_status": 200,
    "message_sdk_type": "JSSDK",
    "message_sdk_version": 69861376,
    "message_seq_num": null,
    "message_spotify_domain": "gae2.spotify.net",
    "message_timestamp": 1717318288481,
    "message_user_country": "IN"
  },
  {
    "timestamp_utc": "2024-03-30T20:55:46.612Z",
    "context_time": 1711832146612,
    "message_brand": "spotify",
    "message_connection_country": "IN",
    "message_device_type": "COMPUTER",
    "message_endpoint": "REGISTRATION",
    "message_error_reason": null,
    "message_is_employee": false,
    "message_license": "tft",
    "message_model": "web_player",
    "message_request_id": "256f0e9f15b794a662f0d26815576d61/14071170952567393234;o=0",
    "message_response_status": 200,
    "message_sdk_type": "JSSDK",
    "message_sdk_version": 69730304,
    "message_seq_num": null,
    "message_spotify_domain": "gae2.spotify.net",
    "message_timestamp": 1711832146505,
    "message_user_country": "IN"
  },
  {
    "timestamp_utc": "2024-06-02T09:14:28.081Z",
    "context_time": 1717319668081,
    "message_brand": "spotify",
    "message_connection_country": "IN",
    "message_device_type": "COMPUTER",
    "message_endpoint": "REGISTRATION",
    "message_error_reason": null,
    "message_is_employee": false,
    "message_license": "tft",
    "message_model": "web_player",
    "message_request_id": "59756f4e1e88a793ae7eba958d8e2ed5/11325242666929221271;o=0",
    "message_response_status": 200,
    "message_sdk_type": "JSSDK",
    "message_sdk_version": 69861376,
    "message_seq_num": null,
    "message_spotify_domain": "gae2.spotify.net",
    "message_timestamp": 1717319667988,
    "message_user_country": "IN"
  },
  {
    "timestamp_utc": "2024-06-04T09:46:29.715Z",
    "context_time": 1717494389715,
    "message_brand": "spotify",
    "message_connection_country": "IN",
    "message_device_type": "COMPUTER",
    "message_endpoint": "REGISTRATION",
    "message_error_reason": null,
    "message_is_employee": false,
    "message_license": "tft",
    "message_model": "web_player",
    "message_request_id": "8b4397b88bd076ce821320d444e282f4/14419491663126592840;o=0",
    "message_response_status": 200,
    "message_sdk_type": "JSSDK",
    "message_sdk_version": 69861376,
    "message_seq_num": null,
    "message_spotify_domain": "gae2.spotify.net",
    "message_timestamp": 1717494389574,
    "message_user_country": "IN"
  },
  {
    "timestamp_utc": "2024-03-21T19:21:40.099Z",
    "context_time": 1711048900099,
    "message_brand": "spotify",
    "message_connection_country": "IN",
    "message_device_type": "COMPUTER",
    "message_endpoint": "REGISTRATION",
    "message_error_reason": null,
    "message_is_employee": false,
    "message_license": "tft",
    "message_model": "web_player",
    "message_request_id": "bdd2890d3d65e300780f374824ab9e65/4829439704117729651;o=0",
    "message_response_status": 200,
    "message_sdk_type": "JSSDK",
    "message_sdk_version": 69730304,
    "message_seq_num": null,
    "message_spotify_domain": "gae2.spotify.net",
    "message_timestamp": 1711048900000,
    "message_user_country": "IN"
  },
  {
    "timestamp_utc": "2024-04-06T13:56:02.356Z",
    "context_time": 1712411762356,
    "message_brand": "spotify",
    "message_connection_country": "IN",
    "message_device_type": "COMPUTER",
    "message_endpoint": "REGISTRATION",
    "message_error_reason": null,
    "message_is_employee": false,
    "message_license": "tft",
    "message_model": "embed_v4",
    "message_request_id": "96d8e3d1a15fb72129f5b4eefff6ffb6/3605924094674668565;o=0",
    "message_response_status": 200,
    "message_sdk_type": "JSSDK",
    "message_sdk_version": 69533696,
    "message_seq_num": null,
    "message_spotify_domain": "gae2.spotify.net",
    "message_timestamp": 1712411762275,
    "message_user_country": "IN"
  },
  {
    "timestamp_utc": "2024-06-02T09:15:33.006Z",
    "context_time": 1717319733006,
    "message_brand": "spotify",
    "message_connection_country": "IN",
    "message_device_type": "COMPUTER",
    "message_endpoint": "REGISTRATION",
    "message_error_reason": null,
    "message_is_employee": false,
    "message_license": "tft",
    "message_model": "web_player",
    "message_request_id": "ca64f0ef48b988e64587845ddee32c4a/2166383995427802547;o=0",
    "message_response_status": 200,
    "message_sdk_type": "JSSDK",
    "message_sdk_version": 69861376,
    "message_seq_num": null,
    "message_spotify_domain": "gae2.spotify.net",
    "message_timestamp": 1717319732916,
    "message_user_country": "IN"
  },
  {
    "timestamp_utc": "2024-04-20T10:16:13.075Z",
    "context_time": 1713608173075,
    "message_brand": "spotify",
    "message_connection_country": "IN",
    "message_device_type": "COMPUTER",
    "message_endpoint": "REGISTRATION",
    "message_error_reason": null,
    "message_is_employee": false,
    "message_license": "tft",
    "message_model": "web_player",
    "message_request_id": "5f51a15fe233af698eaba67e3e1ff691/1702905316363779682;o=0",
    "message_response_status": 200,
    "message_sdk_type": "JSSDK",
    "message_sdk_version": 69795840,
    "message_seq_num": null,
    "message_spotify_domain": "gae2.spotify.net",
    "message_timestamp": 1713608172961,
    "message_user_country": "IN"
  },
  {
    "timestamp_utc": "2024-06-05T21:30:14.283Z",
    "context_time": 1717623014283,
    "message_brand": "spotify",
    "message_connection_country": "IN",
    "message_device_type": "COMPUTER",
    "message_endpoint": "REGISTRATION",
    "message_error_reason": null,
    "message_is_employee": false,
    "message_license": "tft",
    "message_model": "web_player",
    "message_request_id": "7d82ebadac1af3360c2d20cd73ff5cca/535927685629656425;o=0",
    "message_response_status": 200,
    "message_sdk_type": "JSSDK",
    "message_sdk_version": 69861376,
    "message_seq_num": null,
    "message_spotify_domain": "gae2.spotify.net",
    "message_timestamp": 1717623014165,
    "message_user_country": "IN"
  },
  {
    "timestamp_utc": "2024-04-06T13:56:47.189Z",
    "context_time": 1712411807189,
    "message_brand": "spotify",
    "message_connection_country": "IN",
    "message_device_type": "COMPUTER",
    "message_endpoint": "REGISTRATION",
    "message_error_reason": null,
    "message_is_employee": false,
    "message_license": "tft",
    "message_model": "web_player",
    "message_request_id": "8323209d18e54d2bb1e27ac743226a34/9179444213150184606;o=0",
    "message_response_status": 200,
    "message_sdk_type": "JSSDK",
    "message_sdk_version": 69795840,
    "message_seq_num": null,
    "message_spotify_domain": "gae2.spotify.net",
    "message_timestamp": 1712411807064,
    "message_user_country": "IN"
  },
  {
    "timestamp_utc": "2024-03-30T18:36:20.389Z",
    "context_time": 1711823780389,
    "message_brand": "spotify",
    "message_connection_country": "IN",
    "message_device_type": "COMPUTER",
    "message_endpoint": "REGISTRATION",
    "message_error_reason": null,
    "message_is_employee": false,
    "message_license": "tft",
    "message_model": "web_player",
    "message_request_id": "3a2203f75900eff64cfaff101b7aa4f6/6520823880607277742;o=0",
    "message_response_status": 200,
    "message_sdk_type": "JSSDK",
    "message_sdk_version": 69730304,
    "message_seq_num": null,
    "message_spotify_domain": "gae2.spotify.net",
    "message_timestamp": 1711823780247,
    "message_user_country": "IN"
  },
  {
    "timestamp_utc": "2024-05-28T20:26:45.065Z",
    "context_time": 1716928005065,
    "message_brand": "spotify",
    "message_connection_country": "IN",
    "message_device_type": "COMPUTER",
    "message_endpoint": "REGISTRATION",
    "message_error_reason": null,
    "message_is_employee": false,
    "message_license": "tft",
    "message_model": "web_player",
    "message_request_id": "347b77f880d5d3b0cb4481f97d543d3b/4250283787218061660;o=0",
    "message_response_status": 200,
    "message_sdk_type": "JSSDK",
    "message_sdk_version": 69861376,
    "message_seq_num": null,
    "message_spotify_domain": "gae2.spotify.net",
    "message_timestamp": 1716928004944,
    "message_user_country": "IN"
  },
  {
    "timestamp_utc": "2024-06-02T09:18:11.143Z",
    "context_time": 1717319891143,
    "message_brand": "spotify",
    "message_connection_country": "IN",
    "message_device_type": "COMPUTER",
    "message_endpoint": "REGISTRATION",
    "message_error_reason": null,
    "message_is_employee": false,
    "message_license": "tft",
    "message_model": "web_player",
    "message_request_id": "fe1960f0e2b998cfccf7fe689eea6d8d/5312641623796672631;o=1",
    "message_response_status": 200,
    "message_sdk_type": "JSSDK",
    "message_sdk_version": 69861376,
    "message_seq_num": null,
    "message_spotify_domain": "gae2.spotify.net",
    "message_timestamp": 1717319891049,
    "message_user_country": "IN"
  },
  {
    "timestamp_utc": "2024-04-17T18:34:07.821Z",
    "context_time": 1713378847821,
    "message_brand": "spotify",
    "message_connection_country": "IN",
    "message_device_type": "COMPUTER",
    "message_endpoint": "REGISTRATION",
    "message_error_reason": null,
    "message_is_employee": false,
    "message_license": "tft",
    "message_model": "web_player",
    "message_request_id": "11c339de449d404aa6c528bcfbbb7745/8602462463222033800;o=0",
    "message_response_status": 200,
    "message_sdk_type": "JSSDK",
    "message_sdk_version": 69795840,
    "message_seq_num": null,
    "message_spotify_domain": "gae2.spotify.net",
    "message_timestamp": 1713378847689,
    "message_user_country": "IN"
  },
  {
    "timestamp_utc": "2024-04-20T12:31:23.618Z",
    "context_time": 1713616283618,
    "message_brand": "spotify",
    "message_connection_country": "IN",
    "message_device_type": "COMPUTER",
    "message_endpoint": "REGISTRATION",
    "message_error_reason": null,
    "message_is_employee": false,
    "message_license": "tft",
    "message_model": "web_player",
    "message_request_id": "1f1b3b836c32cd6c0c58e572304a6e4a/302176478506984550;o=0",
    "message_response_status": 200,
    "message_sdk_type": "JSSDK",
    "message_sdk_version": 69795840,
    "message_seq_num": null,
    "message_spotify_domain": "gae2.spotify.net",
    "message_timestamp": 1713616283410,
    "message_user_country": "IN"
  },
  {
    "timestamp_utc": "2024-04-18T06:05:46.466Z",
    "context_time": 1713420346466,
    "message_brand": "spotify",
    "message_connection_country": "IN",
    "message_device_type": "COMPUTER",
    "message_endpoint": "REGISTRATION",
    "message_error_reason": null,
    "message_is_employee": false,
    "message_license": "tft",
    "message_model": "web_player",
    "message_request_id": "45a01feeb61c293327184f6570e139b9/16156299879669462016;o=0",
    "message_response_status": 200,
    "message_sdk_type": "JSSDK",
    "message_sdk_version": 69795840,
    "message_seq_num": null,
    "message_spotify_domain": "gae2.spotify.net",
    "message_timestamp": 1713420346333,
    "message_user_country": "IN"
  },
  {
    "timestamp_utc": "2024-04-06T12:46:05.920Z",
    "context_time": 1712407565920,
    "message_brand": "spotify",
    "message_connection_country": "IN",
    "message_device_type": "COMPUTER",
    "message_endpoint": "REGISTRATION",
    "message_error_reason": null,
    "message_is_employee": false,
    "message_license": "tft",
    "message_model": "web_player",
    "message_request_id": "9932db757a952853b9c4af5e32a6e64b/17966814039846183281;o=0",
    "message_response_status": 200,
    "message_sdk_type": "JSSDK",
    "message_sdk_version": 69795840,
    "message_seq_num": null,
    "message_spotify_domain": "gae2.spotify.net",
    "message_timestamp": 1712407565804,
    "message_user_country": "IN"
  },
  {
    "timestamp_utc": "2024-06-02T11:04:18.735Z",
    "context_time": 1717326258735,
    "message_brand": "spotify",
    "message_connection_country": "IN",
    "message_device_type": "COMPUTER",
    "message_endpoint": "REGISTRATION",
    "message_error_reason": null,
    "message_is_employee": false,
    "message_license": "tft",
    "message_model": "web_player",
    "message_request_id": "9fd695d6dc28c8fd8979855866bde737/13328769002288780779;o=0",
    "message_response_status": 200,
    "message_sdk_type": "JSSDK",
    "message_sdk_version": 69861376,
    "message_seq_num": null,
    "message_spotify_domain": "gae2.spotify.net",
    "message_timestamp": 1717326258634,
    "message_user_country": "IN"
  },
  {
    "timestamp_utc": "2024-05-31T20:12:35.922Z",
    "context_time": 1717186355922,
    "message_brand": "spotify",
    "message_connection_country": "IN",
    "message_device_type": "COMPUTER",
    "message_endpoint": "REGISTRATION",
    "message_error_reason": null,
    "message_is_employee": false,
    "message_license": "tft",
    "message_model": "web_player",
    "message_request_id": "d45d67405f75b91023d3f6159f70042b/18059141796132792299;o=0",
    "message_response_status": 200,
    "message_sdk_type": "JSSDK",
    "message_sdk_version": 69861376,
    "message_seq_num": null,
    "message_spotify_domain": "gae2.spotify.net",
    "message_timestamp": 1717186355840,
    "message_user_country": "IN"
  },
  {
    "timestamp_utc": "2024-06-05T00:22:52.486Z",
    "context_time": 1717546972486,
    "message_brand": "spotify",
    "message_connection_country": "IN",
    "message_device_type": "COMPUTER",
    "message_endpoint": "REGISTRATION",
    "message_error_reason": null,
    "message_is_employee": false,
    "message_license": "tft",
    "message_model": "web_player",
    "message_request_id": "d18ea589d27112fefc01955ee76d9eb2/7071953224328681033;o=0",
    "message_response_status": 200,
    "message_sdk_type": "JSSDK",
    "message_sdk_version": 69861376,
    "message_seq_num": null,
    "message_spotify_domain": "gae2.spotify.net",
    "message_timestamp": 1717546972396,
    "message_user_country": "IN"
  },
  {
    "timestamp_utc": "2024-06-04T09:39:20.005Z",
    "context_time": 1717493960005,
    "message_brand": "spotify",
    "message_connection_country": "IN",
    "message_device_type": "COMPUTER",
    "message_endpoint": "REGISTRATION",
    "message_error_reason": null,
    "message_is_employee": false,
    "message_license": "tft",
    "message_model": "web_player",
    "message_request_id": "57900ab662872e3756f2c30f9aff677e/10604984440219293690;o=0",
    "message_response_status": 200,
    "message_sdk_type": "JSSDK",
    "message_sdk_version": 69861376,
    "message_seq_num": null,
    "message_spotify_domain": "gae2.spotify.net",
    "message_timestamp": 1717493959877,
    "message_user_country": "IN"
  },
  {
    "timestamp_utc": "2024-04-20T13:11:53.786Z",
    "context_time": 1713618713786,
    "message_brand": "spotify",
    "message_connection_country": "IN",
    "message_device_type": "COMPUTER",
    "message_endpoint": "REGISTRATION",
    "message_error_reason": null,
    "message_is_employee": false,
    "message_license": "tft",
    "message_model": "web_player",
    "message_request_id": "178be72201d65c4d440be4e632e7a64b/2485993307796433436;o=0",
    "message_response_status": 200,
    "message_sdk_type": "JSSDK",
    "message_sdk_version": 69795840,
    "message_seq_num": null,
    "message_spotify_domain": "gae2.spotify.net",
    "message_timestamp": 1713618713620,
    "message_user_country": "IN"
  },
  {
    "timestamp_utc": "2024-06-02T19:53:39.002Z",
    "context_time": 1717358019002,
    "message_brand": "spotify",
    "message_connection_country": "IN",
    "message_device_type": "COMPUTER",
    "message_endpoint": "REGISTRATION",
    "message_error_reason": null,
    "message_is_employee": false,
    "message_license": "tft",
    "message_model": "web_player",
    "message_request_id": "eb43da82ef31da99dc3e5ce14e5f24a2/16822363974857396024;o=0",
    "message_response_status": 200,
    "message_sdk_type": "JSSDK",
    "message_sdk_version": 69861376,
    "message_seq_num": null,
    "message_spotify_domain": "gae2.spotify.net",
    "message_timestamp": 1717358018923,
    "message_user_country": "IN"
  },
  {
    "timestamp_utc": "2024-04-20T12:16:11.465Z",
    "context_time": 1713615371465,
    "message_brand": "spotify",
    "message_connection_country": "IN",
    "message_device_type": "COMPUTER",
    "message_endpoint": "REGISTRATION",
    "message_error_reason": null,
    "message_is_employee": false,
    "message_license": "tft",
    "message_model": "web_player",
    "message_request_id": "832201d0ce925956bbf92c983775ea77/18082128978891555793;o=0",
    "message_response_status": 200,
    "message_sdk_type": "JSSDK",
    "message_sdk_version": 69795840,
    "message_seq_num": null,
    "message_spotify_domain": "gae2.spotify.net",
    "message_timestamp": 1713615371255,
    "message_user_country": "IN"
  },
  {
    "timestamp_utc": "2024-04-20T12:27:56.725Z",
    "context_time": 1713616076725,
    "message_brand": "spotify",
    "message_connection_country": "IN",
    "message_device_type": "COMPUTER",
    "message_endpoint": "REGISTRATION",
    "message_error_reason": null,
    "message_is_employee": false,
    "message_license": "tft",
    "message_model": "web_player",
    "message_request_id": "6824e956d9268900d84b0d5b30b2dc61/16995493717094377539;o=0",
    "message_response_status": 200,
    "message_sdk_type": "JSSDK",
    "message_sdk_version": 69795840,
    "message_seq_num": null,
    "message_spotify_domain": "gae2.spotify.net",
    "message_timestamp": 1713616076625,
    "message_user_country": "IN"
  },
  {
    "timestamp_utc": "2024-03-22T18:52:26.418Z",
    "context_time": 1711133546418,
    "message_brand": "spotify",
    "message_connection_country": "IN",
    "message_device_type": "COMPUTER",
    "message_endpoint": "REGISTRATION",
    "message_error_reason": null,
    "message_is_employee": false,
    "message_license": "tft",
    "message_model": "web_player",
    "message_request_id": "e77342ee1f33ace7a5abf5c4e20399d0/254192140585212933;o=0",
    "message_response_status": 200,
    "message_sdk_type": "JSSDK",
    "message_sdk_version": 69730304,
    "message_seq_num": null,
    "message_spotify_domain": "gae2.spotify.net",
    "message_timestamp": 1711133546298,
    "message_user_country": "IN"
  },
  {
    "timestamp_utc": "2024-04-06T13:48:42.586Z",
    "context_time": 1712411322586,
    "message_brand": "spotify",
    "message_connection_country": "IN",
    "message_device_type": "COMPUTER",
    "message_endpoint": "REGISTRATION",
    "message_error_reason": null,
    "message_is_employee": false,
    "message_license": "tft",
    "message_model": "web_player",
    "message_request_id": "ad2ed25f4e9f33188edd8f0cc9200ab7/1728802360271921516;o=0",
    "message_response_status": 200,
    "message_sdk_type": "JSSDK",
    "message_sdk_version": 69795840,
    "message_seq_num": null,
    "message_spotify_domain": "gae2.spotify.net",
    "message_timestamp": 1712411322470,
    "message_user_country": "IN"
  },
  {
    "timestamp_utc": "2024-04-06T13:53:50.483Z",
    "context_time": 1712411630483,
    "message_brand": "spotify",
    "message_connection_country": "IN",
    "message_device_type": "COMPUTER",
    "message_endpoint": "REGISTRATION",
    "message_error_reason": null,
    "message_is_employee": false,
    "message_license": "tft",
    "message_model": "web_player",
    "message_request_id": "99140ea705dfeb6b26700c88897ee92e/338889933592195467;o=0",
    "message_response_status": 200,
    "message_sdk_type": "JSSDK",
    "message_sdk_version": 69795840,
    "message_seq_num": null,
    "message_spotify_domain": "gae2.spotify.net",
    "message_timestamp": 1712411630391,
    "message_user_country": "IN"
  },
  {
    "timestamp_utc": "2024-05-28T19:53:21.788Z",
    "context_time": 1716926001788,
    "message_brand": "spotify",
    "message_connection_country": "IN",
    "message_device_type": "COMPUTER",
    "message_endpoint": "REGISTRATION",
    "message_error_reason": null,
    "message_is_employee": false,
    "message_license": "tft",
    "message_model": "web_player",
    "message_request_id": "de92489a45bf2f55f889f88e2962aa19/2107722691345253705;o=0",
    "message_response_status": 200,
    "message_sdk_type": "JSSDK",
    "message_sdk_version": 69861376,
    "message_seq_num": null,
    "message_spotify_domain": "gae2.spotify.net",
    "message_timestamp": 1716926001708,
    "message_user_country": "IN"
  },
  {
    "timestamp_utc": "2024-03-30T18:42:50.701Z",
    "context_time": 1711824170701,
    "message_brand": "spotify",
    "message_connection_country": "IN",
    "message_device_type": "COMPUTER",
    "message_endpoint": "REGISTRATION",
    "message_error_reason": null,
    "message_is_employee": false,
    "message_license": "tft",
    "message_model": "web_player",
    "message_request_id": "6facf8e3ceda4581510d5dc07a2e98f2/13148064772842211070;o=0",
    "message_response_status": 200,
    "message_sdk_type": "JSSDK",
    "message_sdk_version": 69730304,
    "message_seq_num": null,
    "message_spotify_domain": "gae2.spotify.net",
    "message_timestamp": 1711824170505,
    "message_user_country": "IN"
  },
  {
    "timestamp_utc": "2024-04-06T13:56:29.483Z",
    "context_time": 1712411789483,
    "message_brand": "spotify",
    "message_connection_country": "IN",
    "message_device_type": "COMPUTER",
    "message_endpoint": "REGISTRATION",
    "message_error_reason": null,
    "message_is_employee": false,
    "message_license": "tft",
    "message_model": "web_player",
    "message_request_id": "19b29a9fd3e60cfaf497e33c5dd285a8/4640760377773647113;o=0",
    "message_response_status": 200,
    "message_sdk_type": "JSSDK",
    "message_sdk_version": 69795840,
    "message_seq_num": null,
    "message_spotify_domain": "gae2.spotify.net",
    "message_timestamp": 1712411789320,
    "message_user_country": "IN"
  },
  {
    "timestamp_utc": "2024-04-20T12:20:15.680Z",
    "context_time": 1713615615680,
    "message_brand": "spotify",
    "message_connection_country": "IN",
    "message_device_type": "COMPUTER",
    "message_endpoint": "REGISTRATION",
    "message_error_reason": null,
    "message_is_employee": false,
    "message_license": "tft",
    "message_model": "web_player",
    "message_request_id": "94453d4600b06b5743018db28bdfbaf5/14683809575248136207;o=0",
    "message_response_status": 200,
    "message_sdk_type": "JSSDK",
    "message_sdk_version": 69795840,
    "message_seq_num": null,
    "message_spotify_domain": "gae2.spotify.net",
    "message_timestamp": 1713615615548,
    "message_user_country": "IN"
  },
  {
    "timestamp_utc": "2024-03-30T21:12:26.056Z",
    "context_time": 1711833146056,
    "message_brand": "spotify",
    "message_connection_country": "IN",
    "message_device_type": "COMPUTER",
    "message_endpoint": "REGISTRATION",
    "message_error_reason": null,
    "message_is_employee": false,
    "message_license": "tft",
    "message_model": "web_player",
    "message_request_id": "8ebe91c577353cd42d5a33d5619768f7/15154072770138282189;o=0",
    "message_response_status": 200,
    "message_sdk_type": "JSSDK",
    "message_sdk_version": 69730304,
    "message_seq_num": null,
    "message_spotify_domain": "gae2.spotify.net",
    "message_timestamp": 1711833145929,
    "message_user_country": "IN"
  },
  {
    "timestamp_utc": "2024-06-02T06:20:49.855Z",
    "context_time": 1717309249855,
    "message_brand": "spotify",
    "message_connection_country": "IN",
    "message_device_type": "COMPUTER",
    "message_endpoint": "REGISTRATION",
    "message_error_reason": null,
    "message_is_employee": false,
    "message_license": "tft",
    "message_model": "web_player",
    "message_request_id": "9c332017e7596872be14c79c94d40a14/10663216845086378412;o=0",
    "message_response_status": 200,
    "message_sdk_type": "JSSDK",
    "message_sdk_version": 69861376,
    "message_seq_num": null,
    "message_spotify_domain": "gae2.spotify.net",
    "message_timestamp": 1717309249738,
    "message_user_country": "IN"
  },
  {
    "timestamp_utc": "2024-03-21T19:10:24.442Z",
    "context_time": 1711048224442,
    "message_brand": "spotify",
    "message_connection_country": "IN",
    "message_device_type": "COMPUTER",
    "message_endpoint": "REGISTRATION",
    "message_error_reason": null,
    "message_is_employee": false,
    "message_license": "tft",
    "message_model": "web_player",
    "message_request_id": "a213a7912a1ad4b67ecbb0392f363712/8491259609700285972;o=0",
    "message_response_status": 200,
    "message_sdk_type": "JSSDK",
    "message_sdk_version": 69730304,
    "message_seq_num": null,
    "message_spotify_domain": "gae2.spotify.net",
    "message_timestamp": 1711048224311,
    "message_user_country": "IN"
  },
  {
    "timestamp_utc": "2024-05-31T18:06:29.818Z",
    "context_time": 1717178789818,
    "message_brand": "spotify",
    "message_connection_country": "IN",
    "message_device_type": "COMPUTER",
    "message_endpoint": "REGISTRATION",
    "message_error_reason": null,
    "message_is_employee": false,
    "message_license": "tft",
    "message_model": "web_player",
    "message_request_id": "898b9d09be51433452b62c30ce979493/8673339433801540418;o=0",
    "message_response_status": 200,
    "message_sdk_type": "JSSDK",
    "message_sdk_version": 69861376,
    "message_seq_num": null,
    "message_spotify_domain": "gae2.spotify.net",
    "message_timestamp": 1717178789716,
    "message_user_country": "IN"
  },
  {
    "timestamp_utc": "2024-04-06T12:41:31.411Z",
    "context_time": 1712407291411,
    "message_brand": "spotify",
    "message_connection_country": "IN",
    "message_device_type": "COMPUTER",
    "message_endpoint": "REGISTRATION",
    "message_error_reason": null,
    "message_is_employee": false,
    "message_license": "tft",
    "message_model": "web_player",
    "message_request_id": "5bf1abb70fa69ecfe1ac7e948a5947db/12855875366064721869;o=0",
    "message_response_status": 200,
    "message_sdk_type": "JSSDK",
    "message_sdk_version": 69795840,
    "message_seq_num": null,
    "message_spotify_domain": "gae2.spotify.net",
    "message_timestamp": 1712407291191,
    "message_user_country": "IN"
  },
  {
    "timestamp_utc": "2024-04-20T08:56:34.987Z",
    "context_time": 1713603394987,
    "message_brand": "spotify",
    "message_connection_country": "IN",
    "message_device_type": "COMPUTER",
    "message_endpoint": "REGISTRATION",
    "message_error_reason": null,
    "message_is_employee": false,
    "message_license": "tft",
    "message_model": "web_player",
    "message_request_id": "3d6b0d7533ce203fab8add2fb4854076/18326537705902626985;o=0",
    "message_response_status": 200,
    "message_sdk_type": "JSSDK",
    "message_sdk_version": 69795840,
    "message_seq_num": null,
    "message_spotify_domain": "gae2.spotify.net",
    "message_timestamp": 1713603394880,
    "message_user_country": "IN"
  },
  {
    "timestamp_utc": "2024-04-20T12:38:19.891Z",
    "context_time": 1713616699891,
    "message_brand": "spotify",
    "message_connection_country": "IN",
    "message_device_type": "COMPUTER",
    "message_endpoint": "REGISTRATION",
    "message_error_reason": null,
    "message_is_employee": false,
    "message_license": "tft",
    "message_model": "web_player",
    "message_request_id": "467be400cd3df0205276fac5688d8505/7521268017827466341;o=0",
    "message_response_status": 200,
    "message_sdk_type": "JSSDK",
    "message_sdk_version": 69795840,
    "message_seq_num": null,
    "message_spotify_domain": "gae2.spotify.net",
    "message_timestamp": 1713616699769,
    "message_user_country": "IN"
  }
]