[
  {
    "timestamp_utc": "2024-02-28T18:50:44.796Z",
    "context_time": 1709146244796,
    "message_message_id": "131333",
    "message_send_id": "cdd5d38c-8e7d-4f40-b2a5-67b8a215fa0b",
    "message_success": true
  },
  {
    "timestamp_utc": "2024-03-04T18:50:28.867Z",
    "context_time": 1709578228867,
    "message_message_id": "131333",
    "message_send_id": "97c01583-7b7a-42db-8ac5-9b25f5904946",
    "message_success": true
  },
  {
    "timestamp_utc": "2024-02-28T18:55:50.080Z",
    "context_time": 1709146550080,
    "message_message_id": "112951",
    "message_send_id": "4551d968-c3ab-4ed8-a55c-d275c6cb06f3",
    "message_success": true
  },
  {
    "timestamp_utc": "2024-06-04T23:21:26.638Z",
    "context_time": 1717543286638,
    "message_message_id": "120621",
    "message_send_id": "2d326ab8-e68a-4e4e-a0aa-17753e2fb9b0",
    "message_success": true
  },
  {
    "timestamp_utc": "2024-03-21T19:08:53.912Z",
    "context_time": 1711048133912,
    "message_message_id": "112741",
    "message_send_id": "7af883a1-c58d-45ff-bc50-ba86d71b2ecd",
    "message_success": true
  },
  {
    "timestamp_utc": "2024-01-24T19:48:17.304Z",
    "context_time": 1706125697304,
    "message_message_id": "112951",
    "message_send_id": "580da5d6-dce9-4dfa-a59e-1e6a056b4a27",
    "message_success": true
  },
  {
    "timestamp_utc": "2024-02-28T18:50:40.603Z",
    "context_time": 1709146240603,
    "message_message_id": "131333",
    "message_send_id": "ea120816-e3b4-45a4-9e37-0ad4d9d661de",
    "message_success": true
  },
  {
    "timestamp_utc": "2024-03-20T19:30:37.298Z",
    "context_time": 1710963037298,
    "message_message_id": "112951",
    "message_send_id": "ff661617-3f19-470c-bde3-ae6fe6f75a77",
    "message_success": true
  },
  {
    "timestamp_utc": "2024-04-04T17:54:35.276Z",
    "context_time": 1712253275276,
    "message_message_id": "112741",
    "message_send_id": "b1958991-9805-41e3-9c27-33849701cdc9",
    "message_success": true
  },
  {
    "timestamp_utc": "2024-03-20T19:29:50.600Z",
    "context_time": 1710962990600,
    "message_message_id": "131333",
    "message_send_id": "23cb6269-3da6-4b61-9b36-e26c8661db1a",
    "message_success": true
  },
  {
    "timestamp_utc": "2024-02-28T18:52:02.854Z",
    "context_time": 1709146322854,
    "message_message_id": "112951",
    "message_send_id": "d25053cc-3d6b-40bf-b59b-426e7c809579",
    "message_success": true
  },
  {
    "timestamp_utc": "2024-01-24T19:45:16.798Z",
    "context_time": 1706125516798,
    "message_message_id": "131333",
    "message_send_id": "1d253396-aed4-4428-a00a-ca2979584736",
    "message_success": true
  },
  {
    "timestamp_utc": "2024-03-03T17:44:19.374Z",
    "context_time": 1709487859374,
    "message_message_id": "131333",
    "message_send_id": "1d2e92c4-c05a-4433-a180-389dbf21fce7",
    "message_success": true
  },
  {
    "timestamp_utc": "2024-02-28T16:32:46.673Z",
    "context_time": 1709137966673,
    "message_message_id": "112943",
    "message_send_id": "ab36770d-d49a-4b2e-aa73-045c6f3896ed",
    "message_success": true
  },
  {
    "timestamp_utc": "2024-06-04T23:23:51.367Z",
    "context_time": 1717543431367,
    "message_message_id": "112852",
    "message_send_id": "56a51905-4471-4b95-80c2-232cd2ca89f8",
    "message_success": true
  },
  {
    "timestamp_utc": "2024-03-03T17:44:15.144Z",
    "context_time": 1709487855144,
    "message_message_id": "131333",
    "message_send_id": "1f0984b9-cd57-43d0-954f-48926dc4920a",
    "message_success": true
  },
  {
    "timestamp_utc": "2024-01-24T19:45:17.041Z",
    "context_time": 1706125517041,
    "message_message_id": "131333",
    "message_send_id": "84e3c942-e1a0-4046-a5f7-acc36838c644",
    "message_success": true
  }
]