[
  {
    "message_ip_address": "177.228.38.91",
    "timestamp_utc": "2024-04-29T05:40:05.935Z",
    "context_time": 1714369205935,
    "message_geoip_country": "MX"
  },
  {
    "message_ip_address": "82.198.82.193",
    "timestamp_utc": "2024-05-14T18:17:30.661Z",
    "context_time": 1715710650661,
    "message_geoip_country": "DE"
  },
  {
    "message_ip_address": "2607:341:3dde:fdeb:d8ac:6f48:dd58:e4a5",
    "timestamp_utc": "2024-03-16T07:43:16.123Z",
    "context_time": 1710574996123,
    "message_geoip_country": "US"
  },
  {
    "message_ip_address": "46.43.70.134",
    "timestamp_utc": "2024-05-01T23:20:41.258Z",
    "context_time": 1714605641258,
    "message_geoip_country": "PS"
  },
  {
    "message_ip_address": "154.13.200.97",
    "timestamp_utc": "2024-03-13T18:34:14.605Z",
    "context_time": 1710354854605,
    "message_geoip_country": "US"
  },
  {
    "message_ip_address": "45.13.191.98",
    "timestamp_utc": "2024-05-13T00:14:26.067Z",
    "context_time": 1715559266067,
    "message_geoip_country": "NO"
  },
  {
    "message_ip_address": "2602:fd92:b00:151:2373:2085:1887:8646",
    "timestamp_utc": "2024-05-17T11:34:06.930Z",
    "context_time": 1715945646930,
    "message_geoip_country": "GT"
  },
  {
    "message_ip_address": "186.96.209.36",
    "timestamp_utc": "2024-05-02T08:11:37.638Z",
    "context_time": 1714637497638,
    "message_geoip_country": "TT"
  },
  {
    "message_ip_address": "172.111.175.241",
    "timestamp_utc": "2024-03-28T03:57:25.609Z",
    "context_time": 1711598245609,
    "message_geoip_country": "PH"
  },
  {
    "message_ip_address": "36.91.204.170",
    "timestamp_utc": "2024-03-16T05:34:11.136Z",
    "context_time": 1710567251136,
    "message_geoip_country": "ID"
  },
  {
    "message_ip_address": "213.21.215.178",
    "timestamp_utc": "2024-04-05T09:51:48.679Z",
    "context_time": 1712310708679,
    "message_geoip_country": "LV"
  },
  {
    "message_ip_address": "2600:3c01:e000:6d2:916:7eac:1c15:bfa5",
    "timestamp_utc": "2024-03-12T05:35:15.976Z",
    "context_time": 1710221715976,
    "message_geoip_country": "US"
  },
  {
    "message_ip_address": "196.249.98.56",
    "timestamp_utc": "2024-04-28T16:57:37.269Z",
    "context_time": 1714323457269,
    "message_geoip_country": "TZ"
  },
  {
    "message_ip_address": "2a12:49c2:1a18:9f24:67a2:8e8:b5f1:c5e5",
    "timestamp_utc": "2024-04-17T09:59:29.583Z",
    "context_time": 1713347969583,
    "message_geoip_country": "US"
  },
  {
    "message_ip_address": "104.164.183.39",
    "timestamp_utc": "2024-04-08T23:43:10.963Z",
    "context_time": 1712619790963,
    "message_geoip_country": "US"
  },
  {
    "message_ip_address": "103.67.191.18",
    "timestamp_utc": "2024-03-12T22:06:05.905Z",
    "context_time": 1710281165905,
    "message_geoip_country": "IN"
  },
  {
    "message_ip_address": "149.102.244.53",
    "timestamp_utc": "2024-05-07T18:50:59.517Z",
    "context_time": 1715107859517,
    "message_geoip_country": "PL"
  },
  {
    "message_ip_address": "5.14.199.214",
    "timestamp_utc": "2024-04-28T18:40:06.001Z",
    "context_time": 1714329606001,
    "message_geoip_country": "RO"
  },
  {
    "message_ip_address": "2602:fd92:b00:50:2923:5600:5634:8631",
    "timestamp_utc": "2024-05-17T12:46:51.127Z",
    "context_time": 1715950011127,
    "message_geoip_country": "EG"
  },
  {
    "message_ip_address": "49.148.246.255",
    "timestamp_utc": "2024-04-07T08:16:51.558Z",
    "context_time": 1712477811558,
    "message_geoip_country": "PH"
  },
  {
    "message_ip_address": "37.19.197.36",
    "timestamp_utc": "2024-03-31T18:33:36.768Z",
    "context_time": 1711910016768,
    "message_geoip_country": "US"
  },
  {
    "message_ip_address": "196.202.32.66",
    "timestamp_utc": "2024-04-30T03:40:56.801Z",
    "context_time": 1714448456801,
    "message_geoip_country": "EG"
  },
  {
    "message_ip_address": "180.243.13.38",
    "timestamp_utc": "2024-04-29T03:45:46.427Z",
    "context_time": 1714362346427,
    "message_geoip_country": "ID"
  },
  {
    "message_ip_address": "187.249.114.66",
    "timestamp_utc": "2024-04-28T15:06:16.683Z",
    "context_time": 1714316776683,
    "message_geoip_country": "MX"
  },
  {
    "message_ip_address": "103.151.226.227",
    "timestamp_utc": "2024-04-29T03:30:52.648Z",
    "context_time": 1714361452648,
    "message_geoip_country": "ID"
  },
  {
    "message_ip_address": "185.168.30.173",
    "timestamp_utc": "2024-06-02T21:50:54.441Z",
    "context_time": 1717365054441,
    "message_geoip_country": "DE"
  },
  {
    "message_ip_address": "185.206.250.179",
    "timestamp_utc": "2024-05-17T16:07:10.698Z",
    "context_time": 1715962030698,
    "message_geoip_country": "ES"
  },
  {
    "message_ip_address": "149.102.239.99",
    "timestamp_utc": "2024-03-28T03:57:24.236Z",
    "context_time": 1711598244236,
    "message_geoip_country": "RO"
  },
  {
    "message_ip_address": "172.94.57.242",
    "timestamp_utc": "2024-04-05T19:38:21.288Z",
    "context_time": 1712345901288,
    "message_geoip_country": "VN"
  },
  {
    "message_ip_address": "77.48.74.24",
    "timestamp_utc": "2024-04-06T21:49:53.203Z",
    "context_time": 1712440193203,
    "message_geoip_country": "CZ"
  },
  {
    "message_ip_address": "103.167.114.89",
    "timestamp_utc": "2024-04-29T21:16:54.335Z",
    "context_time": 1714425414335,
    "message_geoip_country": "ID"
  },
  {
    "message_ip_address": "154.201.62.224",
    "timestamp_utc": "2024-04-07T23:49:25.491Z",
    "context_time": 1712533765491,
    "message_geoip_country": "US"
  },
  {
    "message_ip_address": "45.129.183.14",
    "timestamp_utc": "2024-05-05T22:54:04.790Z",
    "context_time": 1714949644790,
    "message_geoip_country": "DE"
  },
  {
    "message_ip_address": "185.122.170.73",
    "timestamp_utc": "2024-05-21T12:46:00.121Z",
    "context_time": 1716295560121,
    "message_geoip_country": "SC"
  },
  {
    "message_ip_address": "122.161.205.109",
    "timestamp_utc": "2024-04-29T06:44:15.213Z",
    "context_time": 1714373055213,
    "message_geoip_country": "IN"
  },
  {
    "message_ip_address": "206.123.151.66",
    "timestamp_utc": "2024-03-28T07:48:23.585Z",
    "context_time": 1711612103585,
    "message_geoip_country": "IN"
  },
  {
    "message_ip_address": "196.3.62.66",
    "timestamp_utc": "2024-03-19T13:09:06.274Z",
    "context_time": 1710853746274,
    "message_geoip_country": "NG"
  },
  {
    "message_ip_address": "2.50.182.80",
    "timestamp_utc": "2024-04-29T19:09:19.219Z",
    "context_time": 1714417759219,
    "message_geoip_country": "AE"
  },
  {
    "message_ip_address": "172.94.57.242",
    "timestamp_utc": "2024-03-09T22:47:12.831Z",
    "context_time": 1710024432831,
    "message_geoip_country": "VN"
  },
  {
    "message_ip_address": "187.148.97.78",
    "timestamp_utc": "2024-04-30T17:31:32.602Z",
    "context_time": 1714498292602,
    "message_geoip_country": "MX"
  },
  {
    "message_ip_address": "172.94.10.253",
    "timestamp_utc": "2024-04-11T23:46:42.182Z",
    "context_time": 1712879202182,
    "message_geoip_country": "RU"
  },
  {
    "message_ip_address": "2607:341:5cec:fd4:58bd:75f2:f489:96f1",
    "timestamp_utc": "2024-03-18T18:00:11.348Z",
    "context_time": 1710784811348,
    "message_geoip_country": "US"
  },
  {
    "message_ip_address": "155.223.64.100",
    "timestamp_utc": "2024-03-28T03:46:26.186Z",
    "context_time": 1711597586186,
    "message_geoip_country": "TR"
  },
  {
    "message_ip_address": "125.62.200.14",
    "timestamp_utc": "2024-05-02T09:33:18.960Z",
    "context_time": 1714642398960,
    "message_geoip_country": "IN"
  },
  {
    "message_ip_address": "45.240.98.53",
    "timestamp_utc": "2024-04-06T20:59:51.779Z",
    "context_time": 1712437191779,
    "message_geoip_country": "EG"
  },
  {
    "message_ip_address": "45.228.252.134",
    "timestamp_utc": "2024-04-30T18:38:27.667Z",
    "context_time": 1714502307667,
    "message_geoip_country": "BR"
  },
  {
    "message_ip_address": "45.131.193.71",
    "timestamp_utc": "2024-05-06T16:40:33.716Z",
    "context_time": 1715013633716,
    "message_geoip_country": "US"
  },
  {
    "message_ip_address": "172.111.128.218",
    "timestamp_utc": "2024-03-27T10:13:38.894Z",
    "context_time": 1711534418894,
    "message_geoip_country": "NG"
  },
  {
    "message_ip_address": "103.231.162.206",
    "timestamp_utc": "2024-03-12T20:25:36.803Z",
    "context_time": 1710275136803,
    "message_geoip_country": "BD"
  },
  {
    "message_ip_address": "149.102.238.165",
    "timestamp_utc": "2024-03-28T07:44:48.081Z",
    "context_time": 1711611888081,
    "message_geoip_country": "CH"
  },
  {
    "message_ip_address": "103.136.92.40",
    "timestamp_utc": "2024-04-30T06:12:14.875Z",
    "context_time": 1714457534875,
    "message_geoip_country": "IN"
  },
  {
    "message_ip_address": "2607:341:d94e:302e:4d79:cc3f:beb6:e7c",
    "timestamp_utc": "2024-03-21T19:55:37.769Z",
    "context_time": 1711050937769,
    "message_geoip_country": "US"
  },
  {
    "message_ip_address": "177.144.135.21",
    "timestamp_utc": "2024-04-28T15:00:53.959Z",
    "context_time": 1714316453959,
    "message_geoip_country": "BR"
  },
  {
    "message_ip_address": "201.148.32.148",
    "timestamp_utc": "2024-03-23T02:53:21.815Z",
    "context_time": 1711162401815,
    "message_geoip_country": "MX"
  },
  {
    "message_ip_address": "20.6.32.109",
    "timestamp_utc": "2024-03-29T06:46:42.475Z",
    "context_time": 1711694802475,
    "message_geoip_country": "SG"
  },
  {
    "message_ip_address": "203.189.133.7",
    "timestamp_utc": "2024-05-01T03:55:42.756Z",
    "context_time": 1714535742756,
    "message_geoip_country": "KH"
  },
  {
    "message_ip_address": "104.153.109.218",
    "timestamp_utc": "2024-06-04T20:16:03.280Z",
    "context_time": 1717532163280,
    "message_geoip_country": "US"
  },
  {
    "message_ip_address": "183.182.117.22",
    "timestamp_utc": "2024-04-30T03:44:24.253Z",
    "context_time": 1714448664253,
    "message_geoip_country": "LA"
  },
  {
    "message_ip_address": "154.84.143.137",
    "timestamp_utc": "2024-03-13T18:09:58.514Z",
    "context_time": 1710353398514,
    "message_geoip_country": "US"
  },
  {
    "message_ip_address": "196.247.205.228",
    "timestamp_utc": "2024-06-06T09:35:30.446Z",
    "context_time": 1717666530446,
    "message_geoip_country": "AU"
  },
  {
    "message_ip_address": "193.136.113.72",
    "timestamp_utc": "2024-05-12T07:17:15.350Z",
    "context_time": 1715498235350,
    "message_geoip_country": "PT"
  },
  {
    "message_ip_address": "196.75.73.88",
    "timestamp_utc": "2024-05-15T23:26:29.650Z",
    "context_time": 1715815589650,
    "message_geoip_country": "MA"
  },
  {
    "message_ip_address": "49.144.171.168",
    "timestamp_utc": "2024-04-29T07:04:53.958Z",
    "context_time": 1714374293958,
    "message_geoip_country": "PH"
  },
  {
    "message_ip_address": "116.106.149.78",
    "timestamp_utc": "2024-04-28T11:55:19.728Z",
    "context_time": 1714305319728,
    "message_geoip_country": "VN"
  },
  {
    "message_ip_address": "147.28.145.212",
    "timestamp_utc": "2024-04-24T03:56:30.472Z",
    "context_time": 1713930990472,
    "message_geoip_country": "US"
  },
  {
    "message_ip_address": "2a09:be46:318d:271c:17e:5ee7:4b4:a3ef",
    "timestamp_utc": "2024-03-16T03:28:29.411Z",
    "context_time": 1710559709411,
    "message_geoip_country": "DZ"
  },
  {
    "message_ip_address": "52.186.176.3",
    "timestamp_utc": "2024-03-27T01:31:25.481Z",
    "context_time": 1711503085481,
    "message_geoip_country": "US"
  },
  {
    "message_ip_address": "194.113.94.67",
    "timestamp_utc": "2024-05-05T17:10:53.976Z",
    "context_time": 1714929053976,
    "message_geoip_country": "AL"
  },
  {
    "message_ip_address": "47.132.224.10",
    "timestamp_utc": "2024-04-01T00:10:56.703Z",
    "context_time": 1711930256703,
    "message_geoip_country": "US"
  },
  {
    "message_ip_address": "36.85.34.64",
    "timestamp_utc": "2024-05-02T03:05:35.473Z",
    "context_time": 1714619135473,
    "message_geoip_country": "ID"
  },
  {
    "message_ip_address": "187.223.5.76",
    "timestamp_utc": "2024-05-11T03:08:44.291Z",
    "context_time": 1715396924291,
    "message_geoip_country": "MX"
  },
  {
    "message_ip_address": "109.123.246.24",
    "timestamp_utc": "2024-03-20T14:07:49.406Z",
    "context_time": 1710943669406,
    "message_geoip_country": "GH"
  },
  {
    "message_ip_address": "2404:f780:5:201:862b:2bff:fe58:ca18",
    "timestamp_utc": "2024-06-04T00:31:12.344Z",
    "context_time": 1717461072344,
    "message_geoip_country": "NZ"
  },
  {
    "message_ip_address": "104.218.237.160",
    "timestamp_utc": "2024-05-07T21:14:55.726Z",
    "context_time": 1715116495726,
    "message_geoip_country": "DO"
  },
  {
    "message_ip_address": "156.209.180.51",
    "timestamp_utc": "2024-04-30T12:31:42.353Z",
    "context_time": 1714480302353,
    "message_geoip_country": "EG"
  },
  {
    "message_ip_address": "2601:42:c104:81c0:d5ce:d785:2a82:7aa4",
    "timestamp_utc": "2024-06-05T16:19:20.583Z",
    "context_time": 1717604360583,
    "message_geoip_country": "US"
  },
  {
    "message_ip_address": "104.218.237.132",
    "timestamp_utc": "2024-04-29T11:02:26.884Z",
    "context_time": 1714388546884,
    "message_geoip_country": "BR"
  },
  {
    "message_ip_address": "181.119.160.58",
    "timestamp_utc": "2024-06-04T00:30:55.363Z",
    "context_time": 1717461055363,
    "message_geoip_country": "AR"
  },
  {
    "message_ip_address": "212.102.44.119",
    "timestamp_utc": "2024-03-23T15:18:56.568Z",
    "context_time": 1711207136568,
    "message_geoip_country": "US"
  },
  {
    "message_ip_address": "202.21.103.130",
    "timestamp_utc": "2024-04-29T03:09:35.725Z",
    "context_time": 1714360175725,
    "message_geoip_country": "MN"
  },
  {
    "message_ip_address": "115.79.69.56",
    "timestamp_utc": "2024-05-02T00:43:51.489Z",
    "context_time": 1714610631489,
    "message_geoip_country": "VN"
  },
  {
    "message_ip_address": "2600:3c01:e000:6d2:fe8f:c4a9:c36:98d",
    "timestamp_utc": "2024-04-04T23:16:14.118Z",
    "context_time": 1712272574118,
    "message_geoip_country": "US"
  },
  {
    "message_ip_address": "116.102.100.227",
    "timestamp_utc": "2024-04-28T14:01:29.514Z",
    "context_time": 1714312889514,
    "message_geoip_country": "VN"
  },
  {
    "message_ip_address": "2603:6011:c2f0:8ef0:7048:3dfe:f306:42ce",
    "timestamp_utc": "2024-03-30T04:01:59.414Z",
    "context_time": 1711771319414,
    "message_geoip_country": "US"
  },
  {
    "message_ip_address": "104.160.17.116",
    "timestamp_utc": "2024-03-31T19:07:43.068Z",
    "context_time": 1711912063068,
    "message_geoip_country": "US"
  },
  {
    "message_ip_address": "190.139.143.68",
    "timestamp_utc": "2024-04-28T15:20:20.142Z",
    "context_time": 1714317620142,
    "message_geoip_country": "AR"
  },
  {
    "message_ip_address": "45.161.249.194",
    "timestamp_utc": "2024-06-06T23:49:20.903Z",
    "context_time": 1717717760903,
    "message_geoip_country": "BR"
  },
  {
    "message_ip_address": "31.6.52.64",
    "timestamp_utc": "2024-05-19T14:42:55.410Z",
    "context_time": 1716129775410,
    "message_geoip_country": "DE"
  },
  {
    "message_ip_address": "186.2.197.121",
    "timestamp_utc": "2024-04-30T06:05:27.244Z",
    "context_time": 1714457127244,
    "message_geoip_country": "PY"
  },
  {
    "message_ip_address": "104.218.237.90",
    "timestamp_utc": "2024-04-29T02:00:28.059Z",
    "context_time": 1714356028059,
    "message_geoip_country": "PE"
  },
  {
    "message_ip_address": "192.227.191.162",
    "timestamp_utc": "2024-03-28T19:38:25.022Z",
    "context_time": 1711654705022,
    "message_geoip_country": "US"
  },
  {
    "message_ip_address": "104.198.103.99",
    "timestamp_utc": "2024-04-06T18:08:58.273Z",
    "context_time": 1712426938273,
    "message_geoip_country": "US"
  },
  {
    "message_ip_address": "171.7.228.225",
    "timestamp_utc": "2024-05-01T07:09:00.521Z",
    "context_time": 1714547340521,
    "message_geoip_country": "TH"
  },
  {
    "message_ip_address": "149.50.210.155",
    "timestamp_utc": "2024-03-27T10:17:46.432Z",
    "context_time": 1711534666432,
    "message_geoip_country": "JP"
  },
  {
    "message_ip_address": "103.41.79.237",
    "timestamp_utc": "2024-05-01T04:38:30.296Z",
    "context_time": 1714538310296,
    "message_geoip_country": "ID"
  },
  {
    "message_ip_address": "107.172.170.115",
    "timestamp_utc": "2024-03-28T21:55:45.575Z",
    "context_time": 1711662945575,
    "message_geoip_country": "US"
  },
  {
    "message_ip_address": "89.205.104.225",
    "timestamp_utc": "2024-04-29T12:02:53.181Z",
    "context_time": 1714392173181,
    "message_geoip_country": "MK"
  },
  {
    "message_ip_address": "200.17.114.135",
    "timestamp_utc": "2024-04-05T00:08:46.685Z",
    "context_time": 1712275726685,
    "message_geoip_country": "BR"
  },
  {
    "message_ip_address": "2607:740:20:8:7ae:ef59:dbe7:9f5a",
    "timestamp_utc": "2024-05-23T18:06:16.684Z",
    "context_time": 1716487576684,
    "message_geoip_country": "AZ"
  },
  {
    "message_ip_address": "2804:45c8:82f1:1e00:f026:b359:6e53:9d8a",
    "timestamp_utc": "2024-03-22T04:41:38.594Z",
    "context_time": 1711082498594,
    "message_geoip_country": "BR"
  },
  {
    "message_ip_address": "163.5.138.36",
    "timestamp_utc": "2024-03-31T20:30:19.629Z",
    "context_time": 1711917019629,
    "message_geoip_country": "FR"
  },
  {
    "message_ip_address": "104.234.172.49",
    "timestamp_utc": "2024-03-23T02:27:47.174Z",
    "context_time": 1711160867174,
    "message_geoip_country": "US"
  },
  {
    "message_ip_address": "2001:1388:3ce5:6d24:f18b:caa6:f3e1:b518",
    "timestamp_utc": "2024-03-31T00:41:18.710Z",
    "context_time": 1711845678710,
    "message_geoip_country": "PE"
  },
  {
    "message_ip_address": "2602:fd92:b00:87:4235:6790:1255:6016",
    "timestamp_utc": "2024-05-17T12:03:05.459Z",
    "context_time": 1715947385459,
    "message_geoip_country": "US"
  },
  {
    "message_ip_address": "113.212.109.153",
    "timestamp_utc": "2024-04-30T07:10:14.210Z",
    "context_time": 1714461014210,
    "message_geoip_country": "BD"
  },
  {
    "message_ip_address": "178.63.7.147",
    "timestamp_utc": "2024-03-24T04:18:28.666Z",
    "context_time": 1711253908666,
    "message_geoip_country": "DE"
  },
  {
    "message_ip_address": "47.236.123.119",
    "timestamp_utc": "2024-03-09T16:40:09.687Z",
    "context_time": 1710002409687,
    "message_geoip_country": "SG"
  },
  {
    "message_ip_address": "213.21.215.178",
    "timestamp_utc": "2024-03-27T10:17:33.729Z",
    "context_time": 1711534653729,
    "message_geoip_country": "LV"
  },
  {
    "message_ip_address": "113.161.187.129",
    "timestamp_utc": "2024-05-02T04:27:05.411Z",
    "context_time": 1714624025411,
    "message_geoip_country": "VN"
  },
  {
    "message_ip_address": "172.111.128.218",
    "timestamp_utc": "2024-03-23T05:21:05.656Z",
    "context_time": 1711171265656,
    "message_geoip_country": "NG"
  },
  {
    "message_ip_address": "23.27.240.47",
    "timestamp_utc": "2024-06-01T12:07:33.065Z",
    "context_time": 1717243653065,
    "message_geoip_country": "US"
  },
  {
    "message_ip_address": "199.58.185.9",
    "timestamp_utc": "2024-05-18T23:11:28.143Z",
    "context_time": 1716073888143,
    "message_geoip_country": "US"
  },
  {
    "message_ip_address": "104.237.245.111",
    "timestamp_utc": "2024-04-05T00:08:44.874Z",
    "context_time": 1712275724874,
    "message_geoip_country": "US"
  },
  {
    "message_ip_address": "72.210.221.223",
    "timestamp_utc": "2024-05-20T12:20:23.678Z",
    "context_time": 1716207623678,
    "message_geoip_country": "US"
  },
  {
    "message_ip_address": "116.58.8.138",
    "timestamp_utc": "2024-04-29T05:32:03.110Z",
    "context_time": 1714368723110,
    "message_geoip_country": "PK"
  },
  {
    "message_ip_address": "2a09:be41:8a18:5d48:22e0:17b4:f14e:b91",
    "timestamp_utc": "2024-04-16T22:58:53.912Z",
    "context_time": 1713308333912,
    "message_geoip_country": "AU"
  },
  {
    "message_ip_address": "191.101.157.96",
    "timestamp_utc": "2024-04-21T17:16:56.636Z",
    "context_time": 1713719816636,
    "message_geoip_country": "DE"
  },
  {
    "message_ip_address": "139.255.21.110",
    "timestamp_utc": "2024-04-06T08:10:30.152Z",
    "context_time": 1712391030152,
    "message_geoip_country": "ID"
  },
  {
    "message_ip_address": "2001:1388:3ce5:6d24:f18b:caa6:f3e1:b518",
    "timestamp_utc": "2024-03-31T00:09:30.628Z",
    "context_time": 1711843770628,
    "message_geoip_country": "PE"
  },
  {
    "message_ip_address": "67.197.68.45",
    "timestamp_utc": "2024-03-19T22:24:19.659Z",
    "context_time": 1710887059659,
    "message_geoip_country": "US"
  },
  {
    "message_ip_address": "156.146.63.69",
    "timestamp_utc": "2024-05-20T06:41:47.015Z",
    "context_time": 1716187307015,
    "message_geoip_country": "FR"
  },
  {
    "message_ip_address": "36.72.95.24",
    "timestamp_utc": "2024-04-28T13:57:12.996Z",
    "context_time": 1714312632996,
    "message_geoip_country": "ID"
  },
  {
    "message_ip_address": "217.21.145.10",
    "timestamp_utc": "2024-03-16T04:34:48.792Z",
    "context_time": 1710563688792,
    "message_geoip_country": "AL"
  },
  {
    "message_ip_address": "185.161.253.99",
    "timestamp_utc": "2024-05-18T19:04:05.921Z",
    "context_time": 1716059045921,
    "message_geoip_country": "CZ"
  },
  {
    "message_ip_address": "172.245.62.145",
    "timestamp_utc": "2024-06-04T17:00:52.340Z",
    "context_time": 1717520452340,
    "message_geoip_country": "US"
  },
  {
    "message_ip_address": "38.170.170.209",
    "timestamp_utc": "2024-06-06T14:25:43.268Z",
    "context_time": 1717683943268,
    "message_geoip_country": "US"
  },
  {
    "message_ip_address": "138.84.45.153",
    "timestamp_utc": "2024-03-23T16:13:51.308Z",
    "context_time": 1711210431308,
    "message_geoip_country": "MX"
  },
  {
    "message_ip_address": "2001:3c8:1406:206::80",
    "timestamp_utc": "2024-03-10T15:31:24.856Z",
    "context_time": 1710084684856,
    "message_geoip_country": "TH"
  },
  {
    "message_ip_address": "105.157.136.70",
    "timestamp_utc": "2024-04-28T11:35:22.286Z",
    "context_time": 1714304122286,
    "message_geoip_country": "MA"
  },
  {
    "message_ip_address": "196.196.23.45",
    "timestamp_utc": "2024-03-28T07:44:48.161Z",
    "context_time": 1711611888161,
    "message_geoip_country": "US"
  },
  {
    "message_ip_address": "202.84.32.83",
    "timestamp_utc": "2024-04-29T13:58:48.248Z",
    "context_time": 1714399128248,
    "message_geoip_country": "BD"
  },
  {
    "message_ip_address": "79.124.72.48",
    "timestamp_utc": "2024-06-06T18:53:20.708Z",
    "context_time": 1717700000708,
    "message_geoip_country": "BG"
  },
  {
    "message_ip_address": "154.201.59.164",
    "timestamp_utc": "2024-03-13T20:00:28.069Z",
    "context_time": 1710360028069,
    "message_geoip_country": "US"
  },
  {
    "message_ip_address": "156.239.38.166",
    "timestamp_utc": "2024-05-17T18:26:18.172Z",
    "context_time": 1715970378172,
    "message_geoip_country": "US"
  },
  {
    "message_ip_address": "194.105.158.32",
    "timestamp_utc": "2024-04-20T11:08:42.730Z",
    "context_time": 1713611322730,
    "message_geoip_country": "US"
  },
  {
    "message_ip_address": "2603:6011:f400:b8db:c8b0:3ed:a0d5:c8f3",
    "timestamp_utc": "2024-06-02T17:54:53.853Z",
    "context_time": 1717350893853,
    "message_geoip_country": "US"
  },
  {
    "message_ip_address": "75.101.252.116",
    "timestamp_utc": "2024-05-14T04:29:12.433Z",
    "context_time": 1715660952433,
    "message_geoip_country": "US"
  },
  {
    "message_ip_address": "200.133.1.60",
    "timestamp_utc": "2024-03-28T03:46:28.120Z",
    "context_time": 1711597588120,
    "message_geoip_country": "BR"
  },
  {
    "message_ip_address": "1.10.215.235",
    "timestamp_utc": "2024-05-01T07:14:36.912Z",
    "context_time": 1714547676912,
    "message_geoip_country": "TH"
  },
  {
    "message_ip_address": "14.160.152.92",
    "timestamp_utc": "2024-04-29T05:36:23.669Z",
    "context_time": 1714368983669,
    "message_geoip_country": "VN"
  },
  {
    "message_ip_address": "178.88.80.113",
    "timestamp_utc": "2024-04-30T02:52:54.692Z",
    "context_time": 1714445574692,
    "message_geoip_country": "KZ"
  },
  {
    "message_ip_address": "94.68.119.48",
    "timestamp_utc": "2024-05-01T00:13:27.271Z",
    "context_time": 1714522407271,
    "message_geoip_country": "GR"
  },
  {
    "message_ip_address": "203.76.220.55",
    "timestamp_utc": "2024-04-28T12:10:16.089Z",
    "context_time": 1714306216089,
    "message_geoip_country": "BD"
  },
  {
    "message_ip_address": "102.176.65.24",
    "timestamp_utc": "2024-04-30T17:36:45.810Z",
    "context_time": 1714498605810,
    "message_geoip_country": "GH"
  },
  {
    "message_ip_address": "45.3.59.22",
    "timestamp_utc": "2024-05-27T01:13:26.503Z",
    "context_time": 1716772406503,
    "message_geoip_country": "CA"
  },
  {
    "message_ip_address": "177.85.116.233",
    "timestamp_utc": "2024-04-28T17:12:45.200Z",
    "context_time": 1714324365200,
    "message_geoip_country": "BR"
  },
  {
    "message_ip_address": "156.239.50.100",
    "timestamp_utc": "2024-05-17T18:28:39.326Z",
    "context_time": 1715970519326,
    "message_geoip_country": "US"
  },
  {
    "message_ip_address": "104.200.152.30",
    "timestamp_utc": "2024-05-25T20:41:48.412Z",
    "context_time": 1716669708412,
    "message_geoip_country": "US"
  },
  {
    "message_ip_address": "38.88.124.151",
    "timestamp_utc": "2024-04-05T05:50:06.521Z",
    "context_time": 1712296206521,
    "message_geoip_country": "CA"
  },
  {
    "message_ip_address": "197.38.101.68",
    "timestamp_utc": "2024-04-29T19:06:48.900Z",
    "context_time": 1714417608900,
    "message_geoip_country": "EG"
  },
  {
    "message_ip_address": "5.102.100.228",
    "timestamp_utc": "2024-04-24T00:29:59.432Z",
    "context_time": 1713918599432,
    "message_geoip_country": "BR"
  },
  {
    "message_ip_address": "45.134.213.38",
    "timestamp_utc": "2024-06-05T14:18:19.450Z",
    "context_time": 1717597099450,
    "message_geoip_country": "ES"
  },
  {
    "message_ip_address": "108.181.50.190",
    "timestamp_utc": "2024-04-07T23:53:42.379Z",
    "context_time": 1712534022379,
    "message_geoip_country": "KR"
  },
  {
    "message_ip_address": "66.76.253.142",
    "timestamp_utc": "2024-03-16T09:35:01.727Z",
    "context_time": 1710581701727,
    "message_geoip_country": "US"
  },
  {
    "message_ip_address": "102.129.145.176",
    "timestamp_utc": "2024-05-19T23:30:49.267Z",
    "context_time": 1716161449267,
    "message_geoip_country": "US"
  },
  {
    "message_ip_address": "154.159.243.76",
    "timestamp_utc": "2024-03-15T09:32:45.329Z",
    "context_time": 1710495165329,
    "message_geoip_country": "KE"
  },
  {
    "message_ip_address": "91.149.219.162",
    "timestamp_utc": "2024-05-26T16:26:07.487Z",
    "context_time": 1716740767487,
    "message_geoip_country": "FI"
  },
  {
    "message_ip_address": "154.201.47.92",
    "timestamp_utc": "2024-06-03T11:04:35.314Z",
    "context_time": 1717412675314,
    "message_geoip_country": "US"
  },
  {
    "message_ip_address": "223.206.246.22",
    "timestamp_utc": "2024-04-30T07:01:15.482Z",
    "context_time": 1714460475482,
    "message_geoip_country": "TH"
  },
  {
    "message_ip_address": "179.0.181.211",
    "timestamp_utc": "2024-04-30T03:05:46.523Z",
    "context_time": 1714446346523,
    "message_geoip_country": "AR"
  },
  {
    "message_ip_address": "105.102.51.138",
    "timestamp_utc": "2024-05-02T00:06:51.510Z",
    "context_time": 1714608411510,
    "message_geoip_country": "DZ"
  },
  {
    "message_ip_address": "138.199.58.43",
    "timestamp_utc": "2024-04-05T00:52:46.255Z",
    "context_time": 1712278366255,
    "message_geoip_country": "BR"
  },
  {
    "message_ip_address": "103.121.215.104",
    "timestamp_utc": "2024-05-01T03:08:27.378Z",
    "context_time": 1714532907378,
    "message_geoip_country": "ID"
  },
  {
    "message_ip_address": "202.165.250.12",
    "timestamp_utc": "2024-04-11T05:35:08.836Z",
    "context_time": 1712813708836,
    "message_geoip_country": "PK"
  },
  {
    "message_ip_address": "158.195.4.7",
    "timestamp_utc": "2024-03-31T04:49:50.128Z",
    "context_time": 1711860590128,
    "message_geoip_country": "SK"
  },
  {
    "message_ip_address": "95.56.197.237",
    "timestamp_utc": "2024-04-30T12:04:57.257Z",
    "context_time": 1714478697257,
    "message_geoip_country": "KZ"
  },
  {
    "message_ip_address": "146.70.170.59",
    "timestamp_utc": "2024-03-27T10:13:38.948Z",
    "context_time": 1711534418948,
    "message_geoip_country": "NO"
  },
  {
    "message_ip_address": "36.66.235.95",
    "timestamp_utc": "2024-04-30T03:38:12.354Z",
    "context_time": 1714448292354,
    "message_geoip_country": "ID"
  },
  {
    "message_ip_address": "185.206.227.180",
    "timestamp_utc": "2024-06-04T06:24:43.778Z",
    "context_time": 1717482283778,
    "message_geoip_country": "GB"
  },
  {
    "message_ip_address": "138.199.58.208",
    "timestamp_utc": "2024-04-15T13:44:04.183Z",
    "context_time": 1713188644183,
    "message_geoip_country": "BR"
  },
  {
    "message_ip_address": "95.232.194.1",
    "timestamp_utc": "2024-05-25T19:34:58.108Z",
    "context_time": 1716665698108,
    "message_geoip_country": "IT"
  },
  {
    "message_ip_address": "183.82.101.228",
    "timestamp_utc": "2024-05-02T07:58:13.444Z",
    "context_time": 1714636693444,
    "message_geoip_country": "IN"
  },
  {
    "message_ip_address": "147.78.226.27",
    "timestamp_utc": "2024-05-18T21:51:12.562Z",
    "context_time": 1716069072562,
    "message_geoip_country": "GB"
  },
  {
    "message_ip_address": "114.45.73.170",
    "timestamp_utc": "2024-04-30T00:35:40.393Z",
    "context_time": 1714437340393,
    "message_geoip_country": "TW"
  },
  {
    "message_ip_address": "94.246.56.80",
    "timestamp_utc": "2024-05-25T21:36:19.010Z",
    "context_time": 1716672979010,
    "message_geoip_country": "NO"
  },
  {
    "message_ip_address": "36.255.158.62",
    "timestamp_utc": "2024-04-30T15:02:19.470Z",
    "context_time": 1714489339470,
    "message_geoip_country": "IN"
  },
  {
    "message_ip_address": "92.245.114.54",
    "timestamp_utc": "2024-04-29T18:24:19.984Z",
    "context_time": 1714415059984,
    "message_geoip_country": "KG"
  },
  {
    "message_ip_address": "46.32.167.177",
    "timestamp_utc": "2024-04-29T18:36:49.317Z",
    "context_time": 1714415809317,
    "message_geoip_country": "AZ"
  },
  {
    "message_ip_address": "170.238.75.233",
    "timestamp_utc": "2024-04-26T08:23:13.952Z",
    "context_time": 1714119793952,
    "message_geoip_country": "BR"
  },
  {
    "message_ip_address": "185.248.15.175",
    "timestamp_utc": "2024-04-09T17:57:18.745Z",
    "context_time": 1712685438745,
    "message_geoip_country": "TR"
  },
  {
    "message_ip_address": "178.208.182.172",
    "timestamp_utc": "2024-03-31T20:30:16.375Z",
    "context_time": 1711917016375,
    "message_geoip_country": "DE"
  },
  {
    "message_ip_address": "31.6.53.175",
    "timestamp_utc": "2024-06-05T12:49:18.325Z",
    "context_time": 1717591758325,
    "message_geoip_country": "DE"
  },
  {
    "message_ip_address": "168.228.46.128",
    "timestamp_utc": "2024-06-04T20:22:40.082Z",
    "context_time": 1717532560082,
    "message_geoip_country": "US"
  },
  {
    "message_ip_address": "104.218.237.174",
    "timestamp_utc": "2024-04-29T13:48:08.140Z",
    "context_time": 1714398488140,
    "message_geoip_country": "DO"
  },
  {
    "message_ip_address": "109.123.246.24",
    "timestamp_utc": "2024-03-20T14:08:23.155Z",
    "context_time": 1710943703155,
    "message_geoip_country": "GH"
  },
  {
    "message_ip_address": "190.108.87.251",
    "timestamp_utc": "2024-05-06T00:04:22.211Z",
    "context_time": 1714953862211,
    "message_geoip_country": "PE"
  },
  {
    "message_ip_address": "45.154.120.125",
    "timestamp_utc": "2024-05-11T17:15:58.193Z",
    "context_time": 1715447758193,
    "message_geoip_country": "EG"
  },
  {
    "message_ip_address": "171.60.177.164",
    "timestamp_utc": "2024-04-30T14:18:41.679Z",
    "context_time": 1714486721679,
    "message_geoip_country": "IN"
  },
  {
    "message_ip_address": "154.201.61.192",
    "timestamp_utc": "2024-03-11T10:52:06.519Z",
    "context_time": 1710154326519,
    "message_geoip_country": "US"
  },
  {
    "message_ip_address": "107.173.112.194",
    "timestamp_utc": "2024-05-31T15:25:10.305Z",
    "context_time": 1717169110305,
    "message_geoip_country": "US"
  },
  {
    "message_ip_address": "202.28.17.5",
    "timestamp_utc": "2024-04-05T09:07:16.180Z",
    "context_time": 1712308036180,
    "message_geoip_country": "TH"
  },
  {
    "message_ip_address": "156.239.55.192",
    "timestamp_utc": "2024-05-11T05:00:11.547Z",
    "context_time": 1715403611547,
    "message_geoip_country": "US"
  },
  {
    "message_ip_address": "115.132.120.65",
    "timestamp_utc": "2024-04-29T15:50:34.977Z",
    "context_time": 1714405834977,
    "message_geoip_country": "MY"
  },
  {
    "message_ip_address": "184.170.249.65",
    "timestamp_utc": "2024-05-31T07:59:42.231Z",
    "context_time": 1717142382231,
    "message_geoip_country": "US"
  },
  {
    "message_ip_address": "2001:1388:3ce5:6d24:f18b:caa6:f3e1:b518",
    "timestamp_utc": "2024-03-31T00:36:19.304Z",
    "context_time": 1711845379304,
    "message_geoip_country": "PE"
  },
  {
    "message_ip_address": "185.124.151.236",
    "timestamp_utc": "2024-05-12T06:25:11.902Z",
    "context_time": 1715495111902,
    "message_geoip_country": "IQ"
  },
  {
    "message_ip_address": "104.153.109.218",
    "timestamp_utc": "2024-06-04T14:34:35.812Z",
    "context_time": 1717511675812,
    "message_geoip_country": "US"
  },
  {
    "message_ip_address": "149.40.52.227",
    "timestamp_utc": "2024-03-27T05:53:47.532Z",
    "context_time": 1711518827532,
    "message_geoip_country": "AT"
  },
  {
    "message_ip_address": "190.113.101.111",
    "timestamp_utc": "2024-04-06T04:00:13.103Z",
    "context_time": 1712376013103,
    "message_geoip_country": "CR"
  },
  {
    "message_ip_address": "14.249.99.192",
    "timestamp_utc": "2024-03-15T17:09:35.050Z",
    "context_time": 1710522575050,
    "message_geoip_country": "VN"
  },
  {
    "message_ip_address": "149.34.252.80",
    "timestamp_utc": "2024-05-06T11:26:18.777Z",
    "context_time": 1714994778777,
    "message_geoip_country": "DE"
  },
  {
    "message_ip_address": "154.202.125.115",
    "timestamp_utc": "2024-05-29T11:36:53.605Z",
    "context_time": 1716982613605,
    "message_geoip_country": "US"
  },
  {
    "message_ip_address": "91.219.239.183",
    "timestamp_utc": "2024-06-06T02:49:56.901Z",
    "context_time": 1717642196901,
    "message_geoip_country": "HU"
  },
  {
    "message_ip_address": "156.239.49.42",
    "timestamp_utc": "2024-05-07T02:24:54.231Z",
    "context_time": 1715048694231,
    "message_geoip_country": "US"
  },
  {
    "message_ip_address": "157.46.72.24",
    "timestamp_utc": "2024-04-29T22:59:48.072Z",
    "context_time": 1714431588072,
    "message_geoip_country": "IN"
  },
  {
    "message_ip_address": "212.227.240.135",
    "timestamp_utc": "2024-03-23T02:02:25.382Z",
    "context_time": 1711159345382,
    "message_geoip_country": "DE"
  },
  {
    "message_ip_address": "154.13.204.156",
    "timestamp_utc": "2024-03-12T16:32:59.510Z",
    "context_time": 1710261179510,
    "message_geoip_country": "US"
  },
  {
    "message_ip_address": "45.95.243.23",
    "timestamp_utc": "2024-05-30T10:52:58.770Z",
    "context_time": 1717066378770,
    "message_geoip_country": "AT"
  },
  {
    "message_ip_address": "194.164.23.156",
    "timestamp_utc": "2024-03-25T23:11:46.488Z",
    "context_time": 1711408306488,
    "message_geoip_country": "DE"
  },
  {
    "message_ip_address": "108.181.52.147",
    "timestamp_utc": "2024-04-05T19:38:24.416Z",
    "context_time": 1712345904416,
    "message_geoip_country": "KR"
  },
  {
    "message_ip_address": "149.88.111.69",
    "timestamp_utc": "2024-04-05T01:45:47.734Z",
    "context_time": 1712281547734,
    "message_geoip_country": "CO"
  },
  {
    "message_ip_address": "45.139.65.22",
    "timestamp_utc": "2024-06-06T05:05:35.654Z",
    "context_time": 1717650335654,
    "message_geoip_country": "US"
  },
  {
    "message_ip_address": "38.88.124.151",
    "timestamp_utc": "2024-03-28T07:48:23.332Z",
    "context_time": 1711612103332,
    "message_geoip_country": "CA"
  },
  {
    "message_ip_address": "106.51.72.165",
    "timestamp_utc": "2024-04-28T14:04:36.174Z",
    "context_time": 1714313076174,
    "message_geoip_country": "IN"
  },
  {
    "message_ip_address": "192.186.168.74",
    "timestamp_utc": "2024-05-09T05:23:52.420Z",
    "context_time": 1715232232420,
    "message_geoip_country": "US"
  },
  {
    "message_ip_address": "125.25.71.79",
    "timestamp_utc": "2024-05-02T08:12:00.875Z",
    "context_time": 1714637520875,
    "message_geoip_country": "TH"
  },
  {
    "message_ip_address": "88.5.28.35",
    "timestamp_utc": "2024-03-31T17:32:25.691Z",
    "context_time": 1711906345691,
    "message_geoip_country": "ES"
  },
  {
    "message_ip_address": "181.215.16.247",
    "timestamp_utc": "2024-04-03T04:17:26.916Z",
    "context_time": 1712117846916,
    "message_geoip_country": "AE"
  },
  {
    "message_ip_address": "104.218.237.40",
    "timestamp_utc": "2024-03-13T18:34:13.110Z",
    "context_time": 1710354853110,
    "message_geoip_country": "US"
  },
  {
    "message_ip_address": "114.125.135.248",
    "timestamp_utc": "2024-03-16T02:09:29.545Z",
    "context_time": 1710554969545,
    "message_geoip_country": "ID"
  },
  {
    "message_ip_address": "14.166.30.240",
    "timestamp_utc": "2024-05-01T01:50:59.581Z",
    "context_time": 1714528259581,
    "message_geoip_country": "VN"
  },
  {
    "message_ip_address": "2a12:49c4:675f:a463:3054:debb:8a50:4462",
    "timestamp_utc": "2024-04-12T21:53:10.063Z",
    "context_time": 1712958790063,
    "message_geoip_country": "BR"
  },
  {
    "message_ip_address": "91.212.123.74",
    "timestamp_utc": "2024-05-13T10:05:35.731Z",
    "context_time": 1715594735731,
    "message_geoip_country": "US"
  },
  {
    "message_ip_address": "149.102.251.21",
    "timestamp_utc": "2024-05-06T00:53:16.371Z",
    "context_time": 1714956796371,
    "message_geoip_country": "BR"
  },
  {
    "message_ip_address": "2a09:be43:5f7f:664e:6edf:d79c:6f2e:70be",
    "timestamp_utc": "2024-03-16T00:33:39.097Z",
    "context_time": 1710549219097,
    "message_geoip_country": "BE"
  },
  {
    "message_ip_address": "50.41.4.150",
    "timestamp_utc": "2024-04-03T03:21:46.455Z",
    "context_time": 1712114506455,
    "message_geoip_country": "US"
  },
  {
    "message_ip_address": "2607:341:c96:6433:8c72:bf6a:d9c7:8996",
    "timestamp_utc": "2024-03-21T04:44:30.105Z",
    "context_time": 1710996270105,
    "message_geoip_country": "US"
  },
  {
    "message_ip_address": "45.166.87.216",
    "timestamp_utc": "2024-05-01T00:56:48.994Z",
    "context_time": 1714525008994,
    "message_geoip_country": "BR"
  },
  {
    "message_ip_address": "2603:3:6102:b790::",
    "timestamp_utc": "2024-03-25T21:55:24.207Z",
    "context_time": 1711403724207,
    "message_geoip_country": "US"
  },
  {
    "message_ip_address": "104.234.172.211",
    "timestamp_utc": "2024-03-16T09:47:55.251Z",
    "context_time": 1710582475251,
    "message_geoip_country": "US"
  },
  {
    "message_ip_address": "5.102.119.21",
    "timestamp_utc": "2024-04-24T00:29:59.488Z",
    "context_time": 1713918599488,
    "message_geoip_country": "BR"
  },
  {
    "message_ip_address": "187.190.132.202",
    "timestamp_utc": "2024-04-30T23:26:59.512Z",
    "context_time": 1714519619512,
    "message_geoip_country": "MX"
  },
  {
    "message_ip_address": "2a07:5741:0:427:30ac:4324:4f64:e365",
    "timestamp_utc": "2024-04-06T18:53:14.461Z",
    "context_time": 1712429594461,
    "message_geoip_country": "BG"
  },
  {
    "message_ip_address": "194.164.23.156",
    "timestamp_utc": "2024-03-25T23:50:14.671Z",
    "context_time": 1711410614671,
    "message_geoip_country": "DE"
  },
  {
    "message_ip_address": "172.111.128.218",
    "timestamp_utc": "2024-05-22T23:29:18.492Z",
    "context_time": 1716420558492,
    "message_geoip_country": "NG"
  },
  {
    "message_ip_address": "223.190.87.244",
    "timestamp_utc": "2024-04-30T22:31:14.837Z",
    "context_time": 1714516274837,
    "message_geoip_country": "IN"
  },
  {
    "message_ip_address": "2602:fd92:b00:16:6012:7872:7439:3669",
    "timestamp_utc": "2024-05-17T14:50:54.594Z",
    "context_time": 1715957454594,
    "message_geoip_country": "RU"
  },
  {
    "message_ip_address": "154.201.63.178",
    "timestamp_utc": "2024-03-09T09:16:51.842Z",
    "context_time": 1709975811842,
    "message_geoip_country": "US"
  },
  {
    "message_ip_address": "93.120.108.54",
    "timestamp_utc": "2024-05-20T22:51:55.528Z",
    "context_time": 1716245515528,
    "message_geoip_country": "US"
  },
  {
    "message_ip_address": "2401:4900:5fb8:b903:d04e:1759:cf4d:5822",
    "timestamp_utc": "2024-03-21T19:08:44.794Z",
    "context_time": 1711048124794,
    "message_geoip_country": "IN"
  },
  {
    "message_ip_address": "178.255.151.130",
    "timestamp_utc": "2024-06-02T11:18:02.733Z",
    "context_time": 1717327082733,
    "message_geoip_country": "NO"
  },
  {
    "message_ip_address": "2404:f780:5:201:862b:2bff:fe58:ca18",
    "timestamp_utc": "2024-06-04T07:01:07.562Z",
    "context_time": 1717484467562,
    "message_geoip_country": "NZ"
  },
  {
    "message_ip_address": "212.102.44.119",
    "timestamp_utc": "2024-03-23T15:17:00.234Z",
    "context_time": 1711207020234,
    "message_geoip_country": "US"
  },
  {
    "message_ip_address": "149.102.238.165",
    "timestamp_utc": "2024-05-07T22:56:44.303Z",
    "context_time": 1715122604303,
    "message_geoip_country": "CH"
  },
  {
    "message_ip_address": "182.69.183.105",
    "timestamp_utc": "2024-05-01T08:22:53.958Z",
    "context_time": 1714551773958,
    "message_geoip_country": "IN"
  },
  {
    "message_ip_address": "156.239.52.138",
    "timestamp_utc": "2024-05-10T05:27:53.345Z",
    "context_time": 1715318873345,
    "message_geoip_country": "US"
  },
  {
    "message_ip_address": "185.217.136.67",
    "timestamp_utc": "2024-04-07T02:08:58.559Z",
    "context_time": 1712455738559,
    "message_geoip_country": "GB"
  },
  {
    "message_ip_address": "146.70.130.150",
    "timestamp_utc": "2024-03-27T05:53:57.561Z",
    "context_time": 1711518837561,
    "message_geoip_country": "IE"
  },
  {
    "message_ip_address": "45.233.9.81",
    "timestamp_utc": "2024-04-28T16:36:20.251Z",
    "context_time": 1714322180251,
    "message_geoip_country": "BR"
  },
  {
    "message_ip_address": "170.247.221.231",
    "timestamp_utc": "2024-06-06T15:59:09.319Z",
    "context_time": 1717689549319,
    "message_geoip_country": "BZ"
  },
  {
    "message_ip_address": "2a12:49c3:ef18:4b4e:c907:4e05:edbf:f391",
    "timestamp_utc": "2024-03-10T11:12:44.867Z",
    "context_time": 1710069164867,
    "message_geoip_country": "GB"
  },
  {
    "message_ip_address": "172.94.10.253",
    "timestamp_utc": "2024-03-23T05:21:05.720Z",
    "context_time": 1711171265720,
    "message_geoip_country": "RU"
  },
  {
    "message_ip_address": "72.27.38.62",
    "timestamp_utc": "2024-03-26T02:46:45.817Z",
    "context_time": 1711421205817,
    "message_geoip_country": "JM"
  },
  {
    "message_ip_address": "154.178.33.155",
    "timestamp_utc": "2024-05-01T22:23:03.879Z",
    "context_time": 1714602183879,
    "message_geoip_country": "EG"
  },
  {
    "message_ip_address": "149.102.251.21",
    "timestamp_utc": "2024-03-27T17:15:46.250Z",
    "context_time": 1711559746250,
    "message_geoip_country": "BR"
  },
  {
    "message_ip_address": "198.8.84.3",
    "timestamp_utc": "2024-05-20T00:15:49.493Z",
    "context_time": 1716164149493,
    "message_geoip_country": "CA"
  },
  {
    "message_ip_address": "178.218.200.216",
    "timestamp_utc": "2024-05-01T21:58:01.705Z",
    "context_time": 1714600681705,
    "message_geoip_country": "UZ"
  },
  {
    "message_ip_address": "104.234.172.238",
    "timestamp_utc": "2024-04-28T23:28:01.605Z",
    "context_time": 1714346881605,
    "message_geoip_country": "US"
  },
  {
    "message_ip_address": "119.160.13.4",
    "timestamp_utc": "2024-05-25T16:03:57.291Z",
    "context_time": 1716653037291,
    "message_geoip_country": "PK"
  },
  {
    "message_ip_address": "190.129.237.26",
    "timestamp_utc": "2024-05-02T03:11:14.518Z",
    "context_time": 1714619474518,
    "message_geoip_country": "BO"
  },
  {
    "message_ip_address": "69.243.41.1",
    "timestamp_utc": "2024-03-31T17:40:22.215Z",
    "context_time": 1711906822215,
    "message_geoip_country": "US"
  },
  {
    "message_ip_address": "158.140.171.4",
    "timestamp_utc": "2024-04-29T05:17:21.508Z",
    "context_time": 1714367841508,
    "message_geoip_country": "ID"
  },
  {
    "message_ip_address": "54.219.223.145",
    "timestamp_utc": "2024-05-10T00:26:06.562Z",
    "context_time": 1715300766562,
    "message_geoip_country": "US"
  },
  {
    "message_ip_address": "186.30.29.130",
    "timestamp_utc": "2024-03-11T23:47:11.932Z",
    "context_time": 1710200831932,
    "message_geoip_country": "CO"
  },
  {
    "message_ip_address": "104.218.237.22",
    "timestamp_utc": "2024-04-29T12:14:04.839Z",
    "context_time": 1714392844839,
    "message_geoip_country": "US"
  },
  {
    "message_ip_address": "199.167.236.12",
    "timestamp_utc": "2024-06-01T13:04:38.218Z",
    "context_time": 1717247078218,
    "message_geoip_country": "US"
  },
  {
    "message_ip_address": "45.136.155.21",
    "timestamp_utc": "2024-05-24T08:21:19.375Z",
    "context_time": 1716538879375,
    "message_geoip_country": "TR"
  },
  {
    "message_ip_address": "45.74.11.2",
    "timestamp_utc": "2024-05-06T10:58:21.665Z",
    "context_time": 1714993101665,
    "message_geoip_country": "PT"
  },
  {
    "message_ip_address": "2602:fd92:b00:71:8371:9579:6788:2498",
    "timestamp_utc": "2024-05-17T11:30:14.933Z",
    "context_time": 1715945414933,
    "message_geoip_country": "IN"
  },
  {
    "message_ip_address": "200.24.134.51",
    "timestamp_utc": "2024-03-26T01:53:51.938Z",
    "context_time": 1711418031938,
    "message_geoip_country": "EC"
  },
  {
    "message_ip_address": "141.11.220.18",
    "timestamp_utc": "2024-04-25T22:49:32.668Z",
    "context_time": 1714085372668,
    "message_geoip_country": "BR"
  },
  {
    "message_ip_address": "104.218.237.203",
    "timestamp_utc": "2024-04-28T23:28:01.612Z",
    "context_time": 1714346881612,
    "message_geoip_country": "GB"
  },
  {
    "message_ip_address": "203.193.142.50",
    "timestamp_utc": "2024-05-02T08:03:55.384Z",
    "context_time": 1714637035384,
    "message_geoip_country": "IN"
  },
  {
    "message_ip_address": "156.239.49.66",
    "timestamp_utc": "2024-06-04T02:45:38.076Z",
    "context_time": 1717469138076,
    "message_geoip_country": "US"
  },
  {
    "message_ip_address": "2401:4900:5fb8:b903:d04e:1759:cf4d:5822",
    "timestamp_utc": "2024-03-21T19:08:38.860Z",
    "context_time": 1711048118860,
    "message_geoip_country": "IN"
  },
  {
    "message_ip_address": "43.135.170.179",
    "timestamp_utc": "2024-03-31T02:56:37.346Z",
    "context_time": 1711853797346,
    "message_geoip_country": "US"
  },
  {
    "message_ip_address": "5.254.23.84",
    "timestamp_utc": "2024-05-05T17:19:57.246Z",
    "context_time": 1714929597246,
    "message_geoip_country": "DE"
  },
  {
    "message_ip_address": "5.102.101.21",
    "timestamp_utc": "2024-06-05T10:16:31.962Z",
    "context_time": 1717582591962,
    "message_geoip_country": "BR"
  },
  {
    "message_ip_address": "45.138.119.198",
    "timestamp_utc": "2024-03-31T02:39:39.983Z",
    "context_time": 1711852779983,
    "message_geoip_country": "DE"
  },
  {
    "message_ip_address": "106.195.66.32",
    "timestamp_utc": "2024-04-29T06:49:37.530Z",
    "context_time": 1714373377530,
    "message_geoip_country": "IN"
  },
  {
    "message_ip_address": "161.0.1.119",
    "timestamp_utc": "2024-03-31T19:07:41.455Z",
    "context_time": 1711912061455,
    "message_geoip_country": "US"
  },
  {
    "message_ip_address": "223.205.101.164",
    "timestamp_utc": "2024-05-01T02:14:07.417Z",
    "context_time": 1714529647417,
    "message_geoip_country": "TH"
  },
  {
    "message_ip_address": "2602:fd92:b00:86:1642:2023:6396:5063",
    "timestamp_utc": "2024-05-17T13:56:10.705Z",
    "context_time": 1715954170705,
    "message_geoip_country": "CA"
  },
  {
    "message_ip_address": "197.54.163.187",
    "timestamp_utc": "2024-04-28T13:42:42.250Z",
    "context_time": 1714311762250,
    "message_geoip_country": "EG"
  },
  {
    "message_ip_address": "103.59.109.27",
    "timestamp_utc": "2024-03-17T17:20:31.593Z",
    "context_time": 1710696031593,
    "message_geoip_country": "TW"
  },
  {
    "message_ip_address": "154.46.169.189",
    "timestamp_utc": "2024-04-08T00:16:03.666Z",
    "context_time": 1712535363666,
    "message_geoip_country": "IT"
  },
  {
    "message_ip_address": "104.234.211.11",
    "timestamp_utc": "2024-05-30T13:22:13.218Z",
    "context_time": 1717075333218,
    "message_geoip_country": "BR"
  },
  {
    "message_ip_address": "5.36.177.57",
    "timestamp_utc": "2024-04-29T19:12:37.955Z",
    "context_time": 1714417957955,
    "message_geoip_country": "OM"
  },
  {
    "message_ip_address": "101.108.99.217",
    "timestamp_utc": "2024-04-30T05:20:06.095Z",
    "context_time": 1714454406095,
    "message_geoip_country": "TH"
  },
  {
    "message_ip_address": "209.14.23.72",
    "timestamp_utc": "2024-04-30T22:07:52.969Z",
    "context_time": 1714514872969,
    "message_geoip_country": "BR"
  },
  {
    "message_ip_address": "2001:1388:3ce5:6d24:f18b:caa6:f3e1:b518",
    "timestamp_utc": "2024-03-31T00:19:57.418Z",
    "context_time": 1711844397418,
    "message_geoip_country": "PE"
  },
  {
    "message_ip_address": "74.208.11.37",
    "timestamp_utc": "2024-03-25T16:50:08.123Z",
    "context_time": 1711385408123,
    "message_geoip_country": "US"
  },
  {
    "message_ip_address": "2a09:be44:145f:1a44:48b2:6b83:d6d5:2d4f",
    "timestamp_utc": "2024-04-30T18:20:23.138Z",
    "context_time": 1714501223138,
    "message_geoip_country": "BO"
  },
  {
    "message_ip_address": "49.37.51.241",
    "timestamp_utc": "2024-05-02T09:44:44.623Z",
    "context_time": 1714643084623,
    "message_geoip_country": "IN"
  },
  {
    "message_ip_address": "197.1.133.20",
    "timestamp_utc": "2024-04-30T13:29:28.386Z",
    "context_time": 1714483768386,
    "message_geoip_country": "TN"
  },
  {
    "message_ip_address": "104.218.237.17",
    "timestamp_utc": "2024-04-29T13:49:21.526Z",
    "context_time": 1714398561526,
    "message_geoip_country": "US"
  },
  {
    "message_ip_address": "2602:fd92:b00:98:3666:8055:1291:3590",
    "timestamp_utc": "2024-05-17T18:31:42.448Z",
    "context_time": 1715970702448,
    "message_geoip_country": "NG"
  }
]