[
  {
    "timestamp_utc": "2024-03-16T04:31:12.757Z",
    "context_application_version": "8.7.20.1261",
    "context_conn_country": "IN",
    "context_device_manufacturer": "realme",
    "context_device_model": "RMX3392",
    "context_device_type": "mobile",
    "context_os_name": "android",
    "context_os_version": "13",
    "context_receiver_service_timestamp": 1710563514971,
    "context_time": 1710563472757,
    "message_audio_port": "wired_headset",
    "message_audio_port_orientation": null,
    "message_audio_sample_rate": 16000
  },
  {
    "timestamp_utc": "2024-04-22T08:43:27.572Z",
    "context_application_version": "8.7.20.1261",
    "context_conn_country": "IN",
    "context_device_manufacturer": "realme",
    "context_device_model": "RMX3392",
    "context_device_type": "mobile",
    "context_os_name": "android",
    "context_os_version": "13",
    "context_receiver_service_timestamp": 1713775437908,
    "context_time": 1713775407572,
    "message_audio_port": "wired_headset",
    "message_audio_port_orientation": null,
    "message_audio_sample_rate": 16000
  },
  {
    "timestamp_utc": "2024-03-16T04:31:10.406Z",
    "context_application_version": "8.7.20.1261",
    "context_conn_country": "IN",
    "context_device_manufacturer": "realme",
    "context_device_model": "RMX3392",
    "context_device_type": "mobile",
    "context_os_name": "android",
    "context_os_version": "13",
    "context_receiver_service_timestamp": 1710563514649,
    "context_time": 1710563470406,
    "message_audio_port": "wired_headset",
    "message_audio_port_orientation": null,
    "message_audio_sample_rate": 16000
  },
  {
    "timestamp_utc": "2024-04-22T08:43:31.838Z",
    "context_application_version": "8.7.20.1261",
    "context_conn_country": "IN",
    "context_device_manufacturer": "realme",
    "context_device_model": "RMX3392",
    "context_device_type": "mobile",
    "context_os_name": "android",
    "context_os_version": "13",
    "context_receiver_service_timestamp": 1713775438241,
    "context_time": 1713775411838,
    "message_audio_port": "wired_headset",
    "message_audio_port_orientation": null,
    "message_audio_sample_rate": 16000
  },
  {
    "timestamp_utc": "2024-03-16T04:31:15.680Z",
    "context_application_version": "8.7.20.1261",
    "context_conn_country": "IN",
    "context_device_manufacturer": "realme",
    "context_device_model": "RMX3392",
    "context_device_type": "mobile",
    "context_os_name": "android",
    "context_os_version": "13",
    "context_receiver_service_timestamp": 1710563515309,
    "context_time": 1710563475680,
    "message_audio_port": "wired_headset",
    "message_audio_port_orientation": null,
    "message_audio_sample_rate": 16000
  },
  {
    "timestamp_utc": "2024-03-16T04:31:15.135Z",
    "context_application_version": "8.7.20.1261",
    "context_conn_country": "IN",
    "context_device_manufacturer": "realme",
    "context_device_model": "RMX3392",
    "context_device_type": "mobile",
    "context_os_name": "android",
    "context_os_version": "13",
    "context_receiver_service_timestamp": 1710563515309,
    "context_time": 1710563475135,
    "message_audio_port": "wired_headset",
    "message_audio_port_orientation": null,
    "message_audio_sample_rate": 16000
  }
]