[
  {
    "timestamp_utc": "2024-03-16T04:25:56.084Z",
    "context_application_version": "8.7.20.1261",
    "context_conn_country": "IN",
    "context_device_manufacturer": "realme",
    "context_device_model": "RMX3392",
    "context_device_type": "mobile",
    "context_os_name": "android",
    "context_os_version": "13",
    "context_receiver_service_timestamp": 1710563178801,
    "context_time": 1710563156084,
    "message_has_seen_terms_and_conditions": true
  },
  {
    "timestamp_utc": "2024-03-16T04:31:02.744Z",
    "context_application_version": "8.7.20.1261",
    "context_conn_country": "IN",
    "context_device_manufacturer": "realme",
    "context_device_model": "RMX3392",
    "context_device_type": "mobile",
    "context_os_name": "android",
    "context_os_version": "13",
    "context_receiver_service_timestamp": 1710563513710,
    "context_time": 1710563462744,
    "message_has_seen_terms_and_conditions": true
  },
  {
    "timestamp_utc": "2024-03-16T04:31:02.717Z",
    "context_application_version": "8.7.20.1261",
    "context_conn_country": "IN",
    "context_device_manufacturer": "realme",
    "context_device_model": "RMX3392",
    "context_device_type": "mobile",
    "context_os_name": "android",
    "context_os_version": "13",
    "context_receiver_service_timestamp": 1710563513710,
    "context_time": 1710563462717,
    "message_has_seen_terms_and_conditions": true
  },
  {
    "timestamp_utc": "2024-03-16T04:31:02.771Z",
    "context_application_version": "8.7.20.1261",
    "context_conn_country": "IN",
    "context_device_manufacturer": "realme",
    "context_device_model": "RMX3392",
    "context_device_type": "mobile",
    "context_os_name": "android",
    "context_os_version": "13",
    "context_receiver_service_timestamp": 1710563514005,
    "context_time": 1710563462771,
    "message_has_seen_terms_and_conditions": true
  },
  {
    "timestamp_utc": "2024-03-16T04:25:55.853Z",
    "context_application_version": "8.7.20.1261",
    "context_conn_country": "IN",
    "context_device_manufacturer": "realme",
    "context_device_model": "RMX3392",
    "context_device_type": "mobile",
    "context_os_name": "android",
    "context_os_version": "13",
    "context_receiver_service_timestamp": 1710563178533,
    "context_time": 1710563155853,
    "message_has_seen_terms_and_conditions": true
  },
  {
    "timestamp_utc": "2024-03-16T04:25:55.901Z",
    "context_application_version": "8.7.20.1261",
    "context_conn_country": "IN",
    "context_device_manufacturer": "realme",
    "context_device_model": "RMX3392",
    "context_device_type": "mobile",
    "context_os_name": "android",
    "context_os_version": "13",
    "context_receiver_service_timestamp": 1710563178801,
    "context_time": 1710563155901,
    "message_has_seen_terms_and_conditions": true
  },
  {
    "timestamp_utc": "2024-04-22T08:43:21.959Z",
    "context_application_version": "8.7.20.1261",
    "context_conn_country": "IN",
    "context_device_manufacturer": "realme",
    "context_device_model": "RMX3392",
    "context_device_type": "mobile",
    "context_os_name": "android",
    "context_os_version": "13",
    "context_receiver_service_timestamp": 1713775436881,
    "context_time": 1713775401959,
    "message_has_seen_terms_and_conditions": true
  },
  {
    "timestamp_utc": "2024-03-16T04:25:55.049Z",
    "context_application_version": "8.7.20.1261",
    "context_conn_country": "IN",
    "context_device_manufacturer": "realme",
    "context_device_model": "RMX3392",
    "context_device_type": "mobile",
    "context_os_name": "android",
    "context_os_version": "13",
    "context_receiver_service_timestamp": 1710563178533,
    "context_time": 1710563155049,
    "message_has_seen_terms_and_conditions": true
  },
  {
    "timestamp_utc": "2024-04-22T08:43:19.640Z",
    "context_application_version": "8.7.20.1261",
    "context_conn_country": "IN",
    "context_device_manufacturer": "realme",
    "context_device_model": "RMX3392",
    "context_device_type": "mobile",
    "context_os_name": "android",
    "context_os_version": "13",
    "context_receiver_service_timestamp": 1713775436881,
    "context_time": 1713775399640,
    "message_has_seen_terms_and_conditions": true
  },
  {
    "timestamp_utc": "2024-03-16T04:25:55.684Z",
    "context_application_version": "8.7.20.1261",
    "context_conn_country": "IN",
    "context_device_manufacturer": "realme",
    "context_device_model": "RMX3392",
    "context_device_type": "mobile",
    "context_os_name": "android",
    "context_os_version": "13",
    "context_receiver_service_timestamp": 1710563178533,
    "context_time": 1710563155684,
    "message_has_seen_terms_and_conditions": true
  },
  {
    "timestamp_utc": "2024-04-22T08:43:12.552Z",
    "context_application_version": "8.7.20.1261",
    "context_conn_country": "IN",
    "context_device_manufacturer": "realme",
    "context_device_model": "RMX3392",
    "context_device_type": "mobile",
    "context_os_name": "android",
    "context_os_version": "13",
    "context_receiver_service_timestamp": 1713775436603,
    "context_time": 1713775392552,
    "message_has_seen_terms_and_conditions": true
  },
  {
    "timestamp_utc": "2024-04-22T08:43:21.897Z",
    "context_application_version": "8.7.20.1261",
    "context_conn_country": "IN",
    "context_device_manufacturer": "realme",
    "context_device_model": "RMX3392",
    "context_device_type": "mobile",
    "context_os_name": "android",
    "context_os_version": "13",
    "context_receiver_service_timestamp": 1713775436881,
    "context_time": 1713775401897,
    "message_has_seen_terms_and_conditions": true
  },
  {
    "timestamp_utc": "2024-03-16T04:25:56.029Z",
    "context_application_version": "8.7.20.1261",
    "context_conn_country": "IN",
    "context_device_manufacturer": "realme",
    "context_device_model": "RMX3392",
    "context_device_type": "mobile",
    "context_os_name": "android",
    "context_os_version": "13",
    "context_receiver_service_timestamp": 1710563178801,
    "context_time": 1710563156029,
    "message_has_seen_terms_and_conditions": true
  },
  {
    "timestamp_utc": "2024-03-16T04:25:55.748Z",
    "context_application_version": "8.7.20.1261",
    "context_conn_country": "IN",
    "context_device_manufacturer": "realme",
    "context_device_model": "RMX3392",
    "context_device_type": "mobile",
    "context_os_name": "android",
    "context_os_version": "13",
    "context_receiver_service_timestamp": 1710563178533,
    "context_time": 1710563155748,
    "message_has_seen_terms_and_conditions": true
  },
  {
    "timestamp_utc": "2024-03-16T04:31:02.801Z",
    "context_application_version": "8.7.20.1261",
    "context_conn_country": "IN",
    "context_device_manufacturer": "realme",
    "context_device_model": "RMX3392",
    "context_device_type": "mobile",
    "context_os_name": "android",
    "context_os_version": "13",
    "context_receiver_service_timestamp": 1710563514005,
    "context_time": 1710563462801,
    "message_has_seen_terms_and_conditions": true
  },
  {
    "timestamp_utc": "2024-04-22T08:43:19.672Z",
    "context_application_version": "8.7.20.1261",
    "context_conn_country": "IN",
    "context_device_manufacturer": "realme",
    "context_device_model": "RMX3392",
    "context_device_type": "mobile",
    "context_os_name": "android",
    "context_os_version": "13",
    "context_receiver_service_timestamp": 1713775436881,
    "context_time": 1713775399672,
    "message_has_seen_terms_and_conditions": true
  },
  {
    "timestamp_utc": "2024-03-16T04:31:02.829Z",
    "context_application_version": "8.7.20.1261",
    "context_conn_country": "IN",
    "context_device_manufacturer": "realme",
    "context_device_model": "RMX3392",
    "context_device_type": "mobile",
    "context_os_name": "android",
    "context_os_version": "13",
    "context_receiver_service_timestamp": 1710563514005,
    "context_time": 1710563462829,
    "message_has_seen_terms_and_conditions": true
  }
]