[
  {
    "timestamp_utc": "2024-01-22T15:10:10.053Z",
    "context_application_version": "8.7.20.1261",
    "context_conn_country": "IN",
    "context_device_manufacturer": "realme",
    "context_device_model": "RMX3392",
    "context_device_type": null,
    "context_os_name": "android",
    "context_os_version": "13",
    "context_receiver_service_timestamp": 1705936234515,
    "context_time": 1705936210053,
    "message_ad_id": null,
    "message_elapsed_seconds": 6.429,
    "message_event_data": null,
    "message_event_type": "authenticationSucceeded",
    "message_session_id": "86ab920c-6d03-4c4f-9005-411eed4f39ab",
    "message_site_id": "playlistinabottle",
    "message_url": null
  },
  {
    "timestamp_utc": "2024-01-22T15:10:03.619Z",
    "context_application_version": "8.7.20.1261",
    "context_conn_country": "IN",
    "context_device_manufacturer": "realme",
    "context_device_model": "RMX3392",
    "context_device_type": null,
    "context_os_name": "android",
    "context_os_version": "13",
    "context_receiver_service_timestamp": 1705936234209,
    "context_time": 1705936203619,
    "message_ad_id": null,
    "message_elapsed_seconds": 0.003,
    "message_event_data": null,
    "message_event_type": "resolvingSiteStarted",
    "message_session_id": "86ab920c-6d03-4c4f-9005-411eed4f39ab",
    "message_site_id": "playlistinabottle",
    "message_url": null
  },
  {
    "timestamp_utc": "2024-01-22T15:10:10.898Z",
    "context_application_version": "8.7.20.1261",
    "context_conn_country": "IN",
    "context_device_manufacturer": "realme",
    "context_device_model": "RMX3392",
    "context_device_type": null,
    "context_os_name": "android",
    "context_os_version": "13",
    "context_receiver_service_timestamp": 1705936234515,
    "context_time": 1705936210898,
    "message_ad_id": null,
    "message_elapsed_seconds": 7.542,
    "message_event_data": null,
    "message_event_type": "pageLoadStarted",
    "message_session_id": "86ab920c-6d03-4c4f-9005-411eed4f39ab",
    "message_site_id": "playlistinabottle",
    "message_url": "https://playlistinabottle-thestage.byspotify.com/?utm_session_id=86ab920c-6d03-4c4f-9005-411eed4f39ab"
  },
  {
    "timestamp_utc": "2024-01-22T15:10:04.630Z",
    "context_application_version": "8.7.20.1261",
    "context_conn_country": "IN",
    "context_device_manufacturer": "realme",
    "context_device_model": "RMX3392",
    "context_device_type": null,
    "context_os_name": "android",
    "context_os_version": "13",
    "context_receiver_service_timestamp": 1705936234209,
    "context_time": 1705936204630,
    "message_ad_id": null,
    "message_elapsed_seconds": 1.013,
    "message_event_data": null,
    "message_event_type": "authenticationStarted",
    "message_session_id": "86ab920c-6d03-4c4f-9005-411eed4f39ab",
    "message_site_id": "playlistinabottle",
    "message_url": null
  },
  {
    "timestamp_utc": "2024-01-22T15:10:10.096Z",
    "context_application_version": "8.7.20.1261",
    "context_conn_country": "IN",
    "context_device_manufacturer": "realme",
    "context_device_model": "RMX3392",
    "context_device_type": null,
    "context_os_name": "android",
    "context_os_version": "13",
    "context_receiver_service_timestamp": 1705936234515,
    "context_time": 1705936210096,
    "message_ad_id": null,
    "message_elapsed_seconds": 6.747,
    "message_event_data": "{\"targeting\":\"a_intuit_q1_2022_05\"}",
    "message_event_type": "presented",
    "message_session_id": "86ab920c-6d03-4c4f-9005-411eed4f39ab",
    "message_site_id": "playlistinabottle",
    "message_url": null
  },
  {
    "timestamp_utc": "2024-01-22T15:10:12.271Z",
    "context_application_version": "8.7.20.1261",
    "context_conn_country": "IN",
    "context_device_manufacturer": "realme",
    "context_device_model": "RMX3392",
    "context_device_type": null,
    "context_os_name": "android",
    "context_os_version": "13",
    "context_receiver_service_timestamp": 1705936234515,
    "context_time": 1705936212271,
    "message_ad_id": null,
    "message_elapsed_seconds": 8.923,
    "message_event_data": null,
    "message_event_type": "pageLoadSucceeded",
    "message_session_id": "86ab920c-6d03-4c4f-9005-411eed4f39ab",
    "message_site_id": "playlistinabottle",
    "message_url": "https://playlistinabottle-thestage.byspotify.com/?utm_session_id=86ab920c-6d03-4c4f-9005-411eed4f39ab"
  },
  {
    "timestamp_utc": "2024-01-22T15:10:04.624Z",
    "context_application_version": "8.7.20.1261",
    "context_conn_country": "IN",
    "context_device_manufacturer": "realme",
    "context_device_model": "RMX3392",
    "context_device_type": null,
    "context_os_name": "android",
    "context_os_version": "13",
    "context_receiver_service_timestamp": 1705936234209,
    "context_time": 1705936204624,
    "message_ad_id": null,
    "message_elapsed_seconds": 1.007,
    "message_event_data": "{\"source\":\"backend\"}",
    "message_event_type": "resolvingSiteSucceeded",
    "message_session_id": "86ab920c-6d03-4c4f-9005-411eed4f39ab",
    "message_site_id": "playlistinabottle",
    "message_url": null
  }
]