[
  {
    "timestamp_utc": "2024-06-02T09:18:10.716Z",
    "context_application_version": "web-player_2024-06-01_1717222596883_3f8e445",
    "context_conn_country": "IN",
    "context_device_manufacturer": null,
    "context_device_model": null,
    "context_device_type": null,
    "context_os_name": null,
    "context_os_version": null,
    "context_receiver_service_timestamp": 1717319901169,
    "context_time": 1717319890716,
    "context_user_agent": "Mozilla/5.0 (Windows NT 10.0; Win64; x64) AppleWebKit/537.36 (KHTML, like Gecko) Chrome/125.0.0.0 Safari/537.36",
    "message_height": 705,
    "message_width": 768
  },
  {
    "timestamp_utc": "2024-03-21T19:10:19.428Z",
    "context_application_version": "web-player_2024-03-21_1711037534877_8b9e0da",
    "context_conn_country": "IN",
    "context_device_manufacturer": null,
    "context_device_model": null,
    "context_device_type": null,
    "context_os_name": null,
    "context_os_version": null,
    "context_receiver_service_timestamp": 1711048231375,
    "context_time": 1711048219428,
    "context_user_agent": "Mozilla/5.0 (Windows NT 10.0; Win64; x64) AppleWebKit/537.36 (KHTML, like Gecko) Chrome/123.0.0.0 Safari/537.36",
    "message_height": 758,
    "message_width": 1539
  },
  {
    "timestamp_utc": "2024-03-21T19:09:34.762Z",
    "context_application_version": "web-player_2024-03-21_1711037534877_8b9e0da",
    "context_conn_country": "IN",
    "context_device_manufacturer": null,
    "context_device_model": null,
    "context_device_type": null,
    "context_os_name": null,
    "context_os_version": null,
    "context_receiver_service_timestamp": 1711048187252,
    "context_time": 1711048174762,
    "context_user_agent": "Mozilla/5.0 (Windows NT 10.0; Win64; x64) AppleWebKit/537.36 (KHTML, like Gecko) Chrome/123.0.0.0 Safari/537.36",
    "message_height": 758,
    "message_width": 1539
  },
  {
    "timestamp_utc": "2024-06-02T19:53:37.169Z",
    "context_application_version": "web-player_2024-06-02_1717330134368_f1cb048",
    "context_conn_country": "IN",
    "context_device_manufacturer": null,
    "context_device_model": null,
    "context_device_type": null,
    "context_os_name": null,
    "context_os_version": null,
    "context_receiver_service_timestamp": 1717358028347,
    "context_time": 1717358017169,
    "context_user_agent": "Mozilla/5.0 (Windows NT 10.0; Win64; x64) AppleWebKit/537.36 (KHTML, like Gecko) Chrome/125.0.0.0 Safari/537.36",
    "message_height": 709,
    "message_width": 1537
  },
  {
    "timestamp_utc": "2024-05-31T22:05:10.194Z",
    "context_application_version": "web-player_2024-05-31_1717182462560_d6e7fed",
    "context_conn_country": "IN",
    "context_device_manufacturer": null,
    "context_device_model": null,
    "context_device_type": null,
    "context_os_name": null,
    "context_os_version": null,
    "context_receiver_service_timestamp": 1717193121047,
    "context_time": 1717193110194,
    "context_user_agent": "Mozilla/5.0 (Windows NT 10.0; Win64; x64) AppleWebKit/537.36 (KHTML, like Gecko) Chrome/125.0.0.0 Safari/537.36",
    "message_height": 710,
    "message_width": 1541
  },
  {
    "timestamp_utc": "2024-04-20T08:56:30.889Z",
    "context_application_version": "web-player_2024-04-20_1713600576710_8d18281",
    "context_conn_country": "IN",
    "context_device_manufacturer": null,
    "context_device_model": null,
    "context_device_type": null,
    "context_os_name": null,
    "context_os_version": null,
    "context_receiver_service_timestamp": 1713603404188,
    "context_time": 1713603390889,
    "context_user_agent": "Mozilla/5.0 (Windows NT 10.0; Win64; x64) AppleWebKit/537.36 (KHTML, like Gecko) Chrome/124.0.0.0 Safari/537.36",
    "message_height": 707,
    "message_width": 1537
  },
  {
    "timestamp_utc": "2024-04-20T09:18:05.826Z",
    "context_application_version": "web-player_2024-04-20_1713600576710_8d18281",
    "context_conn_country": "IN",
    "context_device_manufacturer": null,
    "context_device_model": null,
    "context_device_type": null,
    "context_os_name": null,
    "context_os_version": null,
    "context_receiver_service_timestamp": 1713604699038,
    "context_time": 1713604685826,
    "context_user_agent": "Mozilla/5.0 (Windows NT 10.0; Win64; x64) AppleWebKit/537.36 (KHTML, like Gecko) Chrome/124.0.0.0 Safari/537.36",
    "message_height": 707,
    "message_width": 1537
  },
  {
    "timestamp_utc": "2024-03-21T19:17:21.834Z",
    "context_application_version": "web-player_2024-03-21_1711044933360_0ab9a46",
    "context_conn_country": "IN",
    "context_device_manufacturer": null,
    "context_device_model": null,
    "context_device_type": null,
    "context_os_name": null,
    "context_os_version": null,
    "context_receiver_service_timestamp": 1711048651307,
    "context_time": 1711048641834,
    "context_user_agent": "Mozilla/5.0 (Windows NT 10.0; Win64; x64) AppleWebKit/537.36 (KHTML, like Gecko) Chrome/123.0.0.0 Safari/537.36",
    "message_height": 758,
    "message_width": 1539
  },
  {
    "timestamp_utc": "2024-06-05T08:56:15.071Z",
    "context_application_version": "web-player_2024-06-05_1717574642367_803fa17",
    "context_conn_country": "IN",
    "context_device_manufacturer": null,
    "context_device_model": null,
    "context_device_type": null,
    "context_os_name": null,
    "context_os_version": null,
    "context_receiver_service_timestamp": 1717577785889,
    "context_time": 1717577775071,
    "context_user_agent": "Mozilla/5.0 (Windows NT 10.0; Win64; x64) AppleWebKit/537.36 (KHTML, like Gecko) Chrome/125.0.0.0 Safari/537.36",
    "message_height": 711,
    "message_width": 1544
  },
  {
    "timestamp_utc": "2024-03-22T18:52:24.243Z",
    "context_application_version": "web-player_2024-03-22_1711129378113_a99653d",
    "context_conn_country": "IN",
    "context_device_manufacturer": null,
    "context_device_model": null,
    "context_device_type": null,
    "context_os_name": null,
    "context_os_version": null,
    "context_receiver_service_timestamp": 1711823899231,
    "context_time": 1711133544243,
    "context_user_agent": "Mozilla/5.0 (Windows NT 10.0; Win64; x64) AppleWebKit/537.36 (KHTML, like Gecko) Chrome/123.0.0.0 Safari/537.36",
    "message_height": 750,
    "message_width": 1537
  },
  {
    "timestamp_utc": "2024-05-31T18:06:27.592Z",
    "context_application_version": "web-player_2024-05-31_1717175061327_2f4b769",
    "context_conn_country": "IN",
    "context_device_manufacturer": null,
    "context_device_model": null,
    "context_device_type": null,
    "context_os_name": null,
    "context_os_version": null,
    "context_receiver_service_timestamp": 1717178798067,
    "context_time": 1717178787592,
    "context_user_agent": "Mozilla/5.0 (Windows NT 10.0; Win64; x64) AppleWebKit/537.36 (KHTML, like Gecko) Chrome/125.0.0.0 Safari/537.36",
    "message_height": 710,
    "message_width": 1541
  },
  {
    "timestamp_utc": "2024-06-02T00:26:51.541Z",
    "context_application_version": "web-player_2024-06-01_1717222596883_3f8e445",
    "context_conn_country": "IN",
    "context_device_manufacturer": null,
    "context_device_model": null,
    "context_device_type": null,
    "context_os_name": null,
    "context_os_version": null,
    "context_receiver_service_timestamp": 1717288021889,
    "context_time": 1717288011541,
    "context_user_agent": "Mozilla/5.0 (Windows NT 10.0; Win64; x64) AppleWebKit/537.36 (KHTML, like Gecko) Chrome/125.0.0.0 Safari/537.36",
    "message_height": 704,
    "message_width": 1539
  },
  {
    "timestamp_utc": "2024-06-04T23:15:48.688Z",
    "context_application_version": "web-player_2024-06-04_1717538574685_ede7fd3",
    "context_conn_country": "IN",
    "context_device_manufacturer": null,
    "context_device_model": null,
    "context_device_type": null,
    "context_os_name": null,
    "context_os_version": null,
    "context_receiver_service_timestamp": 1717542959414,
    "context_time": 1717542948688,
    "context_user_agent": "Mozilla/5.0 (Windows NT 10.0; Win64; x64) AppleWebKit/537.36 (KHTML, like Gecko) Chrome/125.0.0.0 Safari/537.36",
    "message_height": 704,
    "message_width": 1540
  },
  {
    "timestamp_utc": "2024-03-21T19:21:37.940Z",
    "context_application_version": "web-player_2024-03-21_1711044933360_0ab9a46",
    "context_conn_country": "IN",
    "context_device_manufacturer": null,
    "context_device_model": null,
    "context_device_type": null,
    "context_os_name": null,
    "context_os_version": null,
    "context_receiver_service_timestamp": 1711048909803,
    "context_time": 1711048897940,
    "context_user_agent": "Mozilla/5.0 (Windows NT 10.0; Win64; x64) AppleWebKit/537.36 (KHTML, like Gecko) Chrome/123.0.0.0 Safari/537.36",
    "message_height": 758,
    "message_width": 1539
  },
  {
    "timestamp_utc": "2024-05-28T19:01:31.916Z",
    "context_application_version": "web-player_2024-05-28_1716915523902_f168e6c",
    "context_conn_country": "IN",
    "context_device_manufacturer": null,
    "context_device_model": null,
    "context_device_type": null,
    "context_os_name": null,
    "context_os_version": null,
    "context_receiver_service_timestamp": 1716922903066,
    "context_time": 1716922891916,
    "context_user_agent": "Mozilla/5.0 (Windows NT 10.0; Win64; x64) AppleWebKit/537.36 (KHTML, like Gecko) Chrome/125.0.0.0 Safari/537.36",
    "message_height": 705,
    "message_width": 1538
  },
  {
    "timestamp_utc": "2024-05-31T23:17:27.558Z",
    "context_application_version": "web-player_2024-05-31_1717191494162_5f53473",
    "context_conn_country": "IN",
    "context_device_manufacturer": null,
    "context_device_model": null,
    "context_device_type": null,
    "context_os_name": null,
    "context_os_version": null,
    "context_receiver_service_timestamp": 1717197458259,
    "context_time": 1717197447558,
    "context_user_agent": "Mozilla/5.0 (Windows NT 10.0; Win64; x64) AppleWebKit/537.36 (KHTML, like Gecko) Chrome/125.0.0.0 Safari/537.36",
    "message_height": 710,
    "message_width": 1541
  },
  {
    "timestamp_utc": "2024-04-06T13:56:43.797Z",
    "context_application_version": "web-player_2024-04-06_1712398192972_ec764ca",
    "context_conn_country": "IN",
    "context_device_manufacturer": null,
    "context_device_model": null,
    "context_device_type": null,
    "context_os_name": null,
    "context_os_version": null,
    "context_receiver_service_timestamp": 1713378848526,
    "context_time": 1712411803797,
    "context_user_agent": "Mozilla/5.0 (Windows NT 10.0; Win64; x64) AppleWebKit/537.36 (KHTML, like Gecko) Chrome/123.0.0.0 Safari/537.36",
    "message_height": 711,
    "message_width": 1538
  },
  {
    "timestamp_utc": "2024-06-05T21:30:11.418Z",
    "context_application_version": "web-player_2024-06-05_1717619056663_163095e",
    "context_conn_country": "IN",
    "context_device_manufacturer": null,
    "context_device_model": null,
    "context_device_type": null,
    "context_os_name": null,
    "context_os_version": null,
    "context_receiver_service_timestamp": 1717623023527,
    "context_time": 1717623011418,
    "context_user_agent": "Mozilla/5.0 (Windows NT 10.0; Win64; x64) AppleWebKit/537.36 (KHTML, like Gecko) Chrome/125.0.0.0 Safari/537.36",
    "message_height": 710,
    "message_width": 773
  },
  {
    "timestamp_utc": "2024-06-05T00:22:51.558Z",
    "context_application_version": "web-player_2024-06-04_1717543459392_6d58cb7",
    "context_conn_country": "IN",
    "context_device_manufacturer": null,
    "context_device_model": null,
    "context_device_type": null,
    "context_os_name": null,
    "context_os_version": null,
    "context_receiver_service_timestamp": 1717546982263,
    "context_time": 1717546971558,
    "context_user_agent": "Mozilla/5.0 (Windows NT 10.0; Win64; x64) AppleWebKit/537.36 (KHTML, like Gecko) Chrome/125.0.0.0 Safari/537.36",
    "message_height": 704,
    "message_width": 1540
  },
  {
    "timestamp_utc": "2024-06-02T08:51:27.505Z",
    "context_application_version": "web-player_2024-06-01_1717222596883_3f8e445",
    "context_conn_country": "IN",
    "context_device_manufacturer": null,
    "context_device_model": null,
    "context_device_type": null,
    "context_os_name": null,
    "context_os_version": null,
    "context_receiver_service_timestamp": 1717318298456,
    "context_time": 1717318287505,
    "context_user_agent": "Mozilla/5.0 (Windows NT 10.0; Win64; x64) AppleWebKit/537.36 (KHTML, like Gecko) Chrome/125.0.0.0 Safari/537.36",
    "message_height": 705,
    "message_width": 1537
  },
  {
    "timestamp_utc": "2024-04-06T13:56:26.435Z",
    "context_application_version": "web-player_2024-04-06_1712398192972_ec764ca",
    "context_conn_country": "IN",
    "context_device_manufacturer": null,
    "context_device_model": null,
    "context_device_type": null,
    "context_os_name": null,
    "context_os_version": null,
    "context_receiver_service_timestamp": 1713378848526,
    "context_time": 1712411786435,
    "context_user_agent": "Mozilla/5.0 (Windows NT 10.0; Win64; x64) AppleWebKit/537.36 (KHTML, like Gecko) Chrome/123.0.0.0 Safari/537.36",
    "message_height": 711,
    "message_width": 1538
  },
  {
    "timestamp_utc": "2024-05-31T21:43:26.360Z",
    "context_application_version": "web-player_2024-05-31_1717182462560_d6e7fed",
    "context_conn_country": "IN",
    "context_device_manufacturer": null,
    "context_device_model": null,
    "context_device_type": null,
    "context_os_name": null,
    "context_os_version": null,
    "context_receiver_service_timestamp": 1717191817087,
    "context_time": 1717191806360,
    "context_user_agent": "Mozilla/5.0 (Windows NT 10.0; Win64; x64) AppleWebKit/537.36 (KHTML, like Gecko) Chrome/125.0.0.0 Safari/537.36",
    "message_height": 710,
    "message_width": 1541
  },
  {
    "timestamp_utc": "2024-05-28T19:18:21.190Z",
    "context_application_version": "web-player_2024-05-28_1716920683435_8d51a66",
    "context_conn_country": "IN",
    "context_device_manufacturer": null,
    "context_device_model": null,
    "context_device_type": null,
    "context_os_name": null,
    "context_os_version": null,
    "context_receiver_service_timestamp": 1716923912486,
    "context_time": 1716923901190,
    "context_user_agent": "Mozilla/5.0 (Windows NT 10.0; Win64; x64) AppleWebKit/537.36 (KHTML, like Gecko) Chrome/125.0.0.0 Safari/537.36",
    "message_height": 705,
    "message_width": 1538
  },
  {
    "timestamp_utc": "2024-03-30T18:36:18.460Z",
    "context_application_version": "web-player_2024-03-30_1711805820169_c06b23b",
    "context_conn_country": "IN",
    "context_device_manufacturer": null,
    "context_device_model": null,
    "context_device_type": null,
    "context_os_name": null,
    "context_os_version": null,
    "context_receiver_service_timestamp": 1711823899231,
    "context_time": 1711823778460,
    "context_user_agent": "Mozilla/5.0 (Windows NT 10.0; Win64; x64) AppleWebKit/537.36 (KHTML, like Gecko) Chrome/123.0.0.0 Safari/537.36",
    "message_height": 704,
    "message_width": 1540
  },
  {
    "timestamp_utc": "2024-04-17T18:33:55.935Z",
    "context_application_version": "web-player_2024-04-17_1713375504431_d8ca7ae",
    "context_conn_country": "IN",
    "context_device_manufacturer": null,
    "context_device_model": null,
    "context_device_type": null,
    "context_os_name": null,
    "context_os_version": null,
    "context_receiver_service_timestamp": 1713378848526,
    "context_time": 1713378835935,
    "context_user_agent": "Mozilla/5.0 (Windows NT 10.0; Win64; x64) AppleWebKit/537.36 (KHTML, like Gecko) Chrome/123.0.0.0 Safari/537.36",
    "message_height": 709,
    "message_width": 1536
  },
  {
    "timestamp_utc": "2024-05-31T20:12:34.693Z",
    "context_application_version": "web-player_2024-05-31_1717175061327_2f4b769",
    "context_conn_country": "IN",
    "context_device_manufacturer": null,
    "context_device_model": null,
    "context_device_type": null,
    "context_os_name": null,
    "context_os_version": null,
    "context_receiver_service_timestamp": 1717186365444,
    "context_time": 1717186354693,
    "context_user_agent": "Mozilla/5.0 (Windows NT 10.0; Win64; x64) AppleWebKit/537.36 (KHTML, like Gecko) Chrome/125.0.0.0 Safari/537.36",
    "message_height": 710,
    "message_width": 1541
  },
  {
    "timestamp_utc": "2024-04-04T17:54:37.281Z",
    "context_application_version": "web-player_2024-04-04_1712249535836_22714da",
    "context_conn_country": "IN",
    "context_device_manufacturer": null,
    "context_device_model": null,
    "context_device_type": null,
    "context_os_name": null,
    "context_os_version": null,
    "context_receiver_service_timestamp": 1712253289351,
    "context_time": 1712253277281,
    "context_user_agent": "Mozilla/5.0 (Windows NT 10.0; Win64; x64) AppleWebKit/537.36 (KHTML, like Gecko) Chrome/123.0.0.0 Safari/537.36",
    "message_height": 816,
    "message_width": 1536
  },
  {
    "timestamp_utc": "2024-06-04T09:39:18.799Z",
    "context_application_version": "web-player_2024-06-04_1717490050878_338d7a3",
    "context_conn_country": "IN",
    "context_device_manufacturer": null,
    "context_device_model": null,
    "context_device_type": null,
    "context_os_name": null,
    "context_os_version": null,
    "context_receiver_service_timestamp": 1717493969122,
    "context_time": 1717493958799,
    "context_user_agent": "Mozilla/5.0 (Windows NT 10.0; Win64; x64) AppleWebKit/537.36 (KHTML, like Gecko) Chrome/125.0.0.0 Safari/537.36",
    "message_height": 704,
    "message_width": 1540
  },
  {
    "timestamp_utc": "2024-04-18T06:05:42.130Z",
    "context_application_version": "web-player_2024-04-18_1713413506061_da0ecf4",
    "context_conn_country": "IN",
    "context_device_manufacturer": null,
    "context_device_model": null,
    "context_device_type": null,
    "context_os_name": null,
    "context_os_version": null,
    "context_receiver_service_timestamp": 1713420462791,
    "context_time": 1713420342130,
    "context_user_agent": "Mozilla/5.0 (Windows NT 10.0; Win64; x64) AppleWebKit/537.36 (KHTML, like Gecko) Chrome/124.0.0.0 Safari/537.36",
    "message_height": 703,
    "message_width": 1541
  },
  {
    "timestamp_utc": "2024-04-06T12:41:27.798Z",
    "context_application_version": "web-player_2024-04-06_1712398192972_ec764ca",
    "context_conn_country": "IN",
    "context_device_manufacturer": null,
    "context_device_model": null,
    "context_device_type": null,
    "context_os_name": null,
    "context_os_version": null,
    "context_receiver_service_timestamp": 1712407300545,
    "context_time": 1712407287798,
    "context_user_agent": "Mozilla/5.0 (Windows NT 10.0; Win64; x64) AppleWebKit/537.36 (KHTML, like Gecko) Chrome/123.0.0.0 Safari/537.36",
    "message_height": 711,
    "message_width": 1538
  }
]