[
  {
    "timestamp_utc": "2024-03-21T19:15:55.879Z",
    "context_application_version": null,
    "context_conn_country": null,
    "context_receiver_service_timestamp": 1711048555892,
    "context_time": 1711048555879,
    "context_user_agent": "node-fetch/1.0 (+https://github.com/bitinn/node-fetch)",
    "message_action": "navigation",
    "message_category": "performance",
    "message_context": "",
    "message_country": "IN",
    "message_destination_url": null,
    "message_flow_id": null,
    "message_label": "{\"name\":\"https://www.spotify.com/in-en/download/windows/\",\"entryType\":\"navigation\",\"startTime\":0,\"duration\":4275,\"initiatorType\":\"navigation\",\"deliveryType\":\"\",\"nextHopProtocol\":\"h3\",\"renderBlockingStatus\":\"non-blocking\",\"workerStart\":0,\"redirectStart\":8,\"redirectEnd\":555,\"fetchStart\":555,\"domainLookupStart\":555,\"domainLookupEnd\":555,\"connectStart\":555,\"secureConnectionStart\":555,\"connectEnd\":555,\"requestStart\":562,\"responseStart\":797,\"firstInterimResponseStart\":0,\"responseEnd\":807,\"transferSize\":12805,\"encodedBodySize\":12505,\"decodedBodySize\":45901,\"responseStatus\":200,\"serverTiming\":[],\"unloadEventStart\":0,\"unloadEventEnd\":0,\"domInteractive\":1798,\"domContentLoadedEventStart\":3183,\"domContentLoadedEventEnd\":3183,\"domComplete\":4274,\"loadEventStart\":4275,\"loadEventEnd\":4275,\"type\":\"navigate\",\"redirectCount\":3,\"activationStart\":0,\"criticalCHRestart\":0}",
    "message_os": "Windows",
    "message_sp_t": "5a9d9b0f-ea7a-4dd8-bd22-a1af03f64980"
  },
  {
    "timestamp_utc": "2024-04-06T13:56:49.644Z",
    "context_application_version": null,
    "context_conn_country": null,
    "context_receiver_service_timestamp": 1712411809654,
    "context_time": 1712411809644,
    "context_user_agent": "Mozilla/5.0 (Windows NT 10.0; Win64; x64) AppleWebKit/537.36 (KHTML, like Gecko) Chrome/123.0.0.0 Safari/537.36",
    "message_action": "click",
    "message_category": "masthead",
    "message_context": null,
    "message_country": "IN",
    "message_destination_url": "https://www.lifeatspotify.com/",
    "message_flow_id": null,
    "message_label": "jobs",
    "message_os": "Windows",
    "message_sp_t": "5a9d9b0f-ea7a-4dd8-bd22-a1af03f64980"
  },
  {
    "timestamp_utc": "2024-04-06T13:56:37.703Z",
    "context_application_version": null,
    "context_conn_country": null,
    "context_receiver_service_timestamp": 1712411797722,
    "context_time": 1712411797703,
    "context_user_agent": "Mozilla/5.0 (Windows NT 10.0; Win64; x64) AppleWebKit/537.36 (KHTML, like Gecko) Chrome/123.0.0.0 Safari/537.36",
    "message_action": "click",
    "message_category": "masthead",
    "message_context": null,
    "message_country": "IN",
    "message_destination_url": "https://investors.spotify.com/",
    "message_flow_id": null,
    "message_label": "investors",
    "message_os": "Windows",
    "message_sp_t": "5a9d9b0f-ea7a-4dd8-bd22-a1af03f64980"
  },
  {
    "timestamp_utc": "2024-04-06T13:54:49.446Z",
    "context_application_version": null,
    "context_conn_country": null,
    "context_receiver_service_timestamp": 1712411689456,
    "context_time": 1712411689446,
    "context_user_agent": "Mozilla/5.0 (Windows NT 10.0; Win64; x64) AppleWebKit/537.36 (KHTML, like Gecko) Chrome/123.0.0.0 Safari/537.36",
    "message_action": "click",
    "message_category": "masthead",
    "message_context": null,
    "message_country": "IN",
    "message_destination_url": "https://developer.spotify.com/",
    "message_flow_id": null,
    "message_label": "developers",
    "message_os": "Windows",
    "message_sp_t": "5a9d9b0f-ea7a-4dd8-bd22-a1af03f64980"
  },
  {
    "timestamp_utc": "2024-03-21T19:11:31.297Z",
    "context_application_version": null,
    "context_conn_country": null,
    "context_receiver_service_timestamp": 1711048291310,
    "context_time": 1711048291297,
    "context_user_agent": "Mozilla/5.0 (Windows NT 10.0; Win64; x64) AppleWebKit/537.36 (KHTML, like Gecko) Chrome/123.0.0.0 Safari/537.36",
    "message_action": "pageview",
    "message_category": "download",
    "message_context": "/download/windows",
    "message_country": "IN",
    "message_destination_url": null,
    "message_flow_id": null,
    "message_label": "",
    "message_os": "Windows",
    "message_sp_t": "5a9d9b0f-ea7a-4dd8-bd22-a1af03f64980"
  }
]