[
  {
    "message_referrer": "https://open.spotify.com/",
    "timestamp_utc": "2024-06-04T23:21:50.280Z",
    "context_application_version": "1.0.0.1",
    "context_conn_country": "IN",
    "context_receiver_service_timestamp": 1717543311021,
    "context_time": 1717543310280,
    "context_user_agent": "Mozilla/5.0 (Windows NT 10.0; Win64; x64) AppleWebKit/537.36 (KHTML, like Gecko) Chrome/125.0.0.0 Safari/537.36",
    "message_action": "exposure",
    "message_category": null,
    "message_context": "sam",
    "message_label": "sam-account-widget|Spotify Free",
    "message_market": "in-en",
    "message_sp_t": "5a9d9b0f-ea7a-4dd8-bd22-a1af03f64980"
  },
  {
    "message_referrer": "https://accounts.spotify.com/",
    "timestamp_utc": "2024-01-24T19:49:18.728Z",
    "context_application_version": "1.0.0.1",
    "context_conn_country": "IN",
    "context_receiver_service_timestamp": 1706125759624,
    "context_time": 1706125758728,
    "context_user_agent": "Mozilla/5.0 (Linux; Android 10; K) AppleWebKit/537.36 (KHTML, like Gecko) Chrome/120.0.0.0 Mobile Safari/537.36",
    "message_action": "exposure",
    "message_category": null,
    "message_context": "sam",
    "message_label": "sam-shortcut-widget|join-premium",
    "message_market": "in-en",
    "message_sp_t": "51035e8bd357086765ad949b03ee1715"
  },
  {
    "message_referrer": "https://open.spotify.com/",
    "timestamp_utc": "2024-06-04T23:20:16.847Z",
    "context_application_version": "1.0.0.1",
    "context_conn_country": "IN",
    "context_receiver_service_timestamp": 1717543217421,
    "context_time": 1717543216847,
    "context_user_agent": "Mozilla/5.0 (Windows NT 10.0; Win64; x64) AppleWebKit/537.36 (KHTML, like Gecko) Chrome/125.0.0.0 Safari/537.36",
    "message_action": "exposure",
    "message_category": null,
    "message_context": "sam",
    "message_label": "sam-account-widget|Spotify Free",
    "message_market": "in-en",
    "message_sp_t": "5a9d9b0f-ea7a-4dd8-bd22-a1af03f64980"
  },
  {
    "message_referrer": "https://accounts.spotify.com/",
    "timestamp_utc": "2024-02-28T18:52:17.482Z",
    "context_application_version": "1.0.0.1",
    "context_conn_country": "IN",
    "context_receiver_service_timestamp": 1709146338843,
    "context_time": 1709146337482,
    "context_user_agent": "Mozilla/5.0 (Linux; Android 10; K) AppleWebKit/537.36 (KHTML, like Gecko) Chrome/121.0.0.0 Mobile Safari/537.36",
    "message_action": "exposure",
    "message_category": null,
    "message_context": "sam",
    "message_label": "sam-shortcut-widget|join-premium",
    "message_market": "in-en",
    "message_sp_t": "51035e8bd357086765ad949b03ee1715"
  },
  {
    "message_referrer": "https://open.spotify.com/",
    "timestamp_utc": "2024-06-04T23:21:50.309Z",
    "context_application_version": "1.0.0.1",
    "context_conn_country": "IN",
    "context_receiver_service_timestamp": 1717543311021,
    "context_time": 1717543310309,
    "context_user_agent": "Mozilla/5.0 (Windows NT 10.0; Win64; x64) AppleWebKit/537.36 (KHTML, like Gecko) Chrome/125.0.0.0 Safari/537.36",
    "message_action": "exposure",
    "message_category": null,
    "message_context": "sam",
    "message_label": "sam-account-widget|Spotify Free",
    "message_market": "in-en",
    "message_sp_t": "5a9d9b0f-ea7a-4dd8-bd22-a1af03f64980"
  },
  {
    "message_referrer": "https://accounts.spotify.com/",
    "timestamp_utc": "2024-02-28T18:52:17.850Z",
    "context_application_version": "1.0.0.1",
    "context_conn_country": "IN",
    "context_receiver_service_timestamp": 1709146339084,
    "context_time": 1709146337850,
    "context_user_agent": "Mozilla/5.0 (Linux; Android 10; K) AppleWebKit/537.36 (KHTML, like Gecko) Chrome/121.0.0.0 Mobile Safari/537.36",
    "message_action": "exposure",
    "message_category": null,
    "message_context": "sam",
    "message_label": "sam-account-widget|Spotify Free",
    "message_market": "in-en",
    "message_sp_t": "51035e8bd357086765ad949b03ee1715"
  },
  {
    "message_referrer": "https://www.spotify.com/in-en/account/overview/",
    "timestamp_utc": "2024-05-28T18:59:40.960Z",
    "context_application_version": "1.0.0.1",
    "context_conn_country": "IN",
    "context_receiver_service_timestamp": 1716922781988,
    "context_time": 1716922780960,
    "context_user_agent": "Mozilla/5.0 (Windows NT 10.0; Win64; x64) AppleWebKit/537.36 (KHTML, like Gecko) Chrome/125.0.0.0 Safari/537.36",
    "message_action": "exposure",
    "message_category": null,
    "message_context": "sam",
    "message_label": "sam-shortcut-widget|join-premium",
    "message_market": "in-en",
    "message_sp_t": "5a9d9b0f-ea7a-4dd8-bd22-a1af03f64980"
  },
  {
    "message_referrer": "https://www.spotify.com/in-en/account/overview/",
    "timestamp_utc": "2024-05-28T18:59:40.960Z",
    "context_application_version": "1.0.0.1",
    "context_conn_country": "IN",
    "context_receiver_service_timestamp": 1716922781988,
    "context_time": 1716922780960,
    "context_user_agent": "Mozilla/5.0 (Windows NT 10.0; Win64; x64) AppleWebKit/537.36 (KHTML, like Gecko) Chrome/125.0.0.0 Safari/537.36",
    "message_action": "exposure",
    "message_category": null,
    "message_context": "sam",
    "message_label": "sam-account-widget|Spotify Free",
    "message_market": "in-en",
    "message_sp_t": "5a9d9b0f-ea7a-4dd8-bd22-a1af03f64980"
  },
  {
    "message_referrer": "",
    "timestamp_utc": "2024-05-28T18:59:30.245Z",
    "context_application_version": "1.0.0.1",
    "context_conn_country": "IN",
    "context_receiver_service_timestamp": 1716922771301,
    "context_time": 1716922770245,
    "context_user_agent": "Mozilla/5.0 (Windows NT 10.0; Win64; x64) AppleWebKit/537.36 (KHTML, like Gecko) Chrome/125.0.0.0 Safari/537.36",
    "message_action": "exposure",
    "message_category": null,
    "message_context": "sam",
    "message_label": "sam-shortcut-widget|join-premium",
    "message_market": "in-en",
    "message_sp_t": "5a9d9b0f-ea7a-4dd8-bd22-a1af03f64980"
  },
  {
    "message_referrer": "https://accounts.spotify.com/",
    "timestamp_utc": "2024-01-24T19:49:18.967Z",
    "context_application_version": "1.0.0.1",
    "context_conn_country": "IN",
    "context_receiver_service_timestamp": 1706125759858,
    "context_time": 1706125758967,
    "context_user_agent": "Mozilla/5.0 (Linux; Android 10; K) AppleWebKit/537.36 (KHTML, like Gecko) Chrome/120.0.0.0 Mobile Safari/537.36",
    "message_action": "exposure",
    "message_category": null,
    "message_context": "sam",
    "message_label": "sam-account-widget|Spotify Free",
    "message_market": "in-en",
    "message_sp_t": "51035e8bd357086765ad949b03ee1715"
  },
  {
    "message_referrer": "https://accounts.spotify.com/",
    "timestamp_utc": "2024-01-24T19:49:18.967Z",
    "context_application_version": "1.0.0.1",
    "context_conn_country": "IN",
    "context_receiver_service_timestamp": 1706125759858,
    "context_time": 1706125758967,
    "context_user_agent": "Mozilla/5.0 (Linux; Android 10; K) AppleWebKit/537.36 (KHTML, like Gecko) Chrome/120.0.0.0 Mobile Safari/537.36",
    "message_action": "exposure",
    "message_category": null,
    "message_context": "sam",
    "message_label": "sam-shortcut-widget|join-premium",
    "message_market": "in-en",
    "message_sp_t": "51035e8bd357086765ad949b03ee1715"
  },
  {
    "message_referrer": "https://www.spotify.com/in-en/account/overview/",
    "timestamp_utc": "2024-05-28T18:59:40.960Z",
    "context_application_version": "1.0.0.1",
    "context_conn_country": "IN",
    "context_receiver_service_timestamp": 1716922781988,
    "context_time": 1716922780960,
    "context_user_agent": "Mozilla/5.0 (Windows NT 10.0; Win64; x64) AppleWebKit/537.36 (KHTML, like Gecko) Chrome/125.0.0.0 Safari/537.36",
    "message_action": "page_load",
    "message_category": "/account/overview/",
    "message_context": "sam",
    "message_label": null,
    "message_market": "in-en",
    "message_sp_t": "5a9d9b0f-ea7a-4dd8-bd22-a1af03f64980"
  },
  {
    "message_referrer": "https://open.spotify.com/",
    "timestamp_utc": "2024-06-04T23:20:41.081Z",
    "context_application_version": "1.0.0.1",
    "context_conn_country": "IN",
    "context_receiver_service_timestamp": 1717543241642,
    "context_time": 1717543241081,
    "context_user_agent": "Mozilla/5.0 (Windows NT 10.0; Win64; x64) AppleWebKit/537.36 (KHTML, like Gecko) Chrome/125.0.0.0 Safari/537.36",
    "message_action": "menu_click",
    "message_category": "account/overview",
    "message_context": "sam",
    "message_label": "privacy",
    "message_market": "in-en",
    "message_sp_t": "5a9d9b0f-ea7a-4dd8-bd22-a1af03f64980"
  },
  {
    "message_referrer": "https://open.spotify.com/",
    "timestamp_utc": "2024-06-04T23:21:50.280Z",
    "context_application_version": "1.0.0.1",
    "context_conn_country": "IN",
    "context_receiver_service_timestamp": 1717543311021,
    "context_time": 1717543310280,
    "context_user_agent": "Mozilla/5.0 (Windows NT 10.0; Win64; x64) AppleWebKit/537.36 (KHTML, like Gecko) Chrome/125.0.0.0 Safari/537.36",
    "message_action": "page_load",
    "message_category": "/account/overview/",
    "message_context": "sam",
    "message_label": null,
    "message_market": "in-en",
    "message_sp_t": "5a9d9b0f-ea7a-4dd8-bd22-a1af03f64980"
  },
  {
    "message_referrer": "https://open.spotify.com/",
    "timestamp_utc": "2024-06-04T23:21:50.309Z",
    "context_application_version": "1.0.0.1",
    "context_conn_country": "IN",
    "context_receiver_service_timestamp": 1717543311021,
    "context_time": 1717543310309,
    "context_user_agent": "Mozilla/5.0 (Windows NT 10.0; Win64; x64) AppleWebKit/537.36 (KHTML, like Gecko) Chrome/125.0.0.0 Safari/537.36",
    "message_action": "exposure",
    "message_category": null,
    "message_context": "sam",
    "message_label": "sam-shortcut-widget|join-premium",
    "message_market": "in-en",
    "message_sp_t": "5a9d9b0f-ea7a-4dd8-bd22-a1af03f64980"
  },
  {
    "message_referrer": "",
    "timestamp_utc": "2024-06-04T23:23:50.606Z",
    "context_application_version": "1.0.0.1",
    "context_conn_country": "IN",
    "context_receiver_service_timestamp": 1717543431361,
    "context_time": 1717543430606,
    "context_user_agent": "Mozilla/5.0 (Windows NT 10.0; Win64; x64) AppleWebKit/537.36 (KHTML, like Gecko) Chrome/125.0.0.0 Safari/537.36",
    "message_action": "page_load",
    "message_category": "/account/privacy/download/confirm/[confirmDownloadToken]",
    "message_context": "sam",
    "message_label": null,
    "message_market": "in-en",
    "message_sp_t": "5a9d9b0f-ea7a-4dd8-bd22-a1af03f64980"
  },
  {
    "message_referrer": "",
    "timestamp_utc": "2024-04-18T06:05:26.341Z",
    "context_application_version": "1.0.0.1",
    "context_conn_country": "IN",
    "context_receiver_service_timestamp": 1713420328095,
    "context_time": 1713420326341,
    "context_user_agent": "Mozilla/5.0 (Windows NT 10.0; Win64; x64) AppleWebKit/537.36 (KHTML, like Gecko) Chrome/124.0.0.0 Safari/537.36",
    "message_action": "page_load",
    "message_category": "/account/overview/",
    "message_context": "sam",
    "message_label": null,
    "message_market": "in-en",
    "message_sp_t": "5a9d9b0f-ea7a-4dd8-bd22-a1af03f64980"
  },
  {
    "message_referrer": "https://www.spotify.com/in-en/account/overview/",
    "timestamp_utc": "2024-05-28T18:59:41.128Z",
    "context_application_version": "1.0.0.1",
    "context_conn_country": "IN",
    "context_receiver_service_timestamp": 1716922781988,
    "context_time": 1716922781128,
    "context_user_agent": "Mozilla/5.0 (Windows NT 10.0; Win64; x64) AppleWebKit/537.36 (KHTML, like Gecko) Chrome/125.0.0.0 Safari/537.36",
    "message_action": "exposure",
    "message_category": null,
    "message_context": "sam",
    "message_label": "sam-account-widget|Spotify Free",
    "message_market": "in-en",
    "message_sp_t": "5a9d9b0f-ea7a-4dd8-bd22-a1af03f64980"
  },
  {
    "message_referrer": "https://www.spotify.com/in-en/account/overview/?utm_source=spotify&utm_medium=menu&utm_campaign=your_account",
    "timestamp_utc": "2024-06-04T23:21:49.520Z",
    "context_application_version": "1.0.0.1",
    "context_conn_country": "IN",
    "context_receiver_service_timestamp": 1717543310075,
    "context_time": 1717543309520,
    "context_user_agent": "Mozilla/5.0 (Windows NT 10.0; Win64; x64) AppleWebKit/537.36 (KHTML, like Gecko) Chrome/125.0.0.0 Safari/537.36",
    "message_action": "back_button_click",
    "message_category": "/account/privacy/",
    "message_context": "sam",
    "message_label": null,
    "message_market": "in-en",
    "message_sp_t": "5a9d9b0f-ea7a-4dd8-bd22-a1af03f64980"
  },
  {
    "message_referrer": "https://open.spotify.com/",
    "timestamp_utc": "2024-06-04T23:20:16.848Z",
    "context_application_version": "1.0.0.1",
    "context_conn_country": "IN",
    "context_receiver_service_timestamp": 1717543217421,
    "context_time": 1717543216848,
    "context_user_agent": "Mozilla/5.0 (Windows NT 10.0; Win64; x64) AppleWebKit/537.36 (KHTML, like Gecko) Chrome/125.0.0.0 Safari/537.36",
    "message_action": "exposure",
    "message_category": null,
    "message_context": "sam",
    "message_label": "sam-shortcut-widget|join-premium",
    "message_market": "in-en",
    "message_sp_t": "5a9d9b0f-ea7a-4dd8-bd22-a1af03f64980"
  },
  {
    "message_referrer": "https://accounts.spotify.com/",
    "timestamp_utc": "2024-03-21T19:08:58.140Z",
    "context_application_version": "1.0.0.1",
    "context_conn_country": "IN",
    "context_receiver_service_timestamp": 1711048140530,
    "context_time": 1711048138140,
    "context_user_agent": "Mozilla/5.0 (Windows NT 10.0; Win64; x64) AppleWebKit/537.36 (KHTML, like Gecko) Chrome/123.0.0.0 Safari/537.36",
    "message_action": "page_load",
    "message_category": "/account/overview/",
    "message_context": "sam",
    "message_label": null,
    "message_market": "in-en",
    "message_sp_t": "5a9d9b0f-ea7a-4dd8-bd22-a1af03f64980"
  },
  {
    "message_referrer": "https://accounts.spotify.com/",
    "timestamp_utc": "2024-02-28T18:52:17.482Z",
    "context_application_version": "1.0.0.1",
    "context_conn_country": "IN",
    "context_receiver_service_timestamp": 1709146338843,
    "context_time": 1709146337482,
    "context_user_agent": "Mozilla/5.0 (Linux; Android 10; K) AppleWebKit/537.36 (KHTML, like Gecko) Chrome/121.0.0.0 Mobile Safari/537.36",
    "message_action": "page_load",
    "message_category": "/account/overview/",
    "message_context": "sam",
    "message_label": null,
    "message_market": "in-en",
    "message_sp_t": "51035e8bd357086765ad949b03ee1715"
  },
  {
    "message_referrer": "https://open.spotify.com/",
    "timestamp_utc": "2024-06-04T23:20:16.682Z",
    "context_application_version": "1.0.0.1",
    "context_conn_country": "IN",
    "context_receiver_service_timestamp": 1717543217421,
    "context_time": 1717543216682,
    "context_user_agent": "Mozilla/5.0 (Windows NT 10.0; Win64; x64) AppleWebKit/537.36 (KHTML, like Gecko) Chrome/125.0.0.0 Safari/537.36",
    "message_action": "exposure",
    "message_category": null,
    "message_context": "sam",
    "message_label": "sam-shortcut-widget|join-premium",
    "message_market": "in-en",
    "message_sp_t": "5a9d9b0f-ea7a-4dd8-bd22-a1af03f64980"
  },
  {
    "message_referrer": "https://accounts.spotify.com/",
    "timestamp_utc": "2024-02-28T18:52:17.850Z",
    "context_application_version": "1.0.0.1",
    "context_conn_country": "IN",
    "context_receiver_service_timestamp": 1709146339084,
    "context_time": 1709146337850,
    "context_user_agent": "Mozilla/5.0 (Linux; Android 10; K) AppleWebKit/537.36 (KHTML, like Gecko) Chrome/121.0.0.0 Mobile Safari/537.36",
    "message_action": "exposure",
    "message_category": null,
    "message_context": "sam",
    "message_label": "sam-shortcut-widget|join-premium",
    "message_market": "in-en",
    "message_sp_t": "51035e8bd357086765ad949b03ee1715"
  },
  {
    "message_referrer": "",
    "timestamp_utc": "2024-05-28T18:59:30.409Z",
    "context_application_version": "1.0.0.1",
    "context_conn_country": "IN",
    "context_receiver_service_timestamp": 1716922771301,
    "context_time": 1716922770409,
    "context_user_agent": "Mozilla/5.0 (Windows NT 10.0; Win64; x64) AppleWebKit/537.36 (KHTML, like Gecko) Chrome/125.0.0.0 Safari/537.36",
    "message_action": "exposure",
    "message_category": null,
    "message_context": "sam",
    "message_label": "sam-account-widget|Spotify Free",
    "message_market": "in-en",
    "message_sp_t": "5a9d9b0f-ea7a-4dd8-bd22-a1af03f64980"
  },
  {
    "message_referrer": "",
    "timestamp_utc": "2024-04-20T08:55:28.092Z",
    "context_application_version": "1.0.0.1",
    "context_conn_country": "IN",
    "context_receiver_service_timestamp": 1713603331532,
    "context_time": 1713603328092,
    "context_user_agent": "Mozilla/5.0 (Windows NT 10.0; Win64; x64) AppleWebKit/537.36 (KHTML, like Gecko) Chrome/124.0.0.0 Safari/537.36",
    "message_action": "page_load",
    "message_category": "/account/overview/",
    "message_context": "sam",
    "message_label": null,
    "message_market": "in-en",
    "message_sp_t": "5a9d9b0f-ea7a-4dd8-bd22-a1af03f64980"
  },
  {
    "message_referrer": "https://www.spotify.com/in-en/account/overview/?utm_source=spotify&utm_medium=menu&utm_campaign=your_account",
    "timestamp_utc": "2024-06-04T23:20:41.365Z",
    "context_application_version": "1.0.0.1",
    "context_conn_country": "IN",
    "context_receiver_service_timestamp": 1717543242095,
    "context_time": 1717543241365,
    "context_user_agent": "Mozilla/5.0 (Windows NT 10.0; Win64; x64) AppleWebKit/537.36 (KHTML, like Gecko) Chrome/125.0.0.0 Safari/537.36",
    "message_action": "page_load",
    "message_category": "/account/privacy/",
    "message_context": "sam",
    "message_label": null,
    "message_market": "in-en",
    "message_sp_t": "5a9d9b0f-ea7a-4dd8-bd22-a1af03f64980"
  },
  {
    "message_referrer": "https://www.spotify.com/in-en/account/overview/",
    "timestamp_utc": "2024-05-28T18:59:41.128Z",
    "context_application_version": "1.0.0.1",
    "context_conn_country": "IN",
    "context_receiver_service_timestamp": 1716922781988,
    "context_time": 1716922781128,
    "context_user_agent": "Mozilla/5.0 (Windows NT 10.0; Win64; x64) AppleWebKit/537.36 (KHTML, like Gecko) Chrome/125.0.0.0 Safari/537.36",
    "message_action": "exposure",
    "message_category": null,
    "message_context": "sam",
    "message_label": "sam-shortcut-widget|join-premium",
    "message_market": "in-en",
    "message_sp_t": "5a9d9b0f-ea7a-4dd8-bd22-a1af03f64980"
  },
  {
    "message_referrer": "",
    "timestamp_utc": "2024-05-28T18:59:30.409Z",
    "context_application_version": "1.0.0.1",
    "context_conn_country": "IN",
    "context_receiver_service_timestamp": 1716922771301,
    "context_time": 1716922770409,
    "context_user_agent": "Mozilla/5.0 (Windows NT 10.0; Win64; x64) AppleWebKit/537.36 (KHTML, like Gecko) Chrome/125.0.0.0 Safari/537.36",
    "message_action": "exposure",
    "message_category": null,
    "message_context": "sam",
    "message_label": "sam-shortcut-widget|join-premium",
    "message_market": "in-en",
    "message_sp_t": "5a9d9b0f-ea7a-4dd8-bd22-a1af03f64980"
  },
  {
    "message_referrer": "https://open.spotify.com/",
    "timestamp_utc": "2024-06-04T23:20:16.682Z",
    "context_application_version": "1.0.0.1",
    "context_conn_country": "IN",
    "context_receiver_service_timestamp": 1717543217421,
    "context_time": 1717543216682,
    "context_user_agent": "Mozilla/5.0 (Windows NT 10.0; Win64; x64) AppleWebKit/537.36 (KHTML, like Gecko) Chrome/125.0.0.0 Safari/537.36",
    "message_action": "exposure",
    "message_category": null,
    "message_context": "sam",
    "message_label": "sam-account-widget|Spotify Free",
    "message_market": "in-en",
    "message_sp_t": "5a9d9b0f-ea7a-4dd8-bd22-a1af03f64980"
  },
  {
    "message_referrer": "https://accounts.spotify.com/",
    "timestamp_utc": "2024-01-24T19:49:18.729Z",
    "context_application_version": "1.0.0.1",
    "context_conn_country": "IN",
    "context_receiver_service_timestamp": 1706125759624,
    "context_time": 1706125758729,
    "context_user_agent": "Mozilla/5.0 (Linux; Android 10; K) AppleWebKit/537.36 (KHTML, like Gecko) Chrome/120.0.0.0 Mobile Safari/537.36",
    "message_action": "page_load",
    "message_category": "/account/overview/",
    "message_context": "sam",
    "message_label": null,
    "message_market": "in-en",
    "message_sp_t": "51035e8bd357086765ad949b03ee1715"
  },
  {
    "message_referrer": "",
    "timestamp_utc": "2024-05-28T18:59:30.245Z",
    "context_application_version": "1.0.0.1",
    "context_conn_country": "IN",
    "context_receiver_service_timestamp": 1716922771301,
    "context_time": 1716922770245,
    "context_user_agent": "Mozilla/5.0 (Windows NT 10.0; Win64; x64) AppleWebKit/537.36 (KHTML, like Gecko) Chrome/125.0.0.0 Safari/537.36",
    "message_action": "exposure",
    "message_category": null,
    "message_context": "sam",
    "message_label": "sam-account-widget|Spotify Free",
    "message_market": "in-en",
    "message_sp_t": "5a9d9b0f-ea7a-4dd8-bd22-a1af03f64980"
  },
  {
    "message_referrer": "https://accounts.spotify.com/",
    "timestamp_utc": "2024-01-24T19:49:18.728Z",
    "context_application_version": "1.0.0.1",
    "context_conn_country": "IN",
    "context_receiver_service_timestamp": 1706125759624,
    "context_time": 1706125758728,
    "context_user_agent": "Mozilla/5.0 (Linux; Android 10; K) AppleWebKit/537.36 (KHTML, like Gecko) Chrome/120.0.0.0 Mobile Safari/537.36",
    "message_action": "exposure",
    "message_category": null,
    "message_context": "sam",
    "message_label": "sam-account-widget|Spotify Free",
    "message_market": "in-en",
    "message_sp_t": "51035e8bd357086765ad949b03ee1715"
  },
  {
    "message_referrer": "",
    "timestamp_utc": "2024-05-28T18:59:30.246Z",
    "context_application_version": "1.0.0.1",
    "context_conn_country": "IN",
    "context_receiver_service_timestamp": 1716922771301,
    "context_time": 1716922770246,
    "context_user_agent": "Mozilla/5.0 (Windows NT 10.0; Win64; x64) AppleWebKit/537.36 (KHTML, like Gecko) Chrome/125.0.0.0 Safari/537.36",
    "message_action": "page_load",
    "message_category": "/account/overview/",
    "message_context": "sam",
    "message_label": null,
    "message_market": "in-en",
    "message_sp_t": "5a9d9b0f-ea7a-4dd8-bd22-a1af03f64980"
  },
  {
    "message_referrer": "https://open.spotify.com/",
    "timestamp_utc": "2024-06-04T23:21:50.280Z",
    "context_application_version": "1.0.0.1",
    "context_conn_country": "IN",
    "context_receiver_service_timestamp": 1717543311021,
    "context_time": 1717543310280,
    "context_user_agent": "Mozilla/5.0 (Windows NT 10.0; Win64; x64) AppleWebKit/537.36 (KHTML, like Gecko) Chrome/125.0.0.0 Safari/537.36",
    "message_action": "exposure",
    "message_category": null,
    "message_context": "sam",
    "message_label": "sam-shortcut-widget|join-premium",
    "message_market": "in-en",
    "message_sp_t": "5a9d9b0f-ea7a-4dd8-bd22-a1af03f64980"
  },
  {
    "message_referrer": "https://open.spotify.com/",
    "timestamp_utc": "2024-06-04T23:20:16.682Z",
    "context_application_version": "1.0.0.1",
    "context_conn_country": "IN",
    "context_receiver_service_timestamp": 1717543217421,
    "context_time": 1717543216682,
    "context_user_agent": "Mozilla/5.0 (Windows NT 10.0; Win64; x64) AppleWebKit/537.36 (KHTML, like Gecko) Chrome/125.0.0.0 Safari/537.36",
    "message_action": "page_load",
    "message_category": "/account/overview/",
    "message_context": "sam",
    "message_label": null,
    "message_market": "in-en",
    "message_sp_t": "5a9d9b0f-ea7a-4dd8-bd22-a1af03f64980"
  },
  {
    "message_referrer": "https://accounts.spotify.com/",
    "timestamp_utc": "2024-02-28T18:52:17.482Z",
    "context_application_version": "1.0.0.1",
    "context_conn_country": "IN",
    "context_receiver_service_timestamp": 1709146338843,
    "context_time": 1709146337482,
    "context_user_agent": "Mozilla/5.0 (Linux; Android 10; K) AppleWebKit/537.36 (KHTML, like Gecko) Chrome/121.0.0.0 Mobile Safari/537.36",
    "message_action": "exposure",
    "message_category": null,
    "message_context": "sam",
    "message_label": "sam-account-widget|Spotify Free",
    "message_market": "in-en",
    "message_sp_t": "51035e8bd357086765ad949b03ee1715"
  }
]