[
  {
    "timestamp_utc": "2024-05-28T20:26:52.382Z",
    "context_application_version": "web-player_2024-05-28_1716920683435_8d51a66",
    "context_conn_country": "IN",
    "context_receiver_service_timestamp": 1716928021944,
    "context_time": 1716928012382,
    "context_user_agent": "Mozilla/5.0 (Windows NT 10.0; Win64; x64) AppleWebKit/537.36 (KHTML, like Gecko) Chrome/125.0.0.0 Safari/537.36",
    "message_action": "episode_page_visit",
    "message_category": "episode_ilr_exposures",
    "message_context": "spotify:episode:19ucngYCiUjjaNXHVAYzMg|[]",
    "message_country": "IN",
    "message_destination_url": null,
    "message_label": "dwp",
    "message_os": "Windows",
    "message_sp_t": "5a9d9b0f-ea7a-4dd8-bd22-a1af03f64980",
    "message_variant": "control"
  },
  {
    "timestamp_utc": "2024-05-28T20:49:10.698Z",
    "context_application_version": "web-player_2024-05-28_1716920683435_8d51a66",
    "context_conn_country": "IN",
    "context_receiver_service_timestamp": 1716929352947,
    "context_time": 1716929350698,
    "context_user_agent": "Mozilla/5.0 (Windows NT 10.0; Win64; x64) AppleWebKit/537.36 (KHTML, like Gecko) Chrome/125.0.0.0 Safari/537.36",
    "message_action": "episode_page_visit",
    "message_category": "episode_ilr_exposures",
    "message_context": "spotify:episode:19ucngYCiUjjaNXHVAYzMg|[]",
    "message_country": "IN",
    "message_destination_url": null,
    "message_label": "dwp",
    "message_os": "Windows",
    "message_sp_t": "5a9d9b0f-ea7a-4dd8-bd22-a1af03f64980",
    "message_variant": "control"
  },
  {
    "timestamp_utc": "2024-03-21T19:10:52.296Z",
    "context_application_version": "web-player_2024-03-21_1711037534877_8b9e0da",
    "context_conn_country": "IN",
    "context_receiver_service_timestamp": 1711048261099,
    "context_time": 1711048252296,
    "context_user_agent": "Mozilla/5.0 (Windows NT 10.0; Win64; x64) AppleWebKit/537.36 (KHTML, like Gecko) Chrome/123.0.0.0 Safari/537.36",
    "message_action": "playlist_page_visit",
    "message_category": "rpp_exposures",
    "message_context": "spotify:playlist:3oK2pZZvkoK4EqYee9nxz8|spotify:track:3JWVwlr9TfKMdlBdKPYlKT,spotify:track:0HmdJcaYT0zSaLa9tTRMpF,spotify:track:18n4OsNX37mGGZ2OJcDiTf,spotify:track:33um52gi8jK8lCMid2U8cM,spotify:track:7GHA7VIzFaXRuFzOhno8Mc,spotify:track:6ZTso47mJa9a4Gppu3do8Q,spotify:track:4Ko5KYEiZ0rrFiBJKmvMQc,spotify:track:6IpRsKNb71BitzSfWW26Zp,spotify:track:2xZY3J3wjk2aGvp5vFG3fx,spotify:track:6umdxHrwJBf2Ij41pwJaMQ",
    "message_country": "IN",
    "message_destination_url": null,
    "message_label": "dwp",
    "message_os": "Windows",
    "message_sp_t": "5a9d9b0f-ea7a-4dd8-bd22-a1af03f64980",
    "message_variant": "default"
  },
  {
    "timestamp_utc": "2024-06-02T00:35:24.165Z",
    "context_application_version": "web-player_2024-06-01_1717222596883_3f8e445",
    "context_conn_country": "IN",
    "context_receiver_service_timestamp": 1717288531729,
    "context_time": 1717288524165,
    "context_user_agent": "Mozilla/5.0 (Windows NT 10.0; Win64; x64) AppleWebKit/537.36 (KHTML, like Gecko) Chrome/125.0.0.0 Safari/537.36",
    "message_action": "track_page_exposures",
    "message_category": "track_page_exposures",
    "message_context": "{\"exposure\":\"ineligible\",\"product\":\"free\"}",
    "message_country": "IN",
    "message_destination_url": null,
    "message_label": "dwp",
    "message_os": "Windows",
    "message_sp_t": "5a9d9b0f-ea7a-4dd8-bd22-a1af03f64980",
    "message_variant": "default"
  },
  {
    "timestamp_utc": "2024-03-21T19:10:46.757Z",
    "context_application_version": "web-player_2024-03-21_1711037534877_8b9e0da",
    "context_conn_country": "IN",
    "context_receiver_service_timestamp": 1711048251577,
    "context_time": 1711048246757,
    "context_user_agent": "Mozilla/5.0 (Windows NT 10.0; Win64; x64) AppleWebKit/537.36 (KHTML, like Gecko) Chrome/123.0.0.0 Safari/537.36",
    "message_action": "playlist_page_visit",
    "message_category": "rpp_exposures",
    "message_context": "spotify:playlist:3klHoHnflXy95Y8x4d3NIZ",
    "message_country": "IN",
    "message_destination_url": null,
    "message_label": "dwp",
    "message_os": "Windows",
    "message_sp_t": "5a9d9b0f-ea7a-4dd8-bd22-a1af03f64980",
    "message_variant": "default"
  },
  {
    "timestamp_utc": "2024-05-31T18:07:05.611Z",
    "context_application_version": "web-player_2024-05-31_1717175061327_2f4b769",
    "context_conn_country": "IN",
    "context_receiver_service_timestamp": 1717178827967,
    "context_time": 1717178825611,
    "context_user_agent": "Mozilla/5.0 (Windows NT 10.0; Win64; x64) AppleWebKit/537.36 (KHTML, like Gecko) Chrome/125.0.0.0 Safari/537.36",
    "message_action": "track_page_exposures",
    "message_category": "track_page_exposures",
    "message_context": "{\"exposure\":\"ineligible\",\"product\":\"free\"}",
    "message_country": "IN",
    "message_destination_url": null,
    "message_label": "dwp",
    "message_os": "Windows",
    "message_sp_t": "5a9d9b0f-ea7a-4dd8-bd22-a1af03f64980",
    "message_variant": "default"
  },
  {
    "timestamp_utc": "2024-05-28T20:17:39.453Z",
    "context_application_version": "web-player_2024-05-28_1716920683435_8d51a66",
    "context_conn_country": "IN",
    "context_receiver_service_timestamp": 1716927461985,
    "context_time": 1716927459453,
    "context_user_agent": "Mozilla/5.0 (Windows NT 10.0; Win64; x64) AppleWebKit/537.36 (KHTML, like Gecko) Chrome/125.0.0.0 Safari/537.36",
    "message_action": "episode_page_visit",
    "message_category": "episode_ilr_exposures",
    "message_context": "spotify:episode:19ucngYCiUjjaNXHVAYzMg|[]",
    "message_country": "IN",
    "message_destination_url": null,
    "message_label": "dwp",
    "message_os": "Windows",
    "message_sp_t": "5a9d9b0f-ea7a-4dd8-bd22-a1af03f64980",
    "message_variant": "control"
  },
  {
    "timestamp_utc": "2024-05-28T20:17:39.476Z",
    "context_application_version": "web-player_2024-05-28_1716920683435_8d51a66",
    "context_conn_country": "IN",
    "context_receiver_service_timestamp": 1716927461985,
    "context_time": 1716927459476,
    "context_user_agent": "Mozilla/5.0 (Windows NT 10.0; Win64; x64) AppleWebKit/537.36 (KHTML, like Gecko) Chrome/125.0.0.0 Safari/537.36",
    "message_action": "episode_page_visit",
    "message_category": "episode_ilr_exposures",
    "message_context": "spotify:episode:19ucngYCiUjjaNXHVAYzMg|[]",
    "message_country": "IN",
    "message_destination_url": null,
    "message_label": "dwp",
    "message_os": "Windows",
    "message_sp_t": "5a9d9b0f-ea7a-4dd8-bd22-a1af03f64980",
    "message_variant": "control"
  },
  {
    "timestamp_utc": "2024-05-28T20:17:39.725Z",
    "context_application_version": "web-player_2024-05-28_1716920683435_8d51a66",
    "context_conn_country": "IN",
    "context_receiver_service_timestamp": 1716927461985,
    "context_time": 1716927459725,
    "context_user_agent": "Mozilla/5.0 (Windows NT 10.0; Win64; x64) AppleWebKit/537.36 (KHTML, like Gecko) Chrome/125.0.0.0 Safari/537.36",
    "message_action": "episode_page_visit",
    "message_category": "episode_ilr_exposures",
    "message_context": "spotify:episode:19ucngYCiUjjaNXHVAYzMg|[]",
    "message_country": "IN",
    "message_destination_url": null,
    "message_label": "dwp",
    "message_os": "Windows",
    "message_sp_t": "5a9d9b0f-ea7a-4dd8-bd22-a1af03f64980",
    "message_variant": "control"
  },
  {
    "timestamp_utc": "2024-05-28T20:17:39.719Z",
    "context_application_version": "web-player_2024-05-28_1716920683435_8d51a66",
    "context_conn_country": "IN",
    "context_receiver_service_timestamp": 1716927461985,
    "context_time": 1716927459719,
    "context_user_agent": "Mozilla/5.0 (Windows NT 10.0; Win64; x64) AppleWebKit/537.36 (KHTML, like Gecko) Chrome/125.0.0.0 Safari/537.36",
    "message_action": "episode_page_visit",
    "message_category": "episode_ilr_exposures",
    "message_context": "spotify:episode:19ucngYCiUjjaNXHVAYzMg|[]",
    "message_country": "IN",
    "message_destination_url": null,
    "message_label": "dwp",
    "message_os": "Windows",
    "message_sp_t": "5a9d9b0f-ea7a-4dd8-bd22-a1af03f64980",
    "message_variant": "control"
  },
  {
    "timestamp_utc": "2024-05-28T20:54:24.444Z",
    "context_application_version": "web-player_2024-05-28_1716920683435_8d51a66",
    "context_conn_country": "IN",
    "context_receiver_service_timestamp": 1717178798067,
    "context_time": 1716929664444,
    "context_user_agent": "Mozilla/5.0 (Windows NT 10.0; Win64; x64) AppleWebKit/537.36 (KHTML, like Gecko) Chrome/125.0.0.0 Safari/537.36",
    "message_action": "episode_page_visit",
    "message_category": "episode_ilr_exposures",
    "message_context": "spotify:episode:19ucngYCiUjjaNXHVAYzMg|[]",
    "message_country": "IN",
    "message_destination_url": null,
    "message_label": "dwp",
    "message_os": "Windows",
    "message_sp_t": "5a9d9b0f-ea7a-4dd8-bd22-a1af03f64980",
    "message_variant": "control"
  },
  {
    "timestamp_utc": "2024-05-28T20:26:42.749Z",
    "context_application_version": "web-player_2024-05-28_1716920683435_8d51a66",
    "context_conn_country": "IN",
    "context_receiver_service_timestamp": 1716928011934,
    "context_time": 1716928002749,
    "context_user_agent": "Mozilla/5.0 (Windows NT 10.0; Win64; x64) AppleWebKit/537.36 (KHTML, like Gecko) Chrome/125.0.0.0 Safari/537.36",
    "message_action": "episode_page_visit",
    "message_category": "episode_ilr_exposures",
    "message_context": "spotify:episode:19ucngYCiUjjaNXHVAYzMg|[]",
    "message_country": "IN",
    "message_destination_url": null,
    "message_label": "dwp",
    "message_os": "Windows",
    "message_sp_t": "5a9d9b0f-ea7a-4dd8-bd22-a1af03f64980",
    "message_variant": "control"
  },
  {
    "timestamp_utc": "2024-03-30T18:38:17.210Z",
    "context_application_version": "web-player_2024-03-30_1711805820169_c06b23b",
    "context_conn_country": "IN",
    "context_receiver_service_timestamp": 1711823899411,
    "context_time": 1711823897210,
    "context_user_agent": "Mozilla/5.0 (Windows NT 10.0; Win64; x64) AppleWebKit/537.36 (KHTML, like Gecko) Chrome/123.0.0.0 Safari/537.36",
    "message_action": "playlist_page_visit",
    "message_category": "rpp_exposures",
    "message_context": "spotify:playlist:3klHoHnflXy95Y8x4d3NIZ",
    "message_country": "IN",
    "message_destination_url": null,
    "message_label": "dwp",
    "message_os": "Windows",
    "message_sp_t": "5a9d9b0f-ea7a-4dd8-bd22-a1af03f64980",
    "message_variant": "default"
  },
  {
    "timestamp_utc": "2024-06-05T08:56:48.966Z",
    "context_application_version": "web-player_2024-06-05_1717574642367_803fa17",
    "context_conn_country": "IN",
    "context_receiver_service_timestamp": 1717577815719,
    "context_time": 1717577808966,
    "context_user_agent": "Mozilla/5.0 (Windows NT 10.0; Win64; x64) AppleWebKit/537.36 (KHTML, like Gecko) Chrome/125.0.0.0 Safari/537.36",
    "message_action": "track_page_exposures",
    "message_category": "track_page_exposures",
    "message_context": "{\"exposure\":\"ineligible\",\"product\":\"free\"}",
    "message_country": "IN",
    "message_destination_url": null,
    "message_label": "dwp",
    "message_os": "Windows",
    "message_sp_t": "5a9d9b0f-ea7a-4dd8-bd22-a1af03f64980",
    "message_variant": "default"
  }
]