[
  {
    "timestamp_utc": "2024-03-04T18:51:06.188Z",
    "context_application_version": "8.7.20.1261",
    "context_conn_country": "IN",
    "context_device_manufacturer": "LENOVO",
    "context_device_model": "Lenovo TB-8504X",
    "context_device_type": null,
    "context_os_name": "android",
    "context_os_version": "8.1.0",
    "context_receiver_service_timestamp": 1709578294166,
    "context_time": 1709578266188,
    "message_authentication_method": "magiclink_login",
    "message_authentication_type": "token_login",
    "message_registration": false
  },
  {
    "timestamp_utc": "2024-02-28T18:56:21.463Z",
    "context_application_version": "8.7.20.1261",
    "context_conn_country": "IN",
    "context_device_manufacturer": "realme",
    "context_device_model": "RMX3392",
    "context_device_type": null,
    "context_os_name": "android",
    "context_os_version": "13",
    "context_receiver_service_timestamp": 1709146612531,
    "context_time": 1709146581463,
    "message_authentication_method": "email_login",
    "message_authentication_type": "email_login",
    "message_registration": false
  },
  {
    "timestamp_utc": "2024-03-20T19:30:59.224Z",
    "context_application_version": "8.7.20.1261",
    "context_conn_country": "IN",
    "context_device_manufacturer": "realme",
    "context_device_model": "RMX3392",
    "context_device_type": "mobile",
    "context_os_name": "android",
    "context_os_version": "13",
    "context_receiver_service_timestamp": 1710963086226,
    "context_time": 1710963059224,
    "message_authentication_method": "email_login",
    "message_authentication_type": "email_login",
    "message_registration": false
  },
  {
    "timestamp_utc": "2024-01-24T19:49:37.047Z",
    "context_application_version": "8.7.20.1261",
    "context_conn_country": "IN",
    "context_device_manufacturer": "realme",
    "context_device_model": "RMX3392",
    "context_device_type": null,
    "context_os_name": "android",
    "context_os_version": "13",
    "context_receiver_service_timestamp": 1706125779423,
    "context_time": 1706125777047,
    "message_authentication_method": "email_login",
    "message_authentication_type": "email_login",
    "message_registration": false
  }
]