[
  {
    "message_http_referer": null,
    "message_referrer": null,
    "timestamp_utc": "2024-05-28T18:59:29.650Z",
    "context_time": 1716922769650,
    "message_context": "account-overview-hero",
    "message_error_code": null,
    "message_feature": "feature.pricechange",
    "message_market": "in-en",
    "message_step": "IMPRESSION",
    "message_type": "FAILURE"
  },
  {
    "message_http_referer": null,
    "message_referrer": null,
    "timestamp_utc": "2024-06-04T23:21:50.328Z",
    "context_time": 1717543310328,
    "message_context": "account-overview-hero",
    "message_error_code": null,
    "message_feature": "feature.pricechange",
    "message_market": "in-en",
    "message_step": "IMPRESSION",
    "message_type": "FAILURE"
  },
  {
    "message_http_referer": null,
    "message_referrer": null,
    "timestamp_utc": "2024-01-24T19:49:17.939Z",
    "context_time": 1706125757939,
    "message_context": "account-overview-hero",
    "message_error_code": null,
    "message_feature": "feature.pricechange",
    "message_market": "in-en",
    "message_step": "IMPRESSION",
    "message_type": "FAILURE"
  },
  {
    "message_http_referer": null,
    "message_referrer": null,
    "timestamp_utc": "2024-04-18T06:05:25.978Z",
    "context_time": 1713420325978,
    "message_context": "account-overview-hero",
    "message_error_code": null,
    "message_feature": "feature.pricechange",
    "message_market": "in-en",
    "message_step": "IMPRESSION",
    "message_type": "FAILURE"
  },
  {
    "message_http_referer": null,
    "message_referrer": null,
    "timestamp_utc": "2024-06-04T23:20:16.257Z",
    "context_time": 1717543216257,
    "message_context": "account-overview-hero",
    "message_error_code": null,
    "message_feature": "feature.pricechange",
    "message_market": "in-en",
    "message_step": "IMPRESSION",
    "message_type": "FAILURE"
  },
  {
    "message_http_referer": null,
    "message_referrer": null,
    "timestamp_utc": "2024-04-20T08:55:29.030Z",
    "context_time": 1713603329030,
    "message_context": "account-overview-hero",
    "message_error_code": null,
    "message_feature": "feature.pricechange",
    "message_market": "in-en",
    "message_step": "IMPRESSION",
    "message_type": "INIT"
  },
  {
    "message_http_referer": null,
    "message_referrer": null,
    "timestamp_utc": "2024-05-28T18:59:41.190Z",
    "context_time": 1716922781190,
    "message_context": "account-overview-hero",
    "message_error_code": null,
    "message_feature": "feature.pricechange",
    "message_market": "in-en",
    "message_step": "IMPRESSION",
    "message_type": "INIT"
  },
  {
    "message_http_referer": null,
    "message_referrer": null,
    "timestamp_utc": "2024-02-28T18:52:17.208Z",
    "context_time": 1709146337208,
    "message_context": "account-overview-hero",
    "message_error_code": null,
    "message_feature": "feature.pricechange",
    "message_market": "in-en",
    "message_step": "IMPRESSION",
    "message_type": "INIT"
  },
  {
    "message_http_referer": null,
    "message_referrer": null,
    "timestamp_utc": "2024-01-24T19:49:17.937Z",
    "context_time": 1706125757937,
    "message_context": "account-overview-hero",
    "message_error_code": null,
    "message_feature": "feature.pricechange",
    "message_market": "in-en",
    "message_step": "IMPRESSION",
    "message_type": "INIT"
  },
  {
    "message_http_referer": null,
    "message_referrer": null,
    "timestamp_utc": "2024-05-28T18:59:29.648Z",
    "context_time": 1716922769648,
    "message_context": "account-overview-hero",
    "message_error_code": null,
    "message_feature": "feature.pricechange",
    "message_market": "in-en",
    "message_step": "IMPRESSION",
    "message_type": "INIT"
  },
  {
    "message_http_referer": null,
    "message_referrer": null,
    "timestamp_utc": "2024-03-21T19:08:55.231Z",
    "context_time": 1711048135231,
    "message_context": "account-overview-hero",
    "message_error_code": null,
    "message_feature": "feature.pricechange",
    "message_market": "in-en",
    "message_step": "IMPRESSION",
    "message_type": "INIT"
  },
  {
    "message_http_referer": null,
    "message_referrer": null,
    "timestamp_utc": "2024-06-04T23:21:50.326Z",
    "context_time": 1717543310326,
    "message_context": "account-overview-hero",
    "message_error_code": null,
    "message_feature": "feature.pricechange",
    "message_market": "in-en",
    "message_step": "IMPRESSION",
    "message_type": "INIT"
  },
  {
    "message_http_referer": null,
    "message_referrer": null,
    "timestamp_utc": "2024-04-20T08:55:29.032Z",
    "context_time": 1713603329032,
    "message_context": "account-overview-hero",
    "message_error_code": null,
    "message_feature": "feature.pricechange",
    "message_market": "in-en",
    "message_step": "IMPRESSION",
    "message_type": "FAILURE"
  },
  {
    "message_http_referer": null,
    "message_referrer": null,
    "timestamp_utc": "2024-05-28T18:59:41.192Z",
    "context_time": 1716922781192,
    "message_context": "account-overview-hero",
    "message_error_code": null,
    "message_feature": "feature.pricechange",
    "message_market": "in-en",
    "message_step": "IMPRESSION",
    "message_type": "FAILURE"
  },
  {
    "message_http_referer": null,
    "message_referrer": null,
    "timestamp_utc": "2024-04-18T06:05:25.976Z",
    "context_time": 1713420325976,
    "message_context": "account-overview-hero",
    "message_error_code": null,
    "message_feature": "feature.pricechange",
    "message_market": "in-en",
    "message_step": "IMPRESSION",
    "message_type": "INIT"
  },
  {
    "message_http_referer": null,
    "message_referrer": null,
    "timestamp_utc": "2024-02-28T18:52:17.210Z",
    "context_time": 1709146337210,
    "message_context": "account-overview-hero",
    "message_error_code": null,
    "message_feature": "feature.pricechange",
    "message_market": "in-en",
    "message_step": "IMPRESSION",
    "message_type": "FAILURE"
  },
  {
    "message_http_referer": null,
    "message_referrer": null,
    "timestamp_utc": "2024-03-21T19:08:55.233Z",
    "context_time": 1711048135233,
    "message_context": "account-overview-hero",
    "message_error_code": null,
    "message_feature": "feature.pricechange",
    "message_market": "in-en",
    "message_step": "IMPRESSION",
    "message_type": "FAILURE"
  },
  {
    "message_http_referer": null,
    "message_referrer": null,
    "timestamp_utc": "2024-06-04T23:20:16.254Z",
    "context_time": 1717543216254,
    "message_context": "account-overview-hero",
    "message_error_code": null,
    "message_feature": "feature.pricechange",
    "message_market": "in-en",
    "message_step": "IMPRESSION",
    "message_type": "INIT"
  }
]